track_id,song_id,artist_id,artist_name,song_title,genre,dot_1,dot_2,dot_3,centered_1,centered_2,centered_3,corr_1,corr_2,corr_3,cosine_1,cosine_2,cosine_3,tfidf_dot_1,tfidf_dot_2,tfidf_dot_3,tfidf_centered_1,tfidf_centered_2,tfidf_centered_3,tfidf_corr_1,tfidf_corr_2,tfidf_corr_3,tfidf_cosine_1,tfidf_cosine_2,tfidf_cosine_3
TRVYEUW128F148C08D,SOFCCWD12AF72A6BC0,ARXPPEY1187FB51DF4,Michael Jackson,All The Things You Are,blues,Lauryn Hill - Interlude 5,Twista - I'm A Winner (Amended Album Version),Katy Perry - Hot N Cold (Innerpartysystem Main),Lauryn Hill - Interlude 5,Twista - I'm A Winner (Amended Album Version),Katy Perry - Hot N Cold (Innerpartysystem Main),Tony Bennett - You're All The World To Me,Patricia Barber - You're The Top,Husker Du - You're A Soldier,Tony Bennett - You're All The World To Me,Patricia Barber - You're The Top,Husker Du - You're A Soldier,Aqua - Happy Boys & Girls,Flipsyde - Angel,Cathy Dennis - Being With You,Aqua - Happy Boys & Girls,Cathy Dennis - Being With You,Michael Jackson - Baby Be Mine,Colin James - These Arms Of Mine,Big Bad Voodoo Daddy - Please Baby,Michael Jackson - Baby Be Mine,Colin James - These Arms Of Mine,Big Bad Voodoo Daddy - Please Baby,Michael Jackson - Baby Be Mine
TRCXKPC128F92FD04C,SOEFNXT12AB017E829,ARZENOX1187B98A645,John Mayer,Vultures,blues,Beastie Boys - B-Boy Bouillabaisse: A.W.O.L. (2009 Digital Remaster),Lauryn Hill - Interlude 5,R. Kelly - I Mean (I Don't Mean It),R. Kelly - I Mean (I Don't Mean It),Beastie Boys - B-Boy Bouillabaisse: A.W.O.L. (2009 Digital Remaster),Eminem - 8 Mile,Naked Aggression - Plastic World,Ozma - The Ups And Downs,Sage Francis - Keep Moving,Naked Aggression - Plastic World,Ozma - The Ups And Downs,Sage Francis - Keep Moving,Lauryn Hill - Interlude 5,Beastie Boys - B-Boy Bouillabaisse: A.W.O.L. (2009 Digital Remaster),Binary Star - Honest Expression,Matisyahu - Fire and Heights,OutKast - Mainstream,Barry White - Never Gonna Give You Up,Barry White - Never Gonna Give You Up,Matisyahu - Fire and Heights,Matisyahu - Jerusalem,Matisyahu - Fire and Heights,Barry White - Never Gonna Give You Up,Matisyahu - Jerusalem
TRMMALW128F92FD049,SOVUCRS12A58A7D207,ARZENOX1187B98A645,John Mayer,Out Of My Mind,blues,Lauryn Hill - Interlude 5,Beastie Boys - B-Boy Bouillabaisse: A.W.O.L. (2009 Digital Remaster),Twista - I'm A Winner (Amended Album Version),Lauryn Hill - Interlude 5,Twista - I'm A Winner (Amended Album Version),Beastie Boys - B-Boy Bouillabaisse: A.W.O.L. (2009 Digital Remaster),Fat Joe - Preacher On A Sunday Morning,Calvin Harris - Ready For The Weekend,KATAKLYSM - Beyond Salvation,Fat Joe - Preacher On A Sunday Morning,Calvin Harris - Ready For The Weekend,KATAKLYSM - Beyond Salvation,Lauryn Hill - Interlude 5,Eminem - If I Had,Beastie Boys - B-Boy Bouillabaisse: A.W.O.L. (2009 Digital Remaster),Eminem - If I Had,Lauryn Hill - Interlude 5,Nelly - Say Now,Heatmiser - Half Right,Pop Levi - Hades Lady,Camper Van Beethoven - Sad Lover's Waltz,Heatmiser - Half Right,Eminem - If I Had,Gary Allan - Half Of My Mistakes
TRJWAJC128F9327C4F,SORMDVX12AB01816AA,ARLMXEA1187B9A7D04,R. Kelly,Hump Bounce,blues,Lauryn Hill - Interlude 5,Beastie Boys - B-Boy Bouillabaisse: A.W.O.L. (2009 Digital Remaster),Erykah Badu - I Want You,Lauryn Hill - Interlude 5,Beastie Boys - B-Boy Bouillabaisse: A.W.O.L. (2009 Digital Remaster),Erykah Badu - I Want You,The Derek Trucks Band - All I Do,Avalon - Overjoyed,Billie Piper - Day And Night,The Derek Trucks Band - All I Do,Avalon - Overjoyed,Billie Piper - Day And Night,Dilated Peoples - Ear Drums Pop,Ying Yang Twins - 1st Booty On Duty,Beastie Boys - B-Boy Bouillabaisse: A.W.O.L. (2009 Digital Remaster),Dilated Peoples - Ear Drums Pop,Afroman - Let's All Get Drunk,Ying Yang Twins - 1st Booty On Duty,Bowling For Soup - Here We Go,Wade Hayes - Don't Stop,The Adicts - Disco,Bowling For Soup - Here We Go,Wade Hayes - Don't Stop,UB40 - Here I Am (Come And Take Me)
TRPEBTH128F9327C4D,SOYTJAC12AF729F49D,ARLMXEA1187B9A7D04,R. Kelly,Intro - The Sermon,blues,Lauryn Hill - Interlude 5,Beastie Boys - B-Boy Bouillabaisse: A.W.O.L. (2009 Digital Remaster),Twista - I'm A Winner (Amended Album Version),Lauryn Hill - Interlude 5,Beastie Boys - B-Boy Bouillabaisse: A.W.O.L. (2009 Digital Remaster),Twista - I'm A Winner (Amended Album Version),Blues Traveler - Hook,G-Unit - I Don't Want To Talk About It,Beastie Boys - B-Boy Bouillabaisse: A.W.O.L. (2009 Digital Remaster),Beastie Boys - B-Boy Bouillabaisse: A.W.O.L. (2009 Digital Remaster),Blues Traveler - Hook,G-Unit - I Don't Want To Talk About It,Lauryn Hill - Interlude 5,Michael Jackson - Man In The Mirror,Binary Star - Honest Expression,Michael Jackson - Man In The Mirror,Lauryn Hill - Interlude 5,Binary Star - Honest Expression,Jennifer Lopez - The Way It Is,Beastie Boys - Pass The Mic (Pt. 2_ Skills To Pay The Bills) (2009 Digital Remaster),Fiona Apple - Oh Well,Beastie Boys - Pass The Mic (Pt. 2_ Skills To Pay The Bills) (2009 Digital Remaster),Lauryn Hill - Interlude 5,Jennifer Lopez - The Way It Is
TRNWHUD128F932E304,SOXUKQZ12AB01860EE,ARXPPEY1187FB51DF4,Michael Jackson,Call On Me,blues,Lauryn Hill - Interlude 5,Twista - I'm A Winner (Amended Album Version),Beastie Boys - B-Boy Bouillabaisse: A.W.O.L. (2009 Digital Remaster),Lauryn Hill - Interlude 5,Twista - I'm A Winner (Amended Album Version),Erykah Badu - I Want You,Albert Hammond Jr - G Up,Anastacia - Club Megamix,Blues Traveler - Hook,Albert Hammond Jr - G Up,Anastacia - Club Megamix,Blues Traveler - Hook,Lauryn Hill - Interlude 5,Beastie Boys - B-Boy Bouillabaisse: A.W.O.L. (2009 Digital Remaster),Ryan Leslie - Just Right,Ryan Leslie - Just Right,Omarion - I'm Gon' Change,Eternal - Oh Baby I,Ryan Leslie - Just Right,Eternal - Oh Baby I,Matt Wertz - 5:19,Ryan Leslie - Just Right,Eternal - Oh Baby I,Matt Wertz - 5:19
TRFGGSX128F427A723,SOIBZAN12D02191BAF,ARS8GNX1187B9B5141,The Black Keys,Oceans and Streams,blues,Lauryn Hill - Interlude 5,Beastie Boys - B-Boy Bouillabaisse: A.W.O.L. (2009 Digital Remaster),Eminem - 8 Mile,Lauryn Hill - Interlude 5,Beastie Boys - B-Boy Bouillabaisse: A.W.O.L. (2009 Digital Remaster),Eminem - 8 Mile,Manafest - Runaway,The Cat Empire - The Car Song,Ballboy - I Don't Have Time To Stand Here With You Fighting About The Size Of My Dick,Manafest - Runaway,The Cat Empire - The Car Song,Ballboy - I Don't Have Time To Stand Here With You Fighting About The Size Of My Dick,Eminem - 8 Mile,Michael Jackson - Man In The Mirror,Wu-Tang Clan - Da Mystery Of Chessboxin',Michael Jackson - Man In The Mirror,Gabrielle - Dreams,Pennywise - Living For Today,Udo - What Can I Say,Gabrielle - Dreams,Lemar - Time To Grow,Udo - What Can I Say,Lemar - Time To Grow,Gabrielle - Dreams
TRPTCMZ128F9340B09,SOLKOOO12AB018794A,ARS8GNX1187B9B5141,The Black Keys,10 A.M. Automatic,blues,Lauryn Hill - Interlude 5,Twista - I'm A Winner (Amended Album Version),Michael Jackson - Man In The Mirror,Lauryn Hill - Interlude 5,Twista - I'm A Winner (Amended Album Version),Michael Jackson - Man In The Mirror,Warrant - Bad Tattoo,Doyle Bramhall - Dimples,Ayo - Only You,Warrant - Bad Tattoo,Doyle Bramhall - Dimples,Ayo - Only You,Lauryn Hill - Interlude 5,OutKast - Hey Ya!,Twiztid - She Ain't Afraid,OutKast - Hey Ya!,Lauryn Hill - Interlude 5,Ledisi - Alright,Fishbone - Bonin' In The Boneyard,Johnny Winter - Rockin' Pneumonia,Percy Sledge - Baby Help Me,Fishbone - Bonin' In The Boneyard,Johnny Winter - Rockin' Pneumonia,Percy Sledge - Baby Help Me
TRVKLGW12903CB4523,SOZCSPA12AB0185672,ARS8GNX1187B9B5141,The Black Keys,Aeroplane Blues,blues,Lauryn Hill - Interlude 5,Beastie Boys - B-Boy Bouillabaisse: A.W.O.L. (2009 Digital Remaster),R. Kelly - I Mean (I Don't Mean It),R. Kelly - I Mean (I Don't Mean It),Beastie Boys - B-Boy Bouillabaisse: A.W.O.L. (2009 Digital Remaster),Kandi - I Wanna Know,Johnny Cash - I Don't Know Where I'm Bound,LMFAO - I Am Not A Whore,Sneaky Sound System - 16,Johnny Cash - I Don't Know Where I'm Bound,LMFAO - I Am Not A Whore,Sneaky Sound System - 16,The Pharcyde - Otha Fish,Eminem - 8 Mile,Beastie Boys - B-Boy Bouillabaisse: A.W.O.L. (2009 Digital Remaster),Tankard - Land Of The Free,Ziggy Marley And The Melody Makers - 13 Months Of Sunshine,The Pharcyde - Otha Fish,Ziggy Marley And The Melody Makers - 13 Months Of Sunshine,Jimmy Cliff - Sufferin' In The Land,Body Count - Masters Of Revenge,Ziggy Marley And The Melody Makers - 13 Months Of Sunshine,Jimmy Cliff - Sufferin' In The Land,The Cave Singers - Elephant Clouds
TRFBNZN128F9340B0E,SONGYFE12AB018562D,ARS8GNX1187B9B5141,The Black Keys,All Hands Against His Own,blues,Lauryn Hill - Interlude 5,Twista - I'm A Winner (Amended Album Version),Michael Jackson - Man In The Mirror,Lauryn Hill - Interlude 5,Twista - I'm A Winner (Amended Album Version),Eminem - My Darling,Brandy - Give Me You,Leonard Cohen - The Stranger Song,Athlete - New Project,Leonard Cohen - The Stranger Song,Brandy - Give Me You,Athlete - New Project,Lyfe Jennings - She Got Kids,Jill Scott - Brotha,Big Brovaz - Find A Way,Lyfe Jennings - She Got Kids,Jill Scott - Brotha,Slipknot - Gehenna,Gang Of Four - Outside The Trains Don't Run On Time,Jill Scott - Brotha,Blink-182 - GO,Gang Of Four - Outside The Trains Don't Run On Time,Jill Scott - Brotha,Blink-182 - GO
TRBYDKJ12903CA9D33,SOTXSMC12AB0182217,ARS8GNX1187B9B5141,The Black Keys,Black Door,blues,Kandi - I Wanna Know,Lauryn Hill - Interlude 5,Mario Vazquez - Everytime I...,Kandi - I Wanna Know,Lauryn Hill - Interlude 5,Mario Vazquez - Everytime I...,Kandi - I Wanna Know,Julia Fordham - Genius,Psapp - I Want That,Kandi - I Wanna Know,Julia Fordham - Genius,Psapp - I Want That,Masta Ace Incorporated - Jeep Ass Niguh,Michael Jackson - Man In The Mirror,The Donnas - Take Me To The Backseat (Album Version),Masta Ace Incorporated - Jeep Ass Niguh,Michael Jackson - Man In The Mirror,The Donnas - Take Me To The Backseat (Album Version),The Donnas - Take Me To The Backseat (Album Version),Eternal - Oh Baby I,Bad Brains - Don't Bother Me (Bad Brains),The Donnas - Take Me To The Backseat (Album Version),Masta Ace Incorporated - Jeep Ass Niguh,Eternal - Oh Baby I
TRWJKJK128F9338FEF,SOIFDQD12AB01822F5,ARS8GNX1187B9B5141,The Black Keys,Busted,blues,Lauryn Hill - Interlude 5,Twista - I'm A Winner (Amended Album Version),Erykah Badu - I Want You,Lauryn Hill - Interlude 5,Twista - I'm A Winner (Amended Album Version),Erykah Badu - I Want You,Bow Wow - Sunshine,The Clash - 1-2 Crush On You,Hawthorne Heights - Rescue Me,Bow Wow - Sunshine,The Clash - 1-2 Crush On You,Hawthorne Heights - Rescue Me,Beastie Boys - B-Boy Bouillabaisse: A.W.O.L. (2009 Digital Remaster),Lauryn Hill - Interlude 5,Onyx - Slam Harder,Keith Sweat - Caught Up,Onyx - Slam,Onyx - Slam Harder,Heideroosjes - If Trust Is Broken...,Keith Sweat - Caught Up,Bunny Wailer - Walk The Proud Land,Keith Sweat - Caught Up,Heideroosjes - If Trust Is Broken...,Jessica Simpson - These Boots Are Made For Walkin'
TRUULBP12903CA9D23,SORMOIW12AB01887F0,ARS8GNX1187B9B5141,The Black Keys,Give Your Heart Away,blues,Lauryn Hill - Interlude 5,Michael Jackson - Man In The Mirror,Beastie Boys - B-Boy Bouillabaisse: A.W.O.L. (2009 Digital Remaster),Michael Jackson - Man In The Mirror,Lauryn Hill - Interlude 5,Twista - I'm A Winner (Amended Album Version),Elton John - Heart In The Right Place,Kenny Rogers - Endless love,Dru Hill - Share My World,Elton John - Heart In The Right Place,Kenny Rogers - Endless love,Dru Hill - Share My World,Michael Jackson - Man In The Mirror,Brownstone - 5 Miles To Empty,Beastie Boys - B-Boy Bouillabaisse: A.W.O.L. (2009 Digital Remaster),Michael Jackson - Man In The Mirror,Brownstone - 5 Miles To Empty,Dru Hill - Share My World,Dru Hill - Share My World,Sean Lennon - One Night,Twenty 4 Seven - Take Me Away,Dru Hill - Share My World,Kelly Clarkson - Anytime,Sean Lennon - One Night
TRYYJHJ128F9340B19,SOKGVJH12A58A77920,ARS8GNX1187B9B5141,The Black Keys,Grown So Ugly,blues,Lauryn Hill - Interlude 5,Beastie Boys - B-Boy Bouillabaisse: A.W.O.L. (2009 Digital Remaster),Eminem - My Darling,Lauryn Hill - Interlude 5,Beastie Boys - B-Boy Bouillabaisse: A.W.O.L. (2009 Digital Remaster),Eminem - My Darling,Robert Johnson - 32 20 Blues,Robert Johnson - Kindhearted Woman Blues,Once Nothing - The Dust Of A Town,Robert Johnson - 32 20 Blues,Once Nothing - The Dust Of A Town,Jodeci - My Phone,Lauryn Hill - Interlude 5,Snoop Dogg - Snoopafella (Edited),DJ Quik - Safe + Sound,Snoop Dogg - Snoopafella (Edited),Mississippi Fred McDowell - Louise,Lauryn Hill - Interlude 5,Elmore James - Whose Muddy Shoes,Mississippi Fred McDowell - Louise,Snoop Dogg - Snoopafella (Edited),Elmore James - Whose Muddy Shoes,Mississippi Fred McDowell - Louise,Snoop Dogg - Snoopafella (Edited)
TRHHJCL12903CB44B7,SOFRWHG12A58A7DF46,ARS8GNX1187B9B5141,The Black Keys,Hard Row,blues,Lauryn Hill - Interlude 5,Twista - I'm A Winner (Amended Album Version),Michael Jackson - Man In The Mirror,Lauryn Hill - Interlude 5,Twista - I'm A Winner (Amended Album Version),Michael Jackson - Man In The Mirror,Dance Hall Crashers - Othello,Eyes Set to Kill - All You Ever Knew,The Acacia Strain - Skynet,Dance Hall Crashers - Othello,Eyes Set to Kill - All You Ever Knew,The Acacia Strain - Skynet,Michael Jackson - Man In The Mirror,Aceyalone - Mr. Outsider,Ty Herndon - Pray For Me,Michael Jackson - Man In The Mirror,Aceyalone - Mr. Outsider,The Jacksons - Enjoy Yourself,The Jacksons - Enjoy Yourself,Ella Fitzgerald - Let Yourself Go,Lighthouse Family - Whatever Gets You Through The Day,The Jacksons - Enjoy Yourself,Ella Fitzgerald - Let Yourself Go,Lighthouse Family - Whatever Gets You Through The Day
TRWZXDS128F427A71B,SOAJJDS12A8C13A3FB,ARS8GNX1187B9B5141,The Black Keys,I Got Mine,blues,Mario Vazquez - Everytime I...,Eminem - 8 Mile,Erykah Badu - I Want You,Mario Vazquez - Everytime I...,Erykah Badu - I Want You,Eminem - 8 Mile,Gary Moore - Ain't Nobody,Veronica Maggio - I staden växer inga blommor,Judy Garland - I Got Rhythm,Gary Moore - Ain't Nobody,Veronica Maggio - I staden växer inga blommor,Judy Garland - I Got Rhythm,The Maine - You Left Me,The Simpsons - Do The Bartman,Talib Kweli - A game,The Maine - You Left Me,Nina Simone - Nobody,Ashanti - Rock Wit U (Awww Baby),Fairground Attraction - Winter Rose,Big Bad Voodoo Daddy - Please Baby,Blind Willie McTell - Rollin' Mama Blues,Fairground Attraction - Winter Rose,Big Bad Voodoo Daddy - Please Baby,Blind Willie McTell - Rollin' Mama Blues
TRZDLWE12903CB44DE,SOURIRH12A58A7B408,ARS8GNX1187B9B5141,The Black Keys,If You See Me,blues,Twista - I'm A Winner (Amended Album Version),Lauryn Hill - Interlude 5,Erykah Badu - I Want You,Twista - I'm A Winner (Amended Album Version),Lauryn Hill - Interlude 5,Erykah Badu - I Want You,Ann Lee - Smooth & Sweet,Hafdis Huld - Plastic Halo,Ginuwine - Only When ur Lonely,Ann Lee - Smooth & Sweet,Hafdis Huld - Plastic Halo,Ginuwine - Only When ur Lonely,Michael Jackson - Man In The Mirror,Petey Pablo - Fool For Love,Redman - Soopaman Luva 3,Michael Jackson - Man In The Mirror,Katerine - Treat Me Like A Lady,Petey Pablo - Fool For Love,Katerine - Treat Me Like A Lady,Buddy Holly - Door To My Heart,Roy Orbison - Candy Man,Katerine - Treat Me Like A Lady,Buddy Holly - Door To My Heart,Jimmy Cliff - Treat The Youths Right
TRNZQVO128F427A71E,SOIQUSV12A8C13A402,ARS8GNX1187B9B5141,The Black Keys,Lies,blues,Lauryn Hill - Interlude 5,Beastie Boys - B-Boy Bouillabaisse: A.W.O.L. (2009 Digital Remaster),Twista - I'm A Winner (Amended Album Version),Lauryn Hill - Interlude 5,Twista - I'm A Winner (Amended Album Version),Beastie Boys - B-Boy Bouillabaisse: A.W.O.L. (2009 Digital Remaster),Pop Will Eat Itself - I've Always Been A Coward Baby,Das Ich - Lügen Und Das Ich,Linda Ronstadt - Lies  (LP Version),Pop Will Eat Itself - I've Always Been A Coward Baby,Das Ich - Lügen Und Das Ich,Linda Ronstadt - Lies  (LP Version),Ja Rule - One of Us,Lauryn Hill - Interlude 5,OutKast - Hey Ya!,OutKast - Hey Ya!,Johnny Winter - Blinded By Love,Warlock - Kiss Of Death,Public Image Ltd - Where Are You?,Utada - Crossover Interlude,Warlock - Kiss Of Death,Warlock - Kiss Of Death,Ian McCulloch - Close Your Eyes,Pop Will Eat Itself - I've Always Been A Coward Baby
TRAECHJ12903CC36DA,SOCQQSU12AB0185BF4,ARS8GNX1187B9B5141,The Black Keys,Next Girl,blues,Beastie Boys - B-Boy Bouillabaisse: A.W.O.L. (2009 Digital Remaster),Calvin Harris - The Girls,Eminem - 8 Mile,Beastie Boys - B-Boy Bouillabaisse: A.W.O.L. (2009 Digital Remaster),Calvin Harris - The Girls,Eminem - 8 Mile,Jesse Johnson - I Want My Girl,OTT - Be My Girl,The Jeff Healey Band - My Little Girl,Jesse Johnson - I Want My Girl,OTT - Be My Girl,The Jeff Healey Band - My Little Girl,Twiztid - She Ain't Afraid,Beastie Boys - B-Boy Bouillabaisse: A.W.O.L. (2009 Digital Remaster),Lauryn Hill - Interlude 5,Twiztid - She Ain't Afraid,Yerba Buena - Guajira (I Love U 2 Much),Eric B. & Rakim - What's On Your Mind,Frank Sinatra - The Girl That I Marry,Paul Potts - Cavatina,Frank Sinatra - The Girl Next Door,Frank Sinatra - The Girl That I Marry,Paul Potts - Cavatina,Frank Sinatra - The Girl Next Door
TRRVSIN128F9338FD5,SOSICNK12AB01876BB,ARS8GNX1187B9B5141,The Black Keys,No Fun,blues,Enrique Iglesias - Miss You,Tracey Ullman - Breakaway,Janis Joplin - Kozmic Blues,Enrique Iglesias - Miss You,Tracey Ullman - Breakaway,Janis Joplin - Kozmic Blues,The Stooges - No Fun (Remasterd LP Version),Yerba Buena - No No No,Mecano - La Estación,The Stooges - No Fun (Remasterd LP Version),Yerba Buena - No No No,Mecano - La Estación,The Stooges - No Fun (Remasterd LP Version),Cyndi Lauper - Girls Just Want To Have Fun,Young Jeezy - By The Way,The Stooges - No Fun (Remasterd LP Version),Cyndi Lauper - Girls Just Want To Have Fun,Devo - Time Out For Fun,The Stooges - No Fun (Remasterd LP Version),The Presets - Kicking And Screaming,Devo - Time Out For Fun,The Stooges - No Fun (Remasterd LP Version),The Presets - Kicking And Screaming,Devo - Time Out For Fun
TRYMMVG128F9340B1B,SOHKBXW12AB0185660,ARS8GNX1187B9B5141,The Black Keys,Stack Shot Billy,blues,Lauryn Hill - Interlude 5,Beastie Boys - B-Boy Bouillabaisse: A.W.O.L. (2009 Digital Remaster),The Pharcyde - Otha Fish,Lauryn Hill - Interlude 5,The Pharcyde - Otha Fish,Beastie Boys - B-Boy Bouillabaisse: A.W.O.L. (2009 Digital Remaster),George Jones - Who Shot Sam,Thursday - Unintended Long Term Effects,John Hiatt - Trudy And Dave,George Jones - Who Shot Sam,Thursday - Unintended Long Term Effects,John Hiatt - Trudy And Dave,Bob Dylan - Shot Of Love,Onyx - Face Down,Beastie Boys - B-Boy Bouillabaisse: A.W.O.L. (2009 Digital Remaster),Bob Dylan - Shot Of Love,Suicidal Tendencies - I Shot The Devil,Neil Young - Down By The River [Live At Massey Hall 1971],Suicidal Tendencies - I Shot The Devil,Neil Young - Down By The River [Live At Massey Hall 1971],Carbon Leaf - American Tale,Suicidal Tendencies - I Shot The Devil,Neil Young - Down By The River [Live At Massey Hall 1971],Bob Dylan - Shot Of Love
TRKSEEY12903CCD312,SOTEPSZ12AB018C99D,ARS8GNX1187B9B5141,The Black Keys,Ten Cent Pistol,blues,The Corrs - Queen Of Hollywood ( LP Version ),Twiztid - She Ain't Afraid,Lauryn Hill - Interlude 5,The Corrs - Queen Of Hollywood ( LP Version ),Twiztid - She Ain't Afraid,Beastie Boys - B-Boy Bouillabaisse: A.W.O.L. (2009 Digital Remaster),The Boomtown Rats - Diamond Smiles,The Corrs - Queen Of Hollywood ( LP Version ),Tracy Byrd - Right About Now,The Boomtown Rats - Diamond Smiles,The Corrs - Queen Of Hollywood ( LP Version ),Tracy Byrd - Right About Now,Beastie Boys - B-Boy Bouillabaisse: A.W.O.L. (2009 Digital Remaster),Twiztid - She Ain't Afraid,Lauryn Hill - Interlude 5,Twiztid - She Ain't Afraid,Beastie Boys - B-Boy Bouillabaisse: A.W.O.L. (2009 Digital Remaster),The Corrs - Queen Of Hollywood ( LP Version ),Marilyn Manson - Cyclops,Tracy Byrd - Right About Now,Dave Barnes - You Do The Same For Me,Tracy Byrd - Right About Now,Alabama - Lady Down On Love,Marilyn Manson - Cyclops
TRFOGQC12903CA9D2E,SOTDIMP12AB01821E8,ARS8GNX1187B9B5141,The Black Keys,The Flame,blues,Lauryn Hill - Interlude 5,Twista - I'm A Winner (Amended Album Version),Eminem - My Darling,Lauryn Hill - Interlude 5,Twista - I'm A Winner (Amended Album Version),Danity Kane - Hold Me Down (Album Version),Midtown - Knew It All Along (Acoustic),Digital Underground - Sex Packets (LP Version),Lauryn Hill - Interlude 5,Digital Underground - Sex Packets (LP Version),Lauryn Hill - Interlude 5,Midtown - Knew It All Along (Acoustic),Lauryn Hill - Interlude 5,Beastie Boys - B-Boy Bouillabaisse: A.W.O.L. (2009 Digital Remaster),GG Allin - Kissing The Flames,GG Allin - Kissing The Flames,ERIC SARDINAS - Flames of Love,Tina Turner - All The Woman (Recorded Live In London '99),ERIC SARDINAS - Flames of Love,GG Allin - Kissing The Flames,Dinah Washington - Wheel Of Fortune,ERIC SARDINAS - Flames of Love,GG Allin - Kissing The Flames,Dinah Washington - Wheel Of Fortune
TREVCQU12903CCD318,SOGECRB12AB018C9AB,ARS8GNX1187B9B5141,The Black Keys,These Days,blues,Lauryn Hill - Interlude 5,Beastie Boys - B-Boy Bouillabaisse: A.W.O.L. (2009 Digital Remaster),Erykah Badu - I Want You,Lauryn Hill - Interlude 5,Beastie Boys - B-Boy Bouillabaisse: A.W.O.L. (2009 Digital Remaster),Erykah Badu - I Want You,Gregg Allman - These Days,Hot Water Music - The Sense,Rhymefest - These Days,Gregg Allman - These Days,Hot Water Music - The Sense,Rhymefest - These Days,Lauryn Hill - Interlude 5,Beastie Boys - B-Boy Bouillabaisse: A.W.O.L. (2009 Digital Remaster),The Brand New Heavies - Last to Know,The Brand New Heavies - Last to Know,Lauryn Hill - Interlude 5,Michael Jackson - Man In The Mirror,The Brand New Heavies - Last to Know,Rich Mullins - The Howling,Zimmers Hole - Death To The Dodgers Of Soap,The Brand New Heavies - Last to Know,Rich Mullins - The Howling,Josh Groban - Vincent (Starry_ Starry Night) (Album Version)
TRFLJNE12903CB44F1,SOBJBEU12AF729D526,ARS8GNX1187B9B5141,The Black Keys,When The Lights Go Out,blues,Lauryn Hill - Interlude 5,Twista - I'm A Winner (Amended Album Version),Erykah Badu - I Want You,Lauryn Hill - Interlude 5,Twista - I'm A Winner (Amended Album Version),Erykah Badu - I Want You,Donnie - Do You Know?,Shannon McNally - Down And Dirty,Bon Jovi - Superman Tonight,Shannon McNally - Down And Dirty,Donnie - Do You Know?,Bon Jovi - Superman Tonight,Beastie Boys - B-Boy Bouillabaisse: A.W.O.L. (2009 Digital Remaster),Lauryn Hill - Interlude 5,R. Kelly - I Mean (I Don't Mean It),R. Kelly - I Mean (I Don't Mean It),Natalie Cole - Your Eyes,Ledisi - Alright,Regina Belle - Just Don't Want To Be Lonely,Cake - Alpha Beta Parking Lot,Disco - Enemmän,Regina Belle - Just Don't Want To Be Lonely,Chemlab - Force Quit,Ian McCulloch - Playgrounds And City Parks
TRQNNKX12903CB44CA,SOCULJG12A8AE4714D,ARS8GNX1187B9B5141,The Black Keys,Have Love Will Travel,blues,Erykah Badu - I Want You,Lauryn Hill - Interlude 5,Twista - I'm A Winner (Amended Album Version),Erykah Badu - I Want You,Lauryn Hill - Interlude 5,Twista - I'm A Winner (Amended Album Version),Lisa Stansfield - Somewhere In Time,Burden Of A Day - My Forfeit,Bronski Beat - I Feel Love,Lisa Stansfield - Somewhere In Time,Burden Of A Day - My Forfeit,Rufus Wainwright - Baby,KMD - Plumskinzz (Loose Hoe_ God & Cupid),Onyx - Slam Harder,Onyx - Slam,Onyx - Slam,Onyx - Slam Harder,KMD - Plumskinzz (Loose Hoe_ God & Cupid),The Dells - I Miss You,Shania Twain - I'm Not In The Mood (To Say No)!,Bob Marley & The Wailers - Reggae On Broadway,The Dells - I Miss You,Shania Twain - I'm Not In The Mood (To Say No)!,Bob Marley & The Wailers - Reggae On Broadway
TRKNKGC128F42A746A,SOUZEJD12D021B5336,AR20CFC1187B98A25D,Ray Charles,C.C. Rider,blues,Lauryn Hill - Interlude 5,Twista - I'm A Winner (Amended Album Version),Eminem - My Darling,Lauryn Hill - Interlude 5,Twista - I'm A Winner (Amended Album Version),Erykah Badu - I Want You,Harry Belafonte - Angelina,Jeff Timmons - Can't You See,Shannon McNally - Down And Dirty,Harry Belafonte - Angelina,Jeff Timmons - Can't You See,Shannon McNally - Down And Dirty,Beastie Boys - B-Boy Bouillabaisse: A.W.O.L. (2009 Digital Remaster),Savatage - The Hourglass,Twista - Overdose (Album Version),Duran Duran - All Along The Water,Madness - Forever Young,Johnny Winter - Blinded By Love,Duran Duran - All Along The Water,Fats Domino - Careless Love,Richard Hawley - Coming Home (Live At Sheffield City Hall),Duran Duran - All Along The Water,Fats Domino - Careless Love,Molly Hatchet - The Price You Pay
TRWEHQE128F935A2D6,SOKQSDH12AB0188B1A,AR20CFC1187B98A25D,Ray Charles,I Got a Woman,blues,Beastie Boys - B-Boy Bouillabaisse: A.W.O.L. (2009 Digital Remaster),Lauryn Hill - Interlude 5,Twiztid - She Ain't Afraid,Beastie Boys - B-Boy Bouillabaisse: A.W.O.L. (2009 Digital Remaster),Twiztid - She Ain't Afraid,Eminem - 8 Mile,The Pharcyde - Passin' Me By,Josh Turner - Haywire,Gentleman - Empress,The Pharcyde - Passin' Me By,Gentleman - Empress,Josh Turner - Haywire,Beastie Boys - B-Boy Bouillabaisse: A.W.O.L. (2009 Digital Remaster),Shaggy - Luv Me Up,Four Tops - Ain't No Woman (Like The One I've Got),Gary Moore - Only Fool In Town (2002 Digital Remaster),Four Tops - Ain't No Woman (Like The One I've Got),Shaggy - Luv Me Up,Gary Moore - Only Fool In Town (2002 Digital Remaster),The Fabulous Thunderbirds - Full-Time Lover,Ohio Players - It's All Over,Gary Moore - Only Fool In Town (2002 Digital Remaster),The Fabulous Thunderbirds - Full-Time Lover,Ohio Players - It's All Over
TRPMJOK128F92F317A,SOQWJXH12AAF3B5B0F,AR20CFC1187B98A25D,Ray Charles,The Sun's Gonna Shine Again,blues,Lauryn Hill - Interlude 5,Beastie Boys - B-Boy Bouillabaisse: A.W.O.L. (2009 Digital Remaster),Twista - I'm A Winner (Amended Album Version),Lauryn Hill - Interlude 5,Twista - I'm A Winner (Amended Album Version),Erykah Badu - I Want You,Skip James - Devil Got My Woman,Robben Ford - The Way You Treated Me (You're Gonna Be Sorry),Lauryn Hill - Interlude 1,Skip James - Devil Got My Woman,Robben Ford - The Way You Treated Me (You're Gonna Be Sorry),Lauryn Hill - Interlude 1,Hayseed Dixie - Black Dog,Warren G - Keepin' It Strong,Ja Rule - One of Us,Hayseed Dixie - Black Dog,Simian Mobile Disco - I BELIEVE,Pepper - Davey Jones Locker,Hayseed Dixie - Black Dog,Simian Mobile Disco - I BELIEVE,The Kingston Trio - When The Saints Go Marching In,Hayseed Dixie - Black Dog,Simian Mobile Disco - I BELIEVE,The Kingston Trio - When The Saints Go Marching In
TRGXECP12903CDDC43,SOCLEEQ12D021B23E0,AR20CFC1187B98A25D,Ray Charles,Losing Hand,blues,Lauryn Hill - Interlude 5,Twista - I'm A Winner (Amended Album Version),Erykah Badu - I Want You,Lauryn Hill - Interlude 5,Twista - I'm A Winner (Amended Album Version),Erykah Badu - I Want You,Wild Strawberries - Heroine,LL Cool J - Lollipop,Rufus Wainwright - Baby,LL Cool J - Lollipop,Wild Strawberries - Heroine,Rufus Wainwright - Baby,Lauryn Hill - Interlude 5,Keith Sweat - Caught Up,Beastie Boys - B-Boy Bouillabaisse: A.W.O.L. (2009 Digital Remaster),Keith Sweat - Caught Up,The Emotions - I Don't Wanna Lose Your Love,Amerie - Higher,Keith Sweat - Caught Up,The Emotions - I Don't Wanna Lose Your Love,Amerie - Higher,Keith Sweat - Caught Up,The Emotions - I Don't Wanna Lose Your Love,Amerie - Higher
TREQYGT128E07859FA,SOZOJBP12A6701E425,ARV9LSS1187B98C471,Blake Shelton,Nobody But Me (Album Version),blues,Lauryn Hill - Interlude 5,Twista - I'm A Winner (Amended Album Version),Erykah Badu - I Want You,Lauryn Hill - Interlude 5,Erykah Badu - I Want You,Twista - I'm A Winner (Amended Album Version),Webb Pierce - I Ain't Never,En Vogue - Love Don't Love You (LP Version),Ray Charles - Let's Go,Webb Pierce - I Ain't Never,En Vogue - Love Don't Love You (LP Version),Ray Charles - Let's Go,Lauryn Hill - Interlude 5,Beastie Boys - B-Boy Bouillabaisse: A.W.O.L. (2009 Digital Remaster),Adina Howard - Nasty Grind,Adina Howard - Nasty Grind,Blind Willie McTell - Come On Around To My House Mama,Ledisi - Joy,Adina Howard - Nasty Grind,Tina Dico - Nobody's Man,Ohio Players - It's All Over,Adina Howard - Nasty Grind,Tina Dico - Nobody's Man,Ohio Players - It's All Over
TROFEVE12903CD8AAA,SONQLUB12D02199FCD,AR66H0N1187B9AE91E,Etta James,A Sunday Kind of Love,blues,Lauryn Hill - Interlude 5,Beastie Boys - B-Boy Bouillabaisse: A.W.O.L. (2009 Digital Remaster),Eminem - 8 Mile,Lauryn Hill - Interlude 5,Beastie Boys - B-Boy Bouillabaisse: A.W.O.L. (2009 Digital Remaster),Eminem - 8 Mile,Astrud Gilberto - And Roses And Roses,Melissa Etheridge - Fearless Love,W.A.S.P. - Fistful Of Diamonds,Astrud Gilberto - And Roses And Roses,Melissa Etheridge - Fearless Love,W.A.S.P. - Fistful Of Diamonds,Big Brovaz - Find A Way,Mariah Carey - Sprung,Lyfe Jennings - She Got Kids,Mariah Carey - Sprung,Big Brovaz - Find A Way,Fats Domino - I'm Ready,Mariah Carey - Sprung,T.Rex - London Boys,Reel Big Fish - I'm Cool,Mariah Carey - Sprung,T.Rex - London Boys,Reel Big Fish - I'm Cool
TRCFPJF128F428A872,SOKCCML12D021B0FC6,AR66H0N1187B9AE91E,Etta James,I Just Want To Make Love To You,blues,Lauryn Hill - Interlude 5,Twista - I'm A Winner (Amended Album Version),Erykah Badu - I Want You,Lauryn Hill - Interlude 5,Twista - I'm A Winner (Amended Album Version),Erykah Badu - I Want You,Willie Dixon - I Just Want To Make Love To You,Jesse Johnson - Love Struck,Jon Secada - Want You_ Miss You_ Love You,Willie Dixon - I Just Want To Make Love To You,Jesse Johnson - Love Struck,Jon Secada - Want You_ Miss You_ Love You,Lauryn Hill - Interlude 5,Incognito - Blue (I'm Still Here With You),Shaggy - Luv Me Up,Incognito - Blue (I'm Still Here With You),Willie Dixon - I Just Want To Make Love To You,Keith Sweat - Give Me What I Want (LP Version),Willie Dixon - I Just Want To Make Love To You,Tristan Prettyman - You Got Me,Keith Sweat - Give Me What I Want (LP Version),Willie Dixon - I Just Want To Make Love To You,Tristan Prettyman - You Got Me,Keith Sweat - Give Me What I Want (LP Version)
TRBFTHL128C7196B42,SODJRCC12D02192374,AR66H0N1187B9AE91E,Etta James,My Dearest Darling,blues,Lauryn Hill - Interlude 5,Twista - I'm A Winner (Amended Album Version),Eminem - My Darling,Twista - I'm A Winner (Amended Album Version),Eminem - My Darling,Lauryn Hill - Interlude 5,Kenny Rogers - Endless love,Angie Stone - Snowflakes,Mint Condition - Breakin' My Heart (Pretty Brown Eyes),Kenny Rogers - Endless love,Angie Stone - Snowflakes,Mint Condition - Breakin' My Heart (Pretty Brown Eyes),Eminem - My Darling,Martin Jondo - Hold You,Natalie Cole - Your Eyes,Eminem - My Darling,Martin Jondo - Hold You,Sonya Kitchell - Too Beautiful,UB40 - Come Back Darling,Johnny Nash - Stir It Up,Percy Sledge - My Special Prayer,UB40 - Come Back Darling,Johnny Nash - Stir It Up,Percy Sledge - My Special Prayer
TRFEGGQ128E07898AA,SOMPSXS12D021B12D7,AR66H0N1187B9AE91E,Etta James,W.O.M.A.N.,blues,Lauryn Hill - Interlude 5,Electrelane - Cut And Run,Twista - I'm A Winner (Amended Album Version),Lauryn Hill - Interlude 5,Electrelane - Cut And Run,Twista - I'm A Winner (Amended Album Version),Pretty Maids - Perfect Stranger,The Darkness - Givin' Up (Clean Version),Little Anthony & The Imperials - Shimmy_ Shimmy_ Ko-Ko-Bop (Single Version),Pretty Maids - Perfect Stranger,The Darkness - Givin' Up (Clean Version),Little Anthony & The Imperials - Shimmy_ Shimmy_ Ko-Ko-Bop (Single Version),Gyptian - Take My Money,The Isley Brothers - Touch Me,Shania Twain - Man! I Feel Like A Woman!,Gyptian - Take My Money,Shania Twain - Man! I Feel Like A Woman!,Bette Midler - I'm A Woman,Nine Inch Nails - The Great Collapse,Bette Midler - I'm A Woman,Eric Clapton - Kind Hearted Woman Blues (Album Version),Bette Midler - I'm A Woman,Nine Inch Nails - The Great Collapse,Eric Clapton - Kind Hearted Woman Blues (Album Version)
TRDDDDX128E0793212,SOIOOIR12A58A7EBB8,ARLAUED1187B9ACEAF,Eric Clapton,Alberta,blues,Lauryn Hill - Interlude 5,Twista - I'm A Winner (Amended Album Version),Eminem - My Darling,Lauryn Hill - Interlude 5,Twista - I'm A Winner (Amended Album Version),Eminem - My Darling,Bay City Rollers - Lovely To See You,Shannon McNally - Down And Dirty,Jennifer Lopez - Theme From Mahagony (Do You Know Where You're Going To),Bay City Rollers - Lovely To See You,Shannon McNally - Down And Dirty,Jennifer Lopez - Theme From Mahagony (Do You Know Where You're Going To),Brian McKnight - Try Our Love Again,Connie Smith - Ain't Had No Lovin',Eminem - 8 Mile,Brian McKnight - Try Our Love Again,Connie Smith - Ain't Had No Lovin',Brian McKnight - Been So Long,Connie Smith - Ain't Had No Lovin',Brian McKnight - Been So Long,Brian McKnight - Try Our Love Again,Connie Smith - Ain't Had No Lovin',Brian McKnight - Been So Long,Brian McKnight - Try Our Love Again
TRWBAGY128F93034BF,SOXIVQT12AB0181061,ARLAUED1187B9ACEAF,Eric Clapton,Before You Accuse Me (Take A Look At Yourself),blues,Lauryn Hill - Interlude 5,Eminem - My Darling,Beastie Boys - B-Boy Bouillabaisse: A.W.O.L. (2009 Digital Remaster),Lauryn Hill - Interlude 5,Eminem - My Darling,Twista - I'm A Winner (Amended Album Version),Bo Diddley - Before You Accuse Me,Fat Joe - Preacher On A Sunday Morning,Joss Stone - You Had Me (Live),Bo Diddley - Before You Accuse Me,Fat Joe - Preacher On A Sunday Morning,Joss Stone - You Had Me (Live),Bo Diddley - Before You Accuse Me,Beastie Boys - B-Boy Bouillabaisse: A.W.O.L. (2009 Digital Remaster),Lauryn Hill - Interlude 5,Bo Diddley - Before You Accuse Me,Clipse - Dirty Money,Nelly - Splurge,Bo Diddley - Before You Accuse Me,Rancid - Up To No Good,Metallic Falcons - four hearts,Bo Diddley - Before You Accuse Me,Rancid - Up To No Good,Gretchen Wilson - If You Want A Mother
TRLWIBC128E0792E2C,SORMUAO12A6D4F9262,ARLAUED1187B9ACEAF,Eric Clapton,Early In The Morning,blues,Lauryn Hill - Interlude 5,Beastie Boys - B-Boy Bouillabaisse: A.W.O.L. (2009 Digital Remaster),Danity Kane - Hold Me Down (Album Version),Lauryn Hill - Interlude 5,Beastie Boys - B-Boy Bouillabaisse: A.W.O.L. (2009 Digital Remaster),Danity Kane - Hold Me Down (Album Version),Seventh Day Slumber - Broken Buildings,Gil Scott-Heron - Me And The Devil,Opeth - The Moor,Gil Scott-Heron - Me And The Devil,Seventh Day Slumber - Broken Buildings,Opeth - The Moor,Beastie Boys - B-Boy Bouillabaisse: A.W.O.L. (2009 Digital Remaster),Brand Nubian - All For One (Explicit) (2006 Remastered LP Version),Eric B. & Rakim - What's On Your Mind,The Isley Brothers - Lay Lady Lay,Usher - Roni,Tyrese - Morning After,Fleetwood Mac - Allow Me One More Show,Townes Van Zandt - If I Needed You,Tab Benoit - Shining Moon,Fleetwood Mac - Allow Me One More Show,Townes Van Zandt - If I Needed You,Tab Benoit - Shining Moon
TRAZQIG128F146372E,SOFZYKR12A6D4F72A5,ARLAUED1187B9ACEAF,Eric Clapton,Floating Bridge,blues,Lauryn Hill - Interlude 5,Beastie Boys - B-Boy Bouillabaisse: A.W.O.L. (2009 Digital Remaster),Eminem - 8 Mile,Lauryn Hill - Interlude 5,Beastie Boys - B-Boy Bouillabaisse: A.W.O.L. (2009 Digital Remaster),Eminem - 8 Mile,Lupe Fiasco - Hurt Me Soul (Explicit Album Version),Jackie Greene - About Cell Block #9,Onyx - Feel Me,Lupe Fiasco - Hurt Me Soul (Explicit Album Version),Onyx - Feel Me,Jackie Greene - About Cell Block #9,Beastie Boys - B-Boy Bouillabaisse: A.W.O.L. (2009 Digital Remaster),Lauryn Hill - Interlude 5,Aaron Carter - That's How I Beat Shaq,Aaron Carter - That's How I Beat Shaq,Blind Willie Johnson - If I Had My Way I'd Tear This Building Down,Billy Paul - Your Song,The Allman Brothers Band - Stormy Monday,John Lee Hooker - Down At The Landing,Anatomy Of A Ghost - Since Yesterday,The Allman Brothers Band - Stormy Monday,Anatomy Of A Ghost - Since Yesterday,John Lee Hooker - Down At The Landing
TRQUJCP128F4238206,SOICNJH12A81C22263,ARLAUED1187B9ACEAF,Eric Clapton,Kind Hearted Woman Blues (Album Version),blues,Lauryn Hill - Interlude 5,Beastie Boys - B-Boy Bouillabaisse: A.W.O.L. (2009 Digital Remaster),Twista - I'm A Winner (Amended Album Version),Lauryn Hill - Interlude 5,Beastie Boys - B-Boy Bouillabaisse: A.W.O.L. (2009 Digital Remaster),Erykah Badu - I Want You,Robert Johnson - Kindhearted Woman Blues,Jonny Lang - Breakin Me,The Mick Fleetwood Blues Band - Black Magic Woman,Robert Johnson - Kindhearted Woman Blues,Jonny Lang - Breakin Me,Anastacia - Club Megamix,Robert Johnson - Kindhearted Woman Blues,Ryan Leslie - Just Right,Lauryn Hill - Interlude 5,Robert Johnson - Kindhearted Woman Blues,Ryan Leslie - Just Right,Ashanti - Rock Wit U (Awww Baby),Robert Johnson - Kindhearted Woman Blues,Ten Years After - Woman Trouble,Etta James - W.O.M.A.N.,Robert Johnson - Kindhearted Woman Blues,Ten Years After - Woman Trouble,Etta James - W.O.M.A.N.
TRIDJMD128E078B984,SOWGAGY12A6701F305,ARN0YZ71187B9BA57B,Michael Bublé,That's All (Album Version),classical,Lauryn Hill - Interlude 5,Twista - I'm A Winner (Amended Album Version),Michael Jackson - Man In The Mirror,Lauryn Hill - Interlude 5,Twista - I'm A Winner (Amended Album Version),Michael Jackson - Man In The Mirror,Hindi Zahra - Fascination (Album Version),Mayday Parade - One Man Drinking Games,KC And The Sunshine Band - All My Love,Hindi Zahra - Fascination (Album Version),Mayday Parade - One Man Drinking Games,KC And The Sunshine Band - All My Love,Lauryn Hill - Interlude 5,Savatage - The Hourglass,Beastie Boys - B-Boy Bouillabaisse: A.W.O.L. (2009 Digital Remaster),S Club - Straight From The Heart,Michelle Williams - Till The End Of The World,Jon Secada - Take Me,S Club - Straight From The Heart,Paul Anka - Love Me Warm And Tender,Webb Pierce - Even Tho',S Club - Straight From The Heart,Webb Pierce - Even Tho',Paul Anka - Love Me Warm And Tender
TRYRCXF128F424183D,SOWXYFO12A8AE46AD3,ARGVJPK1187B9909EA,Josh Groban,America (Revised Live Version),classical,Lauryn Hill - Interlude 5,Beastie Boys - B-Boy Bouillabaisse: A.W.O.L. (2009 Digital Remaster),Eminem - 8 Mile,Lauryn Hill - Interlude 5,Beastie Boys - B-Boy Bouillabaisse: A.W.O.L. (2009 Digital Remaster),Eminem - 8 Mile,Simon & Garfunkel - America,Brand Nubian - All For One (Explicit) (2006 Remastered LP Version),The Streets - The Irony Of It All (Album Version),Simon & Garfunkel - America,Brand Nubian - All For One (Explicit) (2006 Remastered LP Version),The Streets - The Irony Of It All (Album Version),Beastie Boys - B-Boy Bouillabaisse: A.W.O.L. (2009 Digital Remaster),Simon & Garfunkel - America,Lauryn Hill - Interlude 5,Simon & Garfunkel - America,Beastie Boys - B-Boy Bouillabaisse: A.W.O.L. (2009 Digital Remaster),Leonard Cohen - Death Of A Ladies' Man,Simon & Garfunkel - America,Leonard Cohen - Death Of A Ladies' Man,Geggy Tah - I Forgot,Simon & Garfunkel - America,Leonard Cohen - Death Of A Ladies' Man,Geggy Tah - I Forgot
TRDQLTF128E0787809,SODUTDM12A67020476,ARGVJPK1187B9909EA,Josh Groban,Broken Vow (Album Version),classical,Lauryn Hill - Interlude 5,Twista - I'm A Winner (Amended Album Version),Erykah Badu - I Want You,Lauryn Hill - Interlude 5,Twista - I'm A Winner (Amended Album Version),Erykah Badu - I Want You,G4 - Broken Vow,Alexandra Burke - Overcome,Mario Vazquez - Everytime I...,G4 - Broken Vow,Alexandra Burke - Overcome,Il Divo - Mama,G4 - Broken Vow,Beastie Boys - B-Boy Bouillabaisse: A.W.O.L. (2009 Digital Remaster),Lauryn Hill - Interlude 5,G4 - Broken Vow,The Brand New Heavies - Last to Know,Savatage - The Hourglass,G4 - Broken Vow,Westlife - More Than Words,Seventh Day Slumber - Broken Buildings,G4 - Broken Vow,Westlife - More Than Words,David Wilcox - Invisible Shield
TRUAAEQ128F423C52D,SOGDUMI12A8AE45417,ARGVJPK1187B9909EA,Josh Groban,Gira Con Me Questa Notte (Album Version),classical,Abba - Move On,Horace Andy - Horse With No Name,Gemelli Diversi - Istruzioni Per L'(Ill)uso,Abba - Move On,Horace Andy - Horse With No Name,Gemelli Diversi - Istruzioni Per L'(Ill)uso,Gemelli Diversi - Istruzioni Per L'(Ill)uso,Vittorio Grigolo - Roma Sogna,Paolo Conte - Nord,Gemelli Diversi - Istruzioni Per L'(Ill)uso,Vittorio Grigolo - Roma Sogna,Paolo Conte - Nord,Gemelli Diversi - Istruzioni Per L'(Ill)uso,Fabrizio De Andrè - Sinan Capudan Pascià,Flaminio Maphia - Quelli Che,Gemelli Diversi - Istruzioni Per L'(Ill)uso,Fabrizio De Andrè - Sinan Capudan Pascià,Flaminio Maphia - Quelli Che,Paul Potts - Piano (Memory),Lara Fabian - Caruso,Sergio Cammariere - La Canzone Dell' Impossibile,Paul Potts - Piano (Memory),Lara Fabian - Caruso,Sergio Cammariere - La Canzone Dell' Impossibile
TRYGDNA128E078780C,SOWLNSE12A67020479,ARGVJPK1187B9909EA,Josh Groban,Hymne A L'Amour (Album Version),classical,Tryo - Yakamonéyé,Fonky Family - L'Amour Du Risque,Sniper - Panam All Star,Tryo - Yakamonéyé,Fonky Family - L'Amour Du Risque,Sniper - Panam All Star,Amandine Bourgeois - L'Homme De La Situation,Zazie - Tomber Le Masque,Lokua Kanza - A Tes Côtés,Amandine Bourgeois - L'Homme De La Situation,Zazie - Tomber Le Masque,Lokua Kanza - A Tes Côtés,Sniper - Panam All Star,Tryo - Yakamonéyé,Fonky Family - Sans Rémission,Tryo - Yakamonéyé,Sniper - Panam All Star,Fonky Family - Sans Rémission,Amandine Bourgeois - L'Homme De La Situation,Lokua Kanza - A Tes Côtés,Grégory Lemarchal - Mon Ange,Amandine Bourgeois - L'Homme De La Situation,Lokua Kanza - A Tes Côtés,Grégory Lemarchal - Mon Ange
TRDFTPP128F427550C,SOWOPHG12A8C13DB44,ARGVJPK1187B9909EA,Josh Groban,It Came Upon A Midnight Clear (Album Version),classical,The Streets - Weak Become Heroes,Travis - Sing,Jenny Lewis - Sing A Song,The Streets - Weak Become Heroes,Travis - Sing,Jenny Lewis - Sing A Song,Travis - Sing,Barry Manilow - Sing It,Cinderella Effect - Israel,Travis - Sing,Barry Manilow - Sing It,Cinderella Effect - Israel,Flipsyde - Angel,Haste The Day - Chorus Of Angels,Jon Anderson - My Sweet Jane,Flipsyde - Angel,Haste The Day - Chorus Of Angels,Jon Anderson - My Sweet Jane,The Waterboys - The Crash Of Angel Wings,Brooks & Dunn - You're My Angel,Flipsyde - Angel,The Waterboys - The Crash Of Angel Wings,Brooks & Dunn - You're My Angel,Flipsyde - Angel
TRRBWRX128F423C535,SOBFGZA12A8AE4542A,ARGVJPK1187B9909EA,Josh Groban,Let Me Fall (From Cirque du Soleil) (Album Version),classical,Lauryn Hill - Interlude 5,Eminem - 8 Mile,Beastie Boys - B-Boy Bouillabaisse: A.W.O.L. (2009 Digital Remaster),Eminem - 8 Mile,Mario Vazquez - Everytime I...,Beastie Boys - B-Boy Bouillabaisse: A.W.O.L. (2009 Digital Remaster),JET - Let Me Out,Robbie Williams - Come Take Me Over,Charley Pride - Let The Chips Fall,JET - Let Me Out,Robbie Williams - Come Take Me Over,Charley Pride - Let The Chips Fall,Company Flow - The Fire In Which You Burn (feat. J-Treds & The Brewin From The Juggaknots),Newton Faulkner - Dream Catch Me,Momus - Closer To You,Newton Faulkner - Dream Catch Me,SUPREME BEINGS OF LEISURE - Catch Me,Charley Pride - Let The Chips Fall,SUPREME BEINGS OF LEISURE - Catch Me,Charley Pride - Let The Chips Fall,Ruben Studdard - If Only For One Night,SUPREME BEINGS OF LEISURE - Catch Me,Charley Pride - Let The Chips Fall,Ruben Studdard - If Only For One Night
TRJSTLV128F4241832,SOHCDYF12A58A7C604,ARGVJPK1187B9909EA,Josh Groban,Mi Mancherai (Il Postino) (Revised Live Version),classical,Shaggy - Luv Me Up,Fabrizio De Andrè - Sinan Capudan Pascià,Jowell & Randy - Te Ando Buscando,Shaggy - Luv Me Up,Fabrizio De Andrè - Sinan Capudan Pascià,Jowell & Randy - Te Ando Buscando,Il Divo - Adagio,Il Divo - Musica,Vinicio Capossela - Il Pugile Sentimentale ( Live ),Il Divo - Adagio,Il Divo - Musica,Vinicio Capossela - Il Pugile Sentimentale ( Live ),Flaminio Maphia - Quelli Che,Fabrizio De Andrè - Sinan Capudan Pascià,Caparezza - Limiti,Flaminio Maphia - Quelli Che,Fabrizio De Andrè - Sinan Capudan Pascià,Caparezza - Limiti,Il Divo - Come Primavera,Vinicio Capossela - Il Pugile Sentimentale ( Live ),Andrea Bocelli - Semplicemente (Canto Per Te),Il Divo - Come Primavera,Vinicio Capossela - Il Pugile Sentimentale ( Live ),Andrea Bocelli - Semplicemente (Canto Per Te)
TRBRHPE128E0787803,SOJCMKN12A67020471,ARGVJPK1187B9909EA,Josh Groban,My Confession (Album Version),classical,Beastie Boys - B-Boy Bouillabaisse: A.W.O.L. (2009 Digital Remaster),Eminem - 8 Mile,Lauryn Hill - Interlude 5,Beastie Boys - B-Boy Bouillabaisse: A.W.O.L. (2009 Digital Remaster),Mario Vazquez - Everytime I...,Eminem - 8 Mile,The Distillers - I Understand,Common - Book Of Life,Ben Folds Five - Don't Change Your Plans,The Distillers - I Understand,Common - Book Of Life,Ben Folds Five - Don't Change Your Plans,Lauryn Hill - Interlude 5,Michael Jackson - Man In The Mirror,Beastie Boys - B-Boy Bouillabaisse: A.W.O.L. (2009 Digital Remaster),Martina McBride - Blessed,Michael Jackson - Man In The Mirror,Axel Rudi Pell - Beautiful Day,Martina McBride - Blessed,Axel Rudi Pell - Beautiful Day,Hot Chip - Careful,Martina McBride - Blessed,Axel Rudi Pell - Beautiful Day,Hot Chip - Careful
TRLJSTZ128F4241831,SOTEXNI12A8AE46AAE,ARGVJPK1187B9909EA,Josh Groban,Oceano (Revised Live Version),classical,Flaminio Maphia - Quelli Che,Fabrizio De Andrè - Sinan Capudan Pascià,Gemelli Diversi - Istruzioni Per L'(Ill)uso,Flaminio Maphia - Quelli Che,Fabrizio De Andrè - Sinan Capudan Pascià,Gemelli Diversi - Istruzioni Per L'(Ill)uso,Bluvertigo - Niente Per Scontato,Paul Potts - Mamma,Paul Potts - Bellamore,Bluvertigo - Niente Per Scontato,Paul Potts - Mamma,Paul Potts - Bellamore,Flaminio Maphia - Quelli Che,Caparezza - Limiti,Caparezza - Gli Insetti Del Podere,Flaminio Maphia - Quelli Che,Caparezza - Limiti,Caparezza - Gli Insetti Del Podere,Bluvertigo - Niente Per Scontato,Paul Potts - Mamma,Giusy Ferreri - La Scala (The Ladder),Bluvertigo - Niente Per Scontato,Paul Potts - Mamma,Giusy Ferreri - La Scala (The Ladder)
TRGURIJ128E078780B,SORUSFO12A67020478,ARGVJPK1187B9909EA,Josh Groban,Remember When It Rained (Album Version),classical,Lauryn Hill - Interlude 5,Michael Jackson - Man In The Mirror,Beastie Boys - B-Boy Bouillabaisse: A.W.O.L. (2009 Digital Remaster),Lauryn Hill - Interlude 5,Michael Jackson - Man In The Mirror,Beastie Boys - B-Boy Bouillabaisse: A.W.O.L. (2009 Digital Remaster),Josh Groban - Remember When It Rained (Revised Live Version),Copeland - The Day I Lost My Voice (The Suitcase Song),Steely Dan - I Can't Function,Josh Groban - Remember When It Rained (Revised Live Version),Copeland - The Day I Lost My Voice (The Suitcase Song),Steely Dan - I Can't Function,Josh Groban - Remember When It Rained (Revised Live Version),Michael Jackson - Man In The Mirror,Fun Lovin' Criminals - Blues For Suckers,Josh Groban - Remember When It Rained (Revised Live Version),Michael Jackson - Man In The Mirror,Fun Lovin' Criminals - Blues For Suckers,Josh Groban - Remember When It Rained (Revised Live Version),Sentidos Opuestos - Oh Na Na Na,Kayah - Dla Niego,Josh Groban - Remember When It Rained (Revised Live Version),Sentidos Opuestos - Oh Na Na Na,Kayah - Dla Niego
TRYKKOX128F4241839,SOEIAOV12A8AE46AC4,ARGVJPK1187B9909EA,Josh Groban,Remember When It Rained (Revised Live Version),classical,Lauryn Hill - Interlude 5,Michael Jackson - Man In The Mirror,Beastie Boys - B-Boy Bouillabaisse: A.W.O.L. (2009 Digital Remaster),Lauryn Hill - Interlude 5,Michael Jackson - Man In The Mirror,Beastie Boys - B-Boy Bouillabaisse: A.W.O.L. (2009 Digital Remaster),Josh Groban - Remember When It Rained (Album Version),Copeland - The Day I Lost My Voice (The Suitcase Song),Steely Dan - I Can't Function,Josh Groban - Remember When It Rained (Album Version),Copeland - The Day I Lost My Voice (The Suitcase Song),Steely Dan - I Can't Function,Josh Groban - Remember When It Rained (Album Version),Michael Jackson - Man In The Mirror,Fun Lovin' Criminals - Blues For Suckers,Josh Groban - Remember When It Rained (Album Version),Michael Jackson - Man In The Mirror,Fun Lovin' Criminals - Blues For Suckers,Josh Groban - Remember When It Rained (Album Version),Sentidos Opuestos - Oh Na Na Na,Kayah - Dla Niego,Josh Groban - Remember When It Rained (Album Version),Sentidos Opuestos - Oh Na Na Na,Kayah - Dla Niego
TRUVBEG128F92F0B48,SORJUAX12AB017CB28,ARGVJPK1187B9909EA,Josh Groban,Smile,classical,Lauryn Hill - Interlude 5,Twista - I'm A Winner (Amended Album Version),Michael Jackson - Man In The Mirror,Lauryn Hill - Interlude 5,Twista - I'm A Winner (Amended Album Version),Pain of Salvation - Spitfall,a1 - Learn To Fly,Pain of Salvation - Spitfall,B.B. King - Jack_ You're Dead!,a1 - Learn To Fly,Pain of Salvation - Spitfall,B.B. King - Jack_ You're Dead!,Gabrielle - Don't Need The Sun To Shine (To Make Me Smile),Jonny Lang - My Love Remains,Beastie Boys - B-Boy Bouillabaisse: A.W.O.L. (2009 Digital Remaster),Gabrielle - Don't Need The Sun To Shine (To Make Me Smile),Jonny Lang - My Love Remains,Jamiroquai - Corner Of The Earth,Jonny Lang - My Love Remains,Mary Black - By The Time It Gets Dark,Stoa - I Wish You Could Smile,Jonny Lang - My Love Remains,Gabrielle - Don't Need The Sun To Shine (To Make Me Smile),Mary Black - By The Time It Gets Dark
TRJBNZG128EF35A1AA,SOMYGPN12A6D4F7E28,ARGVJPK1187B9909EA,Josh Groban,Solo Por Ti (Album Version),classical,Abba - Move On,Horace Andy - Horse With No Name,Violadores del Verso - Dale tiempo al rumor,Abba - Move On,Horace Andy - Horse With No Name,Violadores del Verso - Dale tiempo al rumor,Fey - Solo Por Bailar,Sebastien Tellier - League Chicanos,Buena Vista Social Club - De Camino a la Vereda,Fey - Solo Por Bailar,Sebastien Tellier - League Chicanos,Buena Vista Social Club - De Camino a la Vereda,Violadores del Verso - Dale tiempo al rumor,Willie Colon - Gitana,Frank Reyes - Que Voy A hacer Sin Tí,Violadores del Verso - Dale tiempo al rumor,Frank Reyes - Que Voy A hacer Sin Tí,Willie Colon - Gitana,Puerto Rican Power - Solo Con Un Beso,Carlos Baute - En nuestro aniversario,Frank Reyes - Que Voy A hacer Sin Tí,Puerto Rican Power - Solo Con Un Beso,Carlos Baute - En nuestro aniversario,Frank Reyes - Que Voy A hacer Sin Tí
TRPJAPP128EF35A1AC,SOAGVMD12A6D4F7E2A,ARGVJPK1187B9909EA,Josh Groban,Un Giorno Per Noi (Album Version),classical,The Pharcyde - Otha Fish,Abba - Move On,Fabrizio De Andrè - Sinan Capudan Pascià,Fabrizio De Andrè - Sinan Capudan Pascià,Abba - Move On,The Pharcyde - Otha Fish,Sergio Cammariere - Oggi,Frankie HI-NRG MC - Sana E Robusta,Andrea Bocelli - L'Attesa,Sergio Cammariere - Oggi,Frankie HI-NRG MC - Sana E Robusta,Andrea Bocelli - L'Attesa,Vinicio Capossela - L'uomo vivo (inno al gioia),Bluvertigo - Niente Per Scontato,Edoardo Bennato - In Fila Per Tre,Vinicio Capossela - L'uomo vivo (inno al gioia),Bluvertigo - Niente Per Scontato,Edoardo Bennato - In Fila Per Tre,Bluvertigo - Niente Per Scontato,RyanDan - Dentro Me,Luciano Pavarotti - Che Gelida Manina,Bluvertigo - Niente Per Scontato,RyanDan - Dentro Me,Luciano Pavarotti - Che Gelida Manina
TRUDTXB128F423C537,SOGQZMP12A8AE4542F,ARGVJPK1187B9909EA,Josh Groban,Vincent (Starry_ Starry Night) (Album Version),classical,Lauryn Hill - Interlude 5,Beastie Boys - B-Boy Bouillabaisse: A.W.O.L. (2009 Digital Remaster),Eminem - My Darling,Lauryn Hill - Interlude 5,Beastie Boys - B-Boy Bouillabaisse: A.W.O.L. (2009 Digital Remaster),Eminem - My Darling,Damien Dempsey - Colony,HELLYEAH - Nausea,Lauryn Hill - Interlude 5,Damien Dempsey - Colony,Lauryn Hill - Interlude 5,HELLYEAH - Nausea,Lauryn Hill - Interlude 5,Beastie Boys - B-Boy Bouillabaisse: A.W.O.L. (2009 Digital Remaster),Dilated Peoples - Expansion Team Theme,Lauryn Hill - Interlude 5,Dilated Peoples - Expansion Team Theme,Rick Astley - I'll Never Set You Free,Steve Lukather - Never Ending Nights,Kenny Loggins - Set It Free,Seventh Day Slumber - Broken Buildings,Steve Lukather - Never Ending Nights,Kenny Loggins - Set It Free,Seventh Day Slumber - Broken Buildings
TRMVVDP128E0787806,SOTQRPK12A67020473,ARGVJPK1187B9909EA,Josh Groban,When You Say You Love Me (Album Version),classical,Lauryn Hill - Interlude 5,Twista - I'm A Winner (Amended Album Version),Erykah Badu - I Want You,Lauryn Hill - Interlude 5,Twista - I'm A Winner (Amended Album Version),Erykah Badu - I Want You,Lyle Lovett - North Dakota,Liz Phair - Go On Ahead,Monica - Hurts The Most,Lyle Lovett - North Dakota,Liz Phair - Go On Ahead,Monica - Hurts The Most,Lauryn Hill - Interlude 5,Beastie Boys - B-Boy Bouillabaisse: A.W.O.L. (2009 Digital Remaster),Eminem - 8 Mile,T Bone Burnett - I'm Going On A Long Journey Never To Return,Belinda Carlisle - Heaven Is A Place On Earth,Abba - Move On,Ferry Corsten - It's Time,New Order - Bizarre Love Triangle,Deep Dish - Say Hello (Angello & Ingrosso Remix),New Order - Bizarre Love Triangle,Ferry Corsten - It's Time,Britney Spears - When Your Eyes Say It
TRIEQWR128E078780D,SOULFRO12A6702047A,ARGVJPK1187B9909EA,Josh Groban,You Raise Me Up (Album Version),classical,Lauryn Hill - Interlude 5,Twista - I'm A Winner (Amended Album Version),Beastie Boys - B-Boy Bouillabaisse: A.W.O.L. (2009 Digital Remaster),Twista - I'm A Winner (Amended Album Version),Lauryn Hill - Interlude 5,Beastie Boys - B-Boy Bouillabaisse: A.W.O.L. (2009 Digital Remaster),Russell Watson - You Raise Me Up,David Crowder*Band - All Around Me,All Time Low - Therapy,Russell Watson - You Raise Me Up,David Crowder*Band - All Around Me,All Time Low - Therapy,Russell Watson - You Raise Me Up,The Pharcyde - Otha Fish,Warren G - Keepin' It Strong,Russell Watson - You Raise Me Up,Nina Simone - Nobody,Eighteen Visions - Bleed By Yourself,Russell Watson - You Raise Me Up,Suicide Commando - Raise Your God,Katatonia - This Punishment,Russell Watson - You Raise Me Up,Katatonia - This Punishment,Suicide Commando - Raise Your God
TRBEYYM128F1493C56,SOKMZQL12A58A76B19,ARGVJPK1187B9909EA,Josh Groban,Believe (Album Version),classical,Lauryn Hill - Interlude 5,Twista - I'm A Winner (Amended Album Version),Michael Jackson - Man In The Mirror,Lauryn Hill - Interlude 5,Twista - I'm A Winner (Amended Album Version),MIMS - Move (If You Wanna),Beverley Craven - Phoenix From The Fire,Cilla Black - Alfie,Pain of Salvation - Spitfall,Beverley Craven - Phoenix From The Fire,Cilla Black - Alfie,Pain of Salvation - Spitfall,Beastie Boys - B-Boy Bouillabaisse: A.W.O.L. (2009 Digital Remaster),Lauryn Hill - Interlude 5,Matisyahu - Close My Eyes,Tammy Wynette - I Believe,Between The Buried And Me - Ants Of The Sky,Yellowcard - Believe,Andrea Bocelli - I Believe,Garbage - Stupid Girl,Jamie Cullum - Where Is Your Heart At?,Andrea Bocelli - I Believe,Jamie Cullum - Where Is Your Heart At?,Vern Gosdin - Do You Believe Me Now
TRPITXR128F427FA1B,SOEEMLZ12A8C136C5C,ARH861H1187B9B799E,Johnny Cash,Away In A Manger,classical,Lauryn Hill - Interlude 5,Beastie Boys - B-Boy Bouillabaisse: A.W.O.L. (2009 Digital Remaster),Eminem - 8 Mile,Lauryn Hill - Interlude 5,Beastie Boys - B-Boy Bouillabaisse: A.W.O.L. (2009 Digital Remaster),Eminem - 8 Mile,Kenny G - Away In A Manger,Johnny Cash - Daddy Sang Bass,Current 93 - Raio No Terrasu (Jesus Wept),Kenny G - Away In A Manger,Johnny Cash - Daddy Sang Bass,Fiddler's Green - Matty Groves,Kenny G - Away In A Manger,Ja Rule - One of Us,Savatage - The Hourglass,Kenny G - Away In A Manger,Momus - Little Lord Obedience,Current 93 - Raio No Terrasu (Jesus Wept),Kenny G - Away In A Manger,Current 93 - Raio No Terrasu (Jesus Wept),Momus - Little Lord Obedience,Kenny G - Away In A Manger,Current 93 - Raio No Terrasu (Jesus Wept),Momus - Little Lord Obedience
TRGFMUJ128F423C52F,SOKABLD12D021991AC,ARGVJPK1187B9909EA,Josh Groban,Cinema Paradiso (Se) (Album Version),classical,Gemelli Diversi - Istruzioni Per L'(Ill)uso,Flaminio Maphia - Quelli Che,Fabrizio De Andrè - Sinan Capudan Pascià,Gemelli Diversi - Istruzioni Per L'(Ill)uso,Flaminio Maphia - Quelli Che,Fabrizio De Andrè - Sinan Capudan Pascià,Il Divo - La Promesa,Vittorio Grigolo - Se Tu Non Sei Lei,Sergio Cammariere - Oggi,Il Divo - La Promesa,Vittorio Grigolo - Se Tu Non Sei Lei,Sergio Cammariere - Oggi,Gemelli Diversi - Istruzioni Per L'(Ill)uso,Flaminio Maphia - Quelli Che,Caparezza - Gli Insetti Del Podere,Gemelli Diversi - Istruzioni Per L'(Ill)uso,Flaminio Maphia - Quelli Che,Caparezza - Gli Insetti Del Podere,Sergio Cammariere - Oggi,Il Divo - La Promesa,Andrea Bocelli - L'Attesa,Sergio Cammariere - Oggi,Il Divo - La Promesa,Andrea Bocelli - L'Attesa
TRGVTSO12903CABC19,SOPPSEF12AB018ADD4,ARFM3UU1187B994C88,David Crowder*Band,All Around Me,classical,Lauryn Hill - Interlude 5,Twista - I'm A Winner (Amended Album Version),Beastie Boys - B-Boy Bouillabaisse: A.W.O.L. (2009 Digital Remaster),Lauryn Hill - Interlude 5,Twista - I'm A Winner (Amended Album Version),Erykah Badu - I Want You,Godsmack - Asleep,Room Eleven - Bitch,The Acacia Strain - Kraken,Godsmack - Asleep,Room Eleven - Bitch,The Acacia Strain - Kraken,Recoil - Curse,The Cat Empire - Days Like These,Lauryn Hill - Interlude 5,Hayley Westenra - My Heart Belongs To You,Lo Fidelity Allstars - Will I Get Out Of Jail,The Cat Empire - Days Like These,Refused - Rather Be Dead,Godsmack - Asleep,Lo Fidelity Allstars - Will I Get Out Of Jail,Lo Fidelity Allstars - Will I Get Out Of Jail,Godsmack - Asleep,Hayley Westenra - My Heart Belongs To You
TRJGMSL128F4230A6C,SOWYWPP12A81C20850,ARPBTRI1187FB52457,The Game,Black Opera,classical,Lauryn Hill - Interlude 5,Twista - I'm A Winner (Amended Album Version),Erykah Badu - I Want You,Twista - I'm A Winner (Amended Album Version),Lauryn Hill - Interlude 5,Erykah Badu - I Want You,Clawfinger - Revenge,Wu-Tang Clan - Brooklyn Zoo,Level 42 - To Be With You Again,Clawfinger - Revenge,Wu-Tang Clan - Brooklyn Zoo,Level 42 - To Be With You Again,Twista - Overdose (Album Version),Ying Yang Twins - 1st Booty On Duty,Kurupt - Ho's A Housewife,Ying Yang Twins - 1st Booty On Duty,Kurupt - Ho's A Housewife,Twista - Overdose (Album Version),Kurupt - Ho's A Housewife,N.W.A. - The Dayz Of Wayback,Immortal Technique - Crossing the Boundary,Kurupt - Ho's A Housewife,Immortal Technique - Crossing the Boundary,N.W.A. - The Dayz Of Wayback
TRBGUUE128F1494FB6,SOGDJWU12A58A7DA10,ARJA1841187FB3A029,David Bowie,Baal's Hymn,classical,Lauryn Hill - Interlude 5,Beastie Boys - B-Boy Bouillabaisse: A.W.O.L. (2009 Digital Remaster),Vanilla Ice - Ice Is Workin' It,Lauryn Hill - Interlude 5,Beastie Boys - B-Boy Bouillabaisse: A.W.O.L. (2009 Digital Remaster),Vanilla Ice - Ice Is Workin' It,King Geedorah - The Fine Print,MC Paul Barman - Anarchist Bookstore part 1,Sopor Aeternus & The Ensemble Of Shadows - Architecture II,King Geedorah - The Fine Print,MC Paul Barman - Anarchist Bookstore part 1,Sopor Aeternus & The Ensemble Of Shadows - Architecture II,Lauryn Hill - Interlude 5,Beastie Boys - B-Boy Bouillabaisse: A.W.O.L. (2009 Digital Remaster),Savatage - The Hourglass,Dar Williams - Mortal City,Savatage - The Hourglass,Gang Starr - The Illest Brother,Anti-Flag - Captain Anarchy,Johnny Cash - A Thing Called Love,Charlotte Church - Joy To The World,Johnny Cash - A Thing Called Love,Gang Starr - The Illest Brother,Dar Williams - Mortal City
TREPYPE128F92EB38C,SOBAQGA12AB017C9F2,ARNJ9LU1187B9A56A6,Il Divo,Adagio,classical,Gemelli Diversi - Istruzioni Per L'(Ill)uso,Flaminio Maphia - Quelli Che,Fabrizio De Andrè - Sinan Capudan Pascià,Gemelli Diversi - Istruzioni Per L'(Ill)uso,Flaminio Maphia - Quelli Che,Fabrizio De Andrè - Sinan Capudan Pascià,Il Divo - Musica,Amici Forever - Adagio,Paul Potts - Mamma,Il Divo - Musica,Amici Forever - Adagio,Paul Potts - Mamma,Flaminio Maphia - Quelli Che,Gemelli Diversi - Istruzioni Per L'(Ill)uso,Caparezza - Gli Insetti Del Podere,Flaminio Maphia - Quelli Che,Gemelli Diversi - Istruzioni Per L'(Ill)uso,Caparezza - Gli Insetti Del Podere,Il Divo - Musica,Amici Forever - Adagio,Gianmaria Testa - Il meglio di te,Il Divo - Musica,Amici Forever - Adagio,Gianmaria Testa - Il meglio di te
TRGZRPJ128F92EF7E2,SOJBCHJ12A8C140942,ARNJ9LU1187B9A56A6,Il Divo,Adeste Fideles,classical,Vanilla Ice - It's A Party,Black Eyed Peas - Tell Your Momma Come,João Gilberto - Aguas De Marco,Vanilla Ice - It's A Party,Black Eyed Peas - Tell Your Momma Come,João Gilberto - Aguas De Marco,Markus Krunegård - Maria & Jag,Rory Gallagher - Out On The Western Plain,Siouxsie And The Banshees - Belladonna,Markus Krunegård - Maria & Jag,Rory Gallagher - Out On The Western Plain,Siouxsie And The Banshees - Belladonna,Paul Potts - O Holy Night,Il Divo - O Holy Night,João Gilberto - Aguas De Marco,Paul Potts - O Holy Night,João Gilberto - Aguas De Marco,Il Divo - O Holy Night,Paul Potts - O Holy Night,Il Divo - O Holy Night,School Food Punishment - Flow,Paul Potts - O Holy Night,Il Divo - O Holy Night,School Food Punishment - Flow
TRGXTYR128F42ACF5F,SOJILSK12A8C13F427,ARNJ9LU1187B9A56A6,Il Divo,All By Myself (Solo Otra Vez),classical,Los Van Van - El Negro Está Cocinando,Willie Colon - Gitana,Horace Andy - Horse With No Name,Los Van Van - El Negro Está Cocinando,Willie Colon - Gitana,Horace Andy - Horse With No Name,Il Divo - La Vida Sin Amor,Cristian Castro - Mi Vida Sin Tu Amor,Rey Ruiz - Mienteme Otra Véz,Il Divo - La Vida Sin Amor,Cristian Castro - Mi Vida Sin Tu Amor,Rey Ruiz - Mienteme Otra Véz,Gilberto Santa Rosa - Amor Mio No Te Vayas,Rey Ruiz - Mienteme Otra Véz,Reik - Sin Conocerte,Gilberto Santa Rosa - Amor Mio No Te Vayas,Rey Ruiz - Mienteme Otra Véz,Reik - Sin Conocerte,Gilberto Santa Rosa - Amor Mio No Te Vayas,Genitallica - Otra Vez,Reik - Sin Conocerte,Gilberto Santa Rosa - Amor Mio No Te Vayas,Genitallica - Otra Vez,Reik - Sin Conocerte
TRVXXVG128F933AB88,SOHGPTR12AB01874F5,ARNJ9LU1187B9A56A6,Il Divo,Amazing Grace,classical,Lauryn Hill - Interlude 5,Beastie Boys - B-Boy Bouillabaisse: A.W.O.L. (2009 Digital Remaster),Nelly - Splurge,Lauryn Hill - Interlude 5,Beastie Boys - B-Boy Bouillabaisse: A.W.O.L. (2009 Digital Remaster),Nelly - Splurge,Hayley Westenra - Amazing Grace,RKL - Heavily Sedated,Robben Ford & The Blue Line - Rugged Road,Hayley Westenra - Amazing Grace,RKL - Heavily Sedated,Robben Ford & The Blue Line - Rugged Road,Hayley Westenra - Amazing Grace,Recoil - Curse,Ja Rule - One of Us,Hayley Westenra - Amazing Grace,Recoil - Curse,Greg Laswell - How The Day Sounds,Hayley Westenra - Amazing Grace,Michael McDonald - Peace,Snog - Playstation Blues,Hayley Westenra - Amazing Grace,Michael McDonald - Peace,Snog - Playstation Blues
TRLFGML128F92EB391,SOMZKFD12AB017CA0C,ARNJ9LU1187B9A56A6,Il Divo,Angelina,classical,Violadores del Verso - Dale tiempo al rumor,Violadores del Verso - Cantando,Los Van Van - El Negro Está Cocinando,Violadores del Verso - Dale tiempo al rumor,Violadores del Verso - Cantando,Los Van Van - El Negro Está Cocinando,Héroes del Silencio - El Camino Del Exceso,El sueño de Morfeo - Sonrisa especial,Nach Scratch - Abre tu puerta (y cruza el universo),Héroes del Silencio - El Camino Del Exceso,El sueño de Morfeo - Sonrisa especial,Nach Scratch - Abre tu puerta (y cruza el universo),Violadores del Verso - Cantando,Violadores del Verso - Dale tiempo al rumor,Daddy Yankee - Todos Quieren A Raymond,Violadores del Verso - Cantando,Violadores del Verso - Dale tiempo al rumor,Daddy Yankee - Todos Quieren A Raymond,Violadores del Verso - Cantando,El sueño de Morfeo - Sonrisa especial,Nach Scratch - Abre tu puerta (y cruza el universo),Violadores del Verso - Cantando,El sueño de Morfeo - Sonrisa especial,Nach Scratch - Abre tu puerta (y cruza el universo)
TRVFSWI128F42ACE94,SOJZKPG12A8C13F9E0,ARNJ9LU1187B9A56A6,Il Divo,Ave Maria,classical,Abba - Move On,Horace Andy - Horse With No Name,Gemelli Diversi - Istruzioni Per L'(Ill)uso,Abba - Move On,Horace Andy - Horse With No Name,Gemelli Diversi - Istruzioni Per L'(Ill)uso,Vittorio Grigolo - Roma Sogna,Il Divo - La Promesa,Frankie HI-NRG MC - Fili,Vittorio Grigolo - Roma Sogna,Il Divo - La Promesa,Frankie HI-NRG MC - Fili,Gemelli Diversi - Istruzioni Per L'(Ill)uso,Flaminio Maphia - Quelli Che,Fabrizio De Andrè - Sinan Capudan Pascià,Gemelli Diversi - Istruzioni Per L'(Ill)uso,Flaminio Maphia - Quelli Che,Fabrizio De Andrè - Sinan Capudan Pascià,Il Divo - Come Primavera,Frankie HI-NRG MC - Fili,Vittorio Grigolo - Roma Sogna,Il Divo - Come Primavera,Frankie HI-NRG MC - Fili,Vittorio Grigolo - Roma Sogna
TRMKTUF128F42BC140,SOLHDOP12A8C13FB24,ARNJ9LU1187B9A56A6,Il Divo,Caruso,classical,Gemelli Diversi - Istruzioni Per L'(Ill)uso,Fabrizio De Andrè - Sinan Capudan Pascià,Abba - Move On,Gemelli Diversi - Istruzioni Per L'(Ill)uso,Fabrizio De Andrè - Sinan Capudan Pascià,Abba - Move On,Lara Fabian - Caruso,Gemelli Diversi - Istruzioni Per L'(Ill)uso,Sergio Cammariere - La Canzone Dell' Impossibile,Lara Fabian - Caruso,Gemelli Diversi - Istruzioni Per L'(Ill)uso,Sergio Cammariere - La Canzone Dell' Impossibile,Gemelli Diversi - Istruzioni Per L'(Ill)uso,Fabrizio De Andrè - Sinan Capudan Pascià,Caparezza - Gli Insetti Del Podere,Gemelli Diversi - Istruzioni Per L'(Ill)uso,Fabrizio De Andrè - Sinan Capudan Pascià,Caparezza - Gli Insetti Del Podere,Lara Fabian - Caruso,Sergio Cammariere - La Canzone Dell' Impossibile,Russell Watson - Nessun dorma!,Lara Fabian - Caruso,Sergio Cammariere - La Canzone Dell' Impossibile,Russell Watson - Nessun dorma!
TRXNYOZ128F42BC146,SOBTJJR12A8C13FB29,ARNJ9LU1187B9A56A6,Il Divo,Come Primavera,classical,Abba - Move On,Horace Andy - Horse With No Name,Desmond Dekker - Mother Nature,Abba - Move On,Horace Andy - Horse With No Name,Desmond Dekker - Mother Nature,Emma Shapplin - Spente Le Stelle,Gemelli Diversi - Istruzioni Per L'(Ill)uso,Vittorio Grigolo - Roma Sogna,Emma Shapplin - Spente Le Stelle,Gemelli Diversi - Istruzioni Per L'(Ill)uso,Vittorio Grigolo - Roma Sogna,Gemelli Diversi - Istruzioni Per L'(Ill)uso,Flaminio Maphia - Quelli Che,Fabrizio De Andrè - Sinan Capudan Pascià,Gemelli Diversi - Istruzioni Per L'(Ill)uso,Flaminio Maphia - Quelli Che,Caparezza - Limiti,Il Divo - Ave Maria,Raf - Passeggeri Distratti,Paul Potts - Tristesse,Il Divo - Ave Maria,Raf - Passeggeri Distratti,Paul Potts - Tristesse
TRYFLQK128F92EF7F1,SOOVZJZ12A8C1399B9,ARNJ9LU1187B9A56A6,Il Divo,Dentro Un Altro Si,classical,Flaminio Maphia - Quelli Che,Gemelli Diversi - Istruzioni Per L'(Ill)uso,Fabrizio De Andrè - Sinan Capudan Pascià,Flaminio Maphia - Quelli Che,Gemelli Diversi - Istruzioni Per L'(Ill)uso,Fabrizio De Andrè - Sinan Capudan Pascià,Marlene Kuntz - L'Abbraccio,Le Luci Della Centrale Elettrica - Per combattere l'acne,Josh Groban - Oceano (Revised Live Version),Marlene Kuntz - L'Abbraccio,Le Luci Della Centrale Elettrica - Per combattere l'acne,Josh Groban - Oceano (Revised Live Version),Caparezza - Gli Insetti Del Podere,Flaminio Maphia - Quelli Che,Caparezza - Limiti,Caparezza - Gli Insetti Del Podere,Flaminio Maphia - Quelli Che,Caparezza - Limiti,Josh Groban - Oceano (Revised Live Version),Le Luci Della Centrale Elettrica - Per combattere l'acne,Caparezza - L'Età Dei Figuranti,Josh Groban - Oceano (Revised Live Version),Le Luci Della Centrale Elettrica - Per combattere l'acne,Caparezza - L'Età Dei Figuranti
TRRWCOL128F42AD05D,SOOZNYR12A8C13D9F7,ARNJ9LU1187B9A56A6,Il Divo,En Aranjuez Con Tu Amor,classical,Violadores del Verso - Dale tiempo al rumor,Violadores del Verso - Cantando,Victor Manuelle - Lloré Lloré,Violadores del Verso - Dale tiempo al rumor,Violadores del Verso - Cantando,Victor Manuelle - Lloré Lloré,Amici Forever - Aranjuez Ma Pensee,Joan Manuel Serrat - Mediterraneo,Juanes - Tu Y Yo,Amici Forever - Aranjuez Ma Pensee,Joan Manuel Serrat - Mediterraneo,Juanes - Tu Y Yo,Violadores del Verso - Cantando,Violadores del Verso - Dale tiempo al rumor,Violadores del Verso - La ciudad nunca duerme,Violadores del Verso - Cantando,Violadores del Verso - Dale tiempo al rumor,Violadores del Verso - La ciudad nunca duerme,Amici Forever - Aranjuez Ma Pensee,Loquillo Y Los Trogloditas - Hermanos de sangre (Rulot 05),Jorge Drexler - No te creas,Amici Forever - Aranjuez Ma Pensee,Loquillo Y Los Trogloditas - Hermanos de sangre (Rulot 05),Jorge Drexler - No te creas
TRVRPTI128F92EB390,SOCREBZ12AB017CA05,ARNJ9LU1187B9A56A6,Il Divo,Enamorado,classical,Violadores del Verso - Dale tiempo al rumor,Johnny Prez - Te Vuelvo Loca,Willie Colon - Gitana,Johnny Prez - Te Vuelvo Loca,Violadores del Verso - Dale tiempo al rumor,Willie Colon - Gitana,Maelo Ruiz - Te Amo,Monica Naranjo - Mi Vida Por Un Hombre,Terranova - De Oro,Maelo Ruiz - Te Amo,Monica Naranjo - Mi Vida Por Un Hombre,Terranova - De Oro,Violadores del Verso - Dale tiempo al rumor,Camila - Alejate De Mi,Daddy Yankee - Como Y Vete,Violadores del Verso - Dale tiempo al rumor,Camila - Alejate De Mi,Daddy Yankee - Como Y Vete,Camila - Alejate De Mi,Illya Kuryaki And The Valderramas - Virgen De Riña,Juanes - Volcan,Camila - Alejate De Mi,Illya Kuryaki And The Valderramas - Virgen De Riña,Juanes - Volcan
TRGRNWU128F42AE46D,SOLRRGS12A8C13FD5A,ARNJ9LU1187B9A56A6,Il Divo,Esisti Dentro Me,classical,Elvis Crespo - Tu Sonrisa,Daddy Yankee - Como Y Vete,RBD - Tu Amor (Hecho En Madrid),Elvis Crespo - Tu Sonrisa,Daddy Yankee - Como Y Vete,RBD - Tu Amor (Hecho En Madrid),Elvis Crespo - Tu Sonrisa,Luis Miguel - Tú Sólo Tú,Vittorio Grigolo - Tu Sei,Elvis Crespo - Tu Sonrisa,Luis Miguel - Tú Sólo Tú,Vittorio Grigolo - Tu Sei,Gemelli Diversi - Istruzioni Per L'(Ill)uso,Flaminio Maphia - Quelli Che,Tiziano Ferro - Salutandotiaffogo,Gemelli Diversi - Istruzioni Per L'(Ill)uso,Flaminio Maphia - Quelli Che,Tiziano Ferro - Salutandotiaffogo,Paul Potts - Ognuno Soffre,Vittorio Grigolo - Se Tu Non Sei Lei,Il Divo - Ave Maria,Paul Potts - Ognuno Soffre,Vittorio Grigolo - Se Tu Non Sei Lei,Il Divo - Ave Maria
TRNXWLK128F92EC9A7,SOVINFL12A8C139286,ARNJ9LU1187B9A56A6,Il Divo,Everytime I Look At You,classical,Lauryn Hill - Interlude 5,Beastie Boys - B-Boy Bouillabaisse: A.W.O.L. (2009 Digital Remaster),Twista - I'm A Winner (Amended Album Version),Lauryn Hill - Interlude 5,Beastie Boys - B-Boy Bouillabaisse: A.W.O.L. (2009 Digital Remaster),Twista - I'm A Winner (Amended Album Version),G4 - Broken Vow,Josh Groban - Broken Vow (Album Version),Kenny Rogers - Endless love,G4 - Broken Vow,Josh Groban - Broken Vow (Album Version),The Puppini Sisters - I Will Survive,Momus - Closer To You,Lauryn Hill - Interlude 5,Beastie Boys - B-Boy Bouillabaisse: A.W.O.L. (2009 Digital Remaster),Keith Anderson - Lost In This Moment,Delta Goodrem - My Big Mistake,T Bone Burnett - I'm Going On A Long Journey Never To Return,Snog - Playstation Blues,Agnostic Front - Blinded,Delta Goodrem - My Big Mistake,Snog - Playstation Blues,Delta Goodrem - My Big Mistake,Keith Anderson - Lost In This Moment
TRITOVK128F92EC9A0,SOCVWFF12A8C13B6EE,ARNJ9LU1187B9A56A6,Il Divo,Feelings,classical,Dean Martin - I've Grown Accustomed To Her Face,Us3 - Can U Feel It?,Gemelli Diversi - Istruzioni Per L'(Ill)uso,Dean Martin - I've Grown Accustomed To Her Face,Us3 - Can U Feel It?,Gemelli Diversi - Istruzioni Per L'(Ill)uso,Amari - 30 Anni Che Non Ci Vediamo,Bluvertigo - Niente Per Scontato,Dean Martin - I've Grown Accustomed To Her Face,Amari - 30 Anni Che Non Ci Vediamo,Bluvertigo - Niente Per Scontato,Dean Martin - I've Grown Accustomed To Her Face,Caparezza - Gli Insetti Del Podere,Vinicio Capossela - L'uomo vivo (inno al gioia),Flaminio Maphia - Quelli Che,Caparezza - Gli Insetti Del Podere,Vinicio Capossela - L'uomo vivo (inno al gioia),Caparezza - Limiti,Bluvertigo - Niente Per Scontato,Andrea Bocelli - Semplicemente (Canto Per Te),Caparezza - L'Età Dei Figuranti,Bluvertigo - Niente Per Scontato,Andrea Bocelli - Semplicemente (Canto Per Te),Caparezza - L'Età Dei Figuranti
TRRLVOI128F92EB38D,SOKINKK12AB017C9F6,ARNJ9LU1187B9A56A6,Il Divo,Hallelujah (Aleluya),classical,Violadores del Verso - Dale tiempo al rumor,Violadores del Verso - Cantando,Victor Manuelle - Lloré Lloré,Violadores del Verso - Dale tiempo al rumor,Violadores del Verso - Cantando,Victor Manuelle - Lloré Lloré,La Oreja de Van Gogh - El 28,Grupo Niche - Buenaventura Y Caney,Violadores del Verso - Cantando,La Oreja de Van Gogh - El 28,Grupo Niche - Buenaventura Y Caney,Violadores del Verso - Cantando,Violadores del Verso - Cantando,Violadores del Verso - Dale tiempo al rumor,Violadores del Verso - No Paseis Por Alto A Los Genios,Violadores del Verso - Cantando,Violadores del Verso - Dale tiempo al rumor,Violadores del Verso - No Paseis Por Alto A Los Genios,Grupo Niche - Buenaventura Y Caney,Love Of Lesbian - El ectoplasta,Jerry Rivera - Amores Como El Nuestro,Grupo Niche - Buenaventura Y Caney,Love Of Lesbian - El ectoplasta,Jerry Rivera - Amores Como El Nuestro
TRHPPNF128F42ACFA9,SOCXAJQ12A8C13FD4E,ARNJ9LU1187B9A56A6,Il Divo,Hasta Mi Final,classical,Violadores del Verso - Dale tiempo al rumor,Johnny Prez - Te Vuelvo Loca,Violadores del Verso - Cantando,Violadores del Verso - Dale tiempo al rumor,Johnny Prez - Te Vuelvo Loca,Violadores del Verso - Cantando,Maelo Ruiz - Te Amo,Terranova - De Oro,Ana Gabriel - Clemencia,Maelo Ruiz - Te Amo,Terranova - De Oro,Ana Gabriel - Clemencia,Violadores del Verso - Dale tiempo al rumor,Violadores del Verso - Cantando,Daddy Yankee - Todos Quieren A Raymond,Violadores del Verso - Dale tiempo al rumor,Violadores del Verso - Cantando,Tranzas - Mañana que más da,KALIMBA - Llorar duele mas,Joe Arroyo - Tal Para Cual,Café Quijano - Vete De Mi,KALIMBA - Llorar duele mas,Joe Arroyo - Tal Para Cual,Aventura - Todavía Me Amas
TRUXYDP128F93234BD,SOYGKHG12AB01804C8,ARS54I31187FB46721,Taylor Swift,Crazier,country,Lauryn Hill - Interlude 5,Twista - I'm A Winner (Amended Album Version),Danity Kane - Hold Me Down (Album Version),Lauryn Hill - Interlude 5,Twista - I'm A Winner (Amended Album Version),Danity Kane - Hold Me Down (Album Version),Amerie - Higher,Chely Wright - Between A Mother And A Child,Clint Black - You Made Me Feel,Amerie - Higher,Chely Wright - Between A Mother And A Child,Clint Black - You Made Me Feel,Lauryn Hill - Interlude 5,Beastie Boys - B-Boy Bouillabaisse: A.W.O.L. (2009 Digital Remaster),Matisyahu - Close My Eyes,Matisyahu - Close My Eyes,Paul Anka - The Way You Make Me Feel,Joni Mitchell - Paprika Plains  (Remix),Plan B - Love Goes Down,Clint Black - You Made Me Feel,Midtown - Manhattan,Plan B - Love Goes Down,Clint Black - You Made Me Feel,Powerman 5000 - Watch The Sky For Me
TRKVVVK12903CB592C,SODUDUN12AB018CCAB,ARS54I31187FB46721,Taylor Swift,Fifteen,country,Lauryn Hill - Interlude 5,Twista - I'm A Winner (Amended Album Version),Eminem - My Darling,Lauryn Hill - Interlude 5,Twista - I'm A Winner (Amended Album Version),Eminem - My Darling,Damian Marley - In 2 Deep,HELLYEAH - Nausea,Junior Boys - Double Shadow,Damian Marley - In 2 Deep,HELLYEAH - Nausea,Alison Krauss / Union Station - The Lucky One,Lauryn Hill - Interlude 5,Beastie Boys - B-Boy Bouillabaisse: A.W.O.L. (2009 Digital Remaster),Snoop Dogg - Snoopafella (Edited),Lauryn Hill - Interlude 5,Gang Starr - The Illest Brother,Michael Jackson - Man In The Mirror,Fantasia - Bump What Your Friends Say,Harry Connick_ Jr. - Someday,Me First And The Gimme Gimmes - Rainbow Connection,Lauryn Hill - Interlude 5,Gang Starr - The Illest Brother,King Tee - Act A Fool
TRUVVME12903CBA350,SORRBVQ12A58A7AA33,ARS54I31187FB46721,Taylor Swift,Change,country,Lauryn Hill - Interlude 5,Vanilla Ice - Ice Is Workin' It,Daft Punk - Touch It / Technologic,Lauryn Hill - Interlude 5,Vanilla Ice - Ice Is Workin' It,Daft Punk - Touch It / Technologic,Ella Fitzgerald - Manhattan,Modern Life Is War - Destination: Death or Better Days,Dean Martin - Side By Side,Ella Fitzgerald - Manhattan,Modern Life Is War - Destination: Death or Better Days,Dead Kennedys - Kinky Sex Makes the World Go 'Round,Lauryn Hill - Interlude 5,Binary Star - Indy 500,Beastie Boys - B-Boy Bouillabaisse: A.W.O.L. (2009 Digital Remaster),Lauryn Hill - Interlude 5,Binary Star - Indy 500,The Cat Empire - Days Like These,Ayreon - Prologue,Steel Pulse - Handsworth Revolution,The Cat Empire - Days Like These,The Cat Empire - Days Like These,Lauryn Hill - Interlude 5,Steel Pulse - Handsworth Revolution
TRZGWCY12903CEF521,SOVMMRT12D021B2E6E,ARHATLI1187FB52C76,Toby Keith,You Can't Read My Mind,country,Lauryn Hill - Interlude 5,Beastie Boys - B-Boy Bouillabaisse: A.W.O.L. (2009 Digital Remaster),Twista - I'm A Winner (Amended Album Version),Lauryn Hill - Interlude 5,Twista - I'm A Winner (Amended Album Version),Beastie Boys - B-Boy Bouillabaisse: A.W.O.L. (2009 Digital Remaster),Anastacia - Club Megamix,Amanda Jenssen - Don't Worry,New Order - Bizarre Love Triangle,Anastacia - Club Megamix,Amanda Jenssen - Don't Worry,New Order - Bizarre Love Triangle,Beastie Boys - B-Boy Bouillabaisse: A.W.O.L. (2009 Digital Remaster),Lauryn Hill - Interlude 5,Eminem - 8 Mile,Beastie Boys - B-Boy Bouillabaisse: A.W.O.L. (2009 Digital Remaster),Daryl Hall - Help Me Find A Way To Your Heart,Mutya Buena - Not Your Baby,Mutya Buena - Not Your Baby,B.B. King - All Over Again,Colbie Caillat - Midnight Bottle,Mutya Buena - Not Your Baby,Dance Hall Crashers - DHC,Daryl Hall - Help Me Find A Way To Your Heart
TRMAVQT128F4270DBF,SOLJTVT12A58A79F96,ARH861H1187B9B799E,Johnny Cash,Man In White,country,Lauryn Hill - Interlude 5,Beastie Boys - B-Boy Bouillabaisse: A.W.O.L. (2009 Digital Remaster),Eminem - 8 Mile,Lauryn Hill - Interlude 5,Beastie Boys - B-Boy Bouillabaisse: A.W.O.L. (2009 Digital Remaster),Eminem - 8 Mile,Faron Young - Riverboat,Snoop Dogg - Snoopafella (Edited),John Denver - El Paso,Faron Young - Riverboat,Snoop Dogg - Snoopafella (Edited),John Denver - El Paso,Beastie Boys - B-Boy Bouillabaisse: A.W.O.L. (2009 Digital Remaster),Lauryn Hill - Interlude 5,Savatage - The Hourglass,Savatage - The Hourglass,Snoop Dogg - Snoopafella (Edited),Dar Williams - Mortal City,The Psychedelic Furs - Flowers,Hank Williams - I Saw the Light,Brooks & Dunn - Born And Raised In Black And White,Snoop Dogg - Snoopafella (Edited),Savatage - The Hourglass,Billy Gilman - Oklahoma
TRWVEDL128F4293EA3,SOOVRMN12AF72A0933,AR7ZFLN1187FB4830A,Rascal Flatts,Holes,country,Lauryn Hill - Interlude 5,Beastie Boys - B-Boy Bouillabaisse: A.W.O.L. (2009 Digital Remaster),Twista - I'm A Winner (Amended Album Version),Lauryn Hill - Interlude 5,Beastie Boys - B-Boy Bouillabaisse: A.W.O.L. (2009 Digital Remaster),Twista - I'm A Winner (Amended Album Version),Joni Mitchell - Lesson In Survival  (LP Version),RKL - Heavily Sedated,Beastie Boys - B-Boy Bouillabaisse: A.W.O.L. (2009 Digital Remaster),Joni Mitchell - Lesson In Survival  (LP Version),RKL - Heavily Sedated,Beastie Boys - B-Boy Bouillabaisse: A.W.O.L. (2009 Digital Remaster),Lauryn Hill - Interlude 5,Beastie Boys - B-Boy Bouillabaisse: A.W.O.L. (2009 Digital Remaster),Twista - Overdose (Album Version),Lauryn Hill - Interlude 5,Dr. Alban - One Love,KRS-One - The Truth,Violet Indiana - Safe Word,Ulver - The Truth,Nick Lowe - Indian Queens,Violet Indiana - Safe Word,Nick Lowe - Indian Queens,Ulver - The Truth
TRTVVYX128F9328DBA,SOMKEYV12AF72A20B2,ARFL99B1187B9A2A45,Sugarland,Baby Girl,country,Lauryn Hill - Interlude 5,Beastie Boys - B-Boy Bouillabaisse: A.W.O.L. (2009 Digital Remaster),Twista - I'm A Winner (Amended Album Version),Lauryn Hill - Interlude 5,Beastie Boys - B-Boy Bouillabaisse: A.W.O.L. (2009 Digital Remaster),Twista - I'm A Winner (Amended Album Version),Michael Bublé - Stuck In The Middle With You (Non-Album Track),Gary Allan - Promise Broken,A Tribe Called Quest - Hot Sex,Michael Bublé - Stuck In The Middle With You (Non-Album Track),Gary Allan - Promise Broken,A Tribe Called Quest - Hot Sex,Beastie Boys - B-Boy Bouillabaisse: A.W.O.L. (2009 Digital Remaster),Momus - Closer To You,Lauryn Hill - Interlude 5,Barry White - Never Gonna Give You Up,Momus - Closer To You,The Dramatics - Be My Girl,Barry White - Never Gonna Give You Up,Dusty Springfield - Send It To Me,Lonestar - Please Come Home For Christmas,Barry White - Never Gonna Give You Up,Dusty Springfield - Send It To Me,Lonestar - Please Come Home For Christmas
TRTGPPK128F1459DD4,SOIHEED12A6D4F5E36,AR4DW2Q1187FB44DB6,Billy Currington,Growin' Up Down There,country,Lauryn Hill - Interlude 5,Beastie Boys - B-Boy Bouillabaisse: A.W.O.L. (2009 Digital Remaster),Twista - I'm A Winner (Amended Album Version),Lauryn Hill - Interlude 5,Beastie Boys - B-Boy Bouillabaisse: A.W.O.L. (2009 Digital Remaster),Twista - I'm A Winner (Amended Album Version),The Streets - The Irony Of It All (Album Version),N-Dubz - Sex,Westlife - That's Life,The Streets - The Irony Of It All (Album Version),N-Dubz - Sex,Lil Wyte - Ten Toes Tall,Lauryn Hill - Interlude 5,Beastie Boys - B-Boy Bouillabaisse: A.W.O.L. (2009 Digital Remaster),Savatage - The Hourglass,Lost Boyz - Summer Time,Savatage - The Hourglass,"Digable Planets - Pacifics (Sdtrk ""N.Y. Is Red Hot"")",Confederate Railroad - Summer In Dixie (Remastered Album Version),Julie Ruin - Aerobicide,Alexandra Burke - Dumb,Alexandra Burke - Dumb,Confederate Railroad - Summer In Dixie (Remastered Album Version),Dido - Summer
TRHUIRM128F426BFD5,SOMDWHQ12A6D4F5E30,AR4DW2Q1187FB44DB6,Billy Currington,Hangin' Around,country,Lauryn Hill - Interlude 5,Twista - I'm A Winner (Amended Album Version),Erykah Badu - I Want You,Lauryn Hill - Interlude 5,Twista - I'm A Winner (Amended Album Version),Erykah Badu - I Want You,Kevin Devine - Fever Moon,The Corrs - Irresistible ( LP Version ),Ricky Skaggs - I Wouldn't Change You If I Could,Kevin Devine - Fever Moon,The Corrs - Irresistible ( LP Version ),Ricky Skaggs - I Wouldn't Change You If I Could,Beastie Boys - B-Boy Bouillabaisse: A.W.O.L. (2009 Digital Remaster),Lauryn Hill - Interlude 5,The Streets - Weak Become Heroes,Billie Piper - Day And Night,Aaron Neville - Don't Fall Apart On Me Tonight,The Streets - Weak Become Heroes,Blacklisted - Wish,The Coral - I Forgot My Name,Incognito - Chase The Clouds Away,Blacklisted - Wish,The Coral - I Forgot My Name,Incognito - Chase The Clouds Away
TRJNTQQ128F426BFD0,SOVXWMI12A8C13B667,AR4DW2Q1187FB44DB6,Billy Currington,Here I Am,country,Lauryn Hill - Interlude 5,Beastie Boys - B-Boy Bouillabaisse: A.W.O.L. (2009 Digital Remaster),Twista - I'm A Winner (Amended Album Version),Lauryn Hill - Interlude 5,Beastie Boys - B-Boy Bouillabaisse: A.W.O.L. (2009 Digital Remaster),Twista - I'm A Winner (Amended Album Version),Aesop Rock - Shovel,Michael Bublé - Stuck In The Middle With You (Non-Album Track),Momus - Closer To You,Aesop Rock - Shovel,Michael Bublé - Stuck In The Middle With You (Non-Album Track),Momus - Closer To You,Beastie Boys - B-Boy Bouillabaisse: A.W.O.L. (2009 Digital Remaster),Lauryn Hill - Interlude 5,Petey Pablo - Fool For Love,Houston - Twizala,Jackson 5 - Lookin' Through The Windows,G-Unit - Beg For Mercy,Remy Shand - Looking Back On Vanity,Jackson 5 - Lookin' Through The Windows,Houston - Twizala,Remy Shand - Looking Back On Vanity,Houston - Twizala,Jackson 5 - Lookin' Through The Windows
TRZJCNT128F426BFCC,SOWNWBW12A8C13B65E,AR4DW2Q1187FB44DB6,Billy Currington,She's Got A Way With Me,country,Lauryn Hill - Interlude 5,Beastie Boys - B-Boy Bouillabaisse: A.W.O.L. (2009 Digital Remaster),Twiztid - She Ain't Afraid,Lauryn Hill - Interlude 5,Beastie Boys - B-Boy Bouillabaisse: A.W.O.L. (2009 Digital Remaster),Young Jeezy - By The Way,Josh Turner - Haywire,Atmosphere - Hair,James Taylor - Something In The Way She Moves,Josh Turner - Haywire,Atmosphere - Hair,James Taylor - Something In The Way She Moves,Beastie Boys - B-Boy Bouillabaisse: A.W.O.L. (2009 Digital Remaster),Lauryn Hill - Interlude 5,Twiztid - She Ain't Afraid,Barry White - Never Gonna Give You Up,The Corrs - Queen Of Hollywood ( LP Version ),Twiztid - She Ain't Afraid,Clint Black - Half The Man,Barry White - Never Gonna Give You Up,Teenage Bottlerocket - She's Not the One,Clint Black - Half The Man,Barry White - Never Gonna Give You Up,Johnny Cash - A Thing Called Love
TRPZEWS128F92F585E,SOOSFVL12AB018253F,AR4DW2Q1187FB44DB6,Billy Currington,That's How Country Boys Roll,country,Lauryn Hill - Interlude 5,Michael Jackson - Man In The Mirror,Beastie Boys - B-Boy Bouillabaisse: A.W.O.L. (2009 Digital Remaster),Lauryn Hill - Interlude 5,Michael Jackson - Man In The Mirror,Beastie Boys - B-Boy Bouillabaisse: A.W.O.L. (2009 Digital Remaster),The Dubliners - The Molly Maguires,Dropkick Murphys - Good Rats (Live),Valient Thorr - False Profits,The Dubliners - The Molly Maguires,Dropkick Murphys - Good Rats (Live),Valient Thorr - False Profits,Beastie Boys - B-Boy Bouillabaisse: A.W.O.L. (2009 Digital Remaster),Lauryn Hill - Interlude 5,Savatage - The Hourglass,Nivea - Indian Dance,Alabama - Roll On (Eighteen Wheeler),Ferlin Husky - Convoy,Lyle Lovett - North Dakota,Alabama - Roll On (Eighteen Wheeler),Nivea - Indian Dance,Lyle Lovett - North Dakota,Alabama - Roll On (Eighteen Wheeler),Nivea - Indian Dance
TRYPBLE128F1459DD1,SOKHXYG12A6D4F5E33,AR4DW2Q1187FB44DB6,Billy Currington,Where The Girls Are,country,Lauryn Hill - Interlude 5,Beastie Boys - B-Boy Bouillabaisse: A.W.O.L. (2009 Digital Remaster),Eminem - My Darling,Lauryn Hill - Interlude 5,Beastie Boys - B-Boy Bouillabaisse: A.W.O.L. (2009 Digital Remaster),Eminem - My Darling,Public Image Ltd - Where Are You?,Antimatter - Legions,Leo Sayer - Wondering Where The Lions Are,Public Image Ltd - Where Are You?,Antimatter - Legions,Leo Sayer - Wondering Where The Lions Are,Beastie Boys - B-Boy Bouillabaisse: A.W.O.L. (2009 Digital Remaster),Eminem - 8 Mile,Murs - The Dance,Cyndi Lauper - Girls Just Want To Have Fun,Kurtis Blow - AJ Scratch,Beastie Boys - B-Boy Bouillabaisse: A.W.O.L. (2009 Digital Remaster),Cyndi Lauper - Girls Just Want To Have Fun,Greg Laswell - Girls Just Want To Have Fun (Demo),Jamie Cullum - Music Is Through,Cyndi Lauper - Girls Just Want To Have Fun,Greg Laswell - Girls Just Want To Have Fun (Demo),Thomas Dolby - Screen Kiss
TRKVITQ128F4271B31,SOVALXP12D021B3DA8,ARH861H1187B9B799E,Johnny Cash,Daddy Sang Bass,country,Lauryn Hill - Interlude 5,Beastie Boys - B-Boy Bouillabaisse: A.W.O.L. (2009 Digital Remaster),The Pharcyde - Otha Fish,Lauryn Hill - Interlude 5,Beastie Boys - B-Boy Bouillabaisse: A.W.O.L. (2009 Digital Remaster),The Pharcyde - Otha Fish,Pentangle - Will the Circle Be Unbroken?,Opera IX - Immortal Chant,Bruce Springsteen - Brothers Under The Bridges ('83),Pentangle - Will the Circle Be Unbroken?,Opera IX - Immortal Chant,Bruce Springsteen - Brothers Under The Bridges ('83),Lauryn Hill - Interlude 5,Eminem - 8 Mile,Dolly Parton - Daddy's Moonshine Still,Dolly Parton - Daddy's Moonshine Still,Merle Haggard - Daddy Frank,Triumvirat - Sing Me A Song (Non Album Track),Cross Canadian Ragweed - Lawrence,Merle Haggard - Daddy Frank,Lefty Frizzell - Mom And Dad's Waltz,Cross Canadian Ragweed - Lawrence,Merle Haggard - Daddy Frank,Dolly Parton - Daddy's Moonshine Still
TRGZDBB128F4270A4C,SOLWDNH12D021B2402,ARH861H1187B9B799E,Johnny Cash,I Don't Know Where I'm Bound,country,Beastie Boys - B-Boy Bouillabaisse: A.W.O.L. (2009 Digital Remaster),Eminem - 8 Mile,R. Kelly - I Mean (I Don't Mean It),Eminem - 8 Mile,Beastie Boys - B-Boy Bouillabaisse: A.W.O.L. (2009 Digital Remaster),R. Kelly - I Mean (I Don't Mean It),LMFAO - I Am Not A Whore,Sylver - Fallin',Sneaky Sound System - 16,LMFAO - I Am Not A Whore,Sylver - Fallin',Sneaky Sound System - 16,Beastie Boys - B-Boy Bouillabaisse: A.W.O.L. (2009 Digital Remaster),Louis Logic - Dos Factotum,Lauryn Hill - Interlude 5,Louis Logic - Dos Factotum,Anastacia - Club Megamix,Soulfly - One Nation (Album Version),Soulfly - One Nation (Album Version),Darden Smith - Swept Away,Louis Logic - Dos Factotum,Louis Logic - Dos Factotum,Soulfly - One Nation (Album Version),Bessie Smith - Back water blues
TRMBNRH12903D02C23,SOWLYYP12D0219044F,ARH861H1187B9B799E,Johnny Cash,I Was There When It Happened,country,Lauryn Hill - Interlude 5,Beastie Boys - B-Boy Bouillabaisse: A.W.O.L. (2009 Digital Remaster),Eminem - 8 Mile,Lauryn Hill - Interlude 5,Beastie Boys - B-Boy Bouillabaisse: A.W.O.L. (2009 Digital Remaster),Eminem - 8 Mile,Common - Book Of Life,Bananarama - Lovebite,Lupe Fiasco - Hurt Me Soul (Explicit Album Version),Common - Book Of Life,Bananarama - Lovebite,Lupe Fiasco - Hurt Me Soul (Explicit Album Version),Lauryn Hill - Interlude 5,DJ Quik - Safe + Sound,Beastie Boys - B-Boy Bouillabaisse: A.W.O.L. (2009 Digital Remaster),Lauryn Hill - Oh Jerusalem,Nothingface - Villains (Full-Length),DJ Quik - Safe + Sound,Nothingface - Villains (Full-Length),Iron Maiden - Lord Of The Flies (Live In Dortmund),Ginuwine - Ginuwine 4 ur Mind,Nothingface - Villains (Full-Length),Iron Maiden - Lord Of The Flies (Live In Dortmund),Ginuwine - Ginuwine 4 ur Mind
TRBXYKU128F427915D,SOEXZQP12D021B0F1D,ARH861H1187B9B799E,Johnny Cash,The Big Battle,country,Lauryn Hill - Interlude 5,Beastie Boys - B-Boy Bouillabaisse: A.W.O.L. (2009 Digital Remaster),Eminem - My Darling,Lauryn Hill - Interlude 5,Beastie Boys - B-Boy Bouillabaisse: A.W.O.L. (2009 Digital Remaster),Eminem - My Darling,Solefald - Loki Trickster God,KRS ONE - I'm On The Mic,Snow Patrol - The Lightning Strike,Solefald - Loki Trickster God,KRS ONE - I'm On The Mic,Snow Patrol - The Lightning Strike,Beastie Boys - B-Boy Bouillabaisse: A.W.O.L. (2009 Digital Remaster),Twista - Overdose (Album Version),Lauryn Hill - Interlude 5,Gang Starr - The Illest Brother,Esham - Killin' Spree,Fugees (Tranzlator Crew) - Temple,Esham - Killin' Spree,Bellamy Brothers - Livin In The West,Jolie Holland - Mexico City,Esham - Killin' Spree,Gang Starr - The Illest Brother,John Denver - El Paso
TRFRXGD128F42717FF,SOHCAKG12A8BED7973,ARH861H1187B9B799E,Johnny Cash,A Thing Called Love,country,Lauryn Hill - Interlude 5,Michael Jackson - Man In The Mirror,Beastie Boys - B-Boy Bouillabaisse: A.W.O.L. (2009 Digital Remaster),Lauryn Hill - Interlude 5,Michael Jackson - Man In The Mirror,Beastie Boys - B-Boy Bouillabaisse: A.W.O.L. (2009 Digital Remaster),Pete Murray - My Time,Reckless Kelly - Broken Heart,Aesop Rock - Mars Attacks,Aesop Rock - Mars Attacks,Company Flow - The Fire In Which You Burn (feat. J-Treds & The Brewin From The Juggaknots),Pete Murray - My Time,Lauryn Hill - Interlude 5,Beastie Boys - B-Boy Bouillabaisse: A.W.O.L. (2009 Digital Remaster),Savatage - The Hourglass,Michael Jackson - Man In The Mirror,Savatage - The Hourglass,Jay-Z - Soon You'll Understand,Billy Currington - She's Got A Way With Me,David Bowie - Baal's Hymn,Erasure - Intro: Guess I'm Into Feeling,Billy Currington - She's Got A Way With Me,David Bowie - Baal's Hymn,Dixie Chicks - Travelin' Soldier
TRYIYFG128F42603CC,SOOUGLY12A8BEE954A,ARH861H1187B9B799E,Johnny Cash,You Dreamer You,country,Lauryn Hill - Interlude 5,Twista - I'm A Winner (Amended Album Version),Erykah Badu - I Want You,Lauryn Hill - Interlude 5,Twista - I'm A Winner (Amended Album Version),Erykah Badu - I Want You,Heavenly - Tool,Jay-Jay Johanson - I fantasize of you,Hello Saferide - Get Sick Soon,Heavenly - Tool,Jay-Jay Johanson - I fantasize of you,Hello Saferide - Get Sick Soon,Beastie Boys - B-Boy Bouillabaisse: A.W.O.L. (2009 Digital Remaster),Joe Bonamassa - Asking Around For You,Recoil - Curse,Joe Bonamassa - Asking Around For You,Josh Groban - It Came Upon A Midnight Clear (Album Version),Flipsyde - Angel,Joe Bonamassa - Asking Around For You,Brooks & Dunn - You're My Angel,Josh Groban - It Came Upon A Midnight Clear (Album Version),Joe Bonamassa - Asking Around For You,Gatsbys American Dream - Just Like Heaven,Brooks & Dunn - You're My Angel
TRQHDNY128F92E3A01,SOOFVUE12AB017B824,ARH861H1187B9B799E,Johnny Cash,I Walk The Line,country,Lauryn Hill - Interlude 5,Twista - I'm A Winner (Amended Album Version),Beastie Boys - B-Boy Bouillabaisse: A.W.O.L. (2009 Digital Remaster),Lauryn Hill - Interlude 5,Twista - I'm A Winner (Amended Album Version),Beastie Boys - B-Boy Bouillabaisse: A.W.O.L. (2009 Digital Remaster),Brian McKnight - Holdin' On [Missin' U] (Album Version),Ben Folds Five - Don't Change Your Plans,Mario Vazquez - Everytime I...,Brian McKnight - Holdin' On [Missin' U] (Album Version),Ben Folds Five - Don't Change Your Plans,Clint Black - Killin' Time,Beastie Boys - B-Boy Bouillabaisse: A.W.O.L. (2009 Digital Remaster),Lauryn Hill - Interlude 5,DMX - Keep Your Shit The Hardest,DMX - Keep Your Shit The Hardest,Demi Lovato - Until You're Mine,Dilated Peoples - Expansion Team Theme,Tony Bennett - Close Your Eyes,Demi Lovato - Until You're Mine,Big Bad Voodoo Daddy - Still In Love With You,Demi Lovato - Until You're Mine,Tony Bennett - Close Your Eyes,Big Bad Voodoo Daddy - Still In Love With You
TRGCHXM128F429CBB9,SOKDAHN12A8C13F938,ARH861H1187B9B799E,Johnny Cash,Life's Railway To Heaven,country,Lauryn Hill - Interlude 5,Michael Jackson - Man In The Mirror,The Pharcyde - Otha Fish,Lauryn Hill - Interlude 5,The Pharcyde - Otha Fish,Michael Jackson - Man In The Mirror,Andrea Bocelli - The Lords Prayer,Amici Forever - The Prayer,Pain of Salvation - Kingdom of Loss,Andrea Bocelli - The Lords Prayer,Amici Forever - The Prayer,Pain of Salvation - Kingdom of Loss,Flipsyde - Angel,Lauryn Hill - Interlude 5,Will.I.Am - She's A Star,Flipsyde - Angel,Gentleman - Different Places,Will.I.Am - She's A Star,Disgorge - Parallels Of Infinite Torture,Flipsyde - Angel,Scapegoat - Monster,Disgorge - Parallels Of Infinite Torture,Flipsyde - Angel,Scapegoat - Monster
TRSJGNV128F92F4124,SODVCJH12AF72A4A08,AR3ETJY1187B98ED15,Darius Rucker,If I Had Wings,country,Beastie Boys - B-Boy Bouillabaisse: A.W.O.L. (2009 Digital Remaster),Lauryn Hill - Interlude 5,Eminem - 8 Mile,Beastie Boys - B-Boy Bouillabaisse: A.W.O.L. (2009 Digital Remaster),Mario Vazquez - Everytime I...,Lauryn Hill - Interlude 5,Unsung Zeros - Intermission,Manafest - Runaway,Alice Peacock - Here I Go Again,Unsung Zeros - Intermission,Manafest - Runaway,Alice Peacock - Here I Go Again,Lauryn Hill - Interlude 5,Beastie Boys - B-Boy Bouillabaisse: A.W.O.L. (2009 Digital Remaster),Savatage - The Hourglass,Jazzamor - fly,Will.I.Am - The Traveling Song,Kurt Elling - Resolution,Jazzamor - fly,Percy Sledge - My Special Prayer,Newcleus - Why,Jazzamor - fly,Percy Sledge - My Special Prayer,Newcleus - Why
TRHTOYT128F429FEF4,SOVZHIK12A8C1349BD,ARNNM56119B86686EA,Luke Bryan,Pray About Everything,country,Mindless Self Indulgence - Never Wanted to Dance,Lauryn Hill - Interlude 5,R. Kelly - I Mean (I Don't Mean It),Mindless Self Indulgence - Never Wanted to Dance,R. Kelly - I Mean (I Don't Mean It),Lauryn Hill - Interlude 5,Diamond Rio - One More Day,Savoy Brown - Stay While The Night Is Young,Chicago - Life It What It Is (Remastered LP Version),Diamond Rio - One More Day,Savoy Brown - Stay While The Night Is Young,Chicago - Life It What It Is (Remastered LP Version),Savatage - The Hourglass,Alicia Keys - Tell You Something (Nana's Reprise),Nelly - Splurge,Billy Ray Cyrus - Crazy 'Bout You Baby,Curtis Mayfield - Don't Worry (ReMastered),Will.I.Am - Fantastic,Curtis Mayfield - Don't Worry (ReMastered),Carolyn Dawn Johnson - One Day Closer to You,RJD2 - Work It Out,Curtis Mayfield - Don't Worry (ReMastered),Carolyn Dawn Johnson - One Day Closer to You,Billy Ray Cyrus - Crazy 'Bout You Baby
TRCFFVR128F145D6DF,SOYPMDY12A6D4F77DE,AR95IYB1187FB3FE0B,Keith Urban,Your Everything,country,Lauryn Hill - Interlude 5,Beastie Boys - B-Boy Bouillabaisse: A.W.O.L. (2009 Digital Remaster),Twista - I'm A Winner (Amended Album Version),Lauryn Hill - Interlude 5,Twista - I'm A Winner (Amended Album Version),Beastie Boys - B-Boy Bouillabaisse: A.W.O.L. (2009 Digital Remaster),The Dells - It's All Up To You,Amici Forever - Whisper of Angels,Momus - Closer To You,The Dells - It's All Up To You,Momus - Closer To You,Amici Forever - Whisper of Angels,Lauryn Hill - Interlude 5,Beastie Boys - B-Boy Bouillabaisse: A.W.O.L. (2009 Digital Remaster),Savatage - The Hourglass,MIMS - Move (If You Wanna),Savatage - The Hourglass,Michael Jackson - Man In The Mirror,Paul Potts - La Prima Volta (First Time Ever I Saw Your Face),Maximilian Hecker - Snow,HorrorPops - Trapped,Paul Potts - La Prima Volta (First Time Ever I Saw Your Face),Maximilian Hecker - Snow,HorrorPops - Trapped
TRQSGEL128F4242DFC,SOAXCEO12CF5F873BF,ARHATLI1187FB52C76,Toby Keith,A Little Too Late,country,Lauryn Hill - Interlude 5,Michael Jackson - Man In The Mirror,Rufio - Over It (Acoustic),Lauryn Hill - Interlude 5,Rufio - Over It (Acoustic),Michael Jackson - Man In The Mirror,Smokie - Little Lucy,Zeromancer - My Little Tragedy,Little Walter - Too Late,Smokie - Little Lucy,Zeromancer - My Little Tragedy,Little Walter - Too Late,Eminem - 8 Mile,Lauryn Hill - Interlude 5,Beastie Boys - B-Boy Bouillabaisse: A.W.O.L. (2009 Digital Remaster),Little Walter - Too Late,Sophie Milman - Undun,Keri Noble - Piece Of My Heart,Little Walter - Too Late,The Quireboys - Misled,SOJA - Here I Am,Little Walter - Too Late,The Quireboys - Misled,SOJA - Here I Am
TRAIMRN128E0791E72,SOAOYPN12CF52D3231,ARHATLI1187FB52C76,Toby Keith,Who's Your Daddy?,country,Lauryn Hill - Interlude 5,Twista - I'm A Winner (Amended Album Version),Eminem - My Darling,Lauryn Hill - Interlude 5,Marques Houston - Cancel (Album Version),Eminem - My Darling,Aretha Franklin - Who's Zoomin' Who?,Marques Houston - Cancel (Album Version),Dar Williams - Your Fire Your Soul,Aretha Franklin - Who's Zoomin' Who?,Marques Houston - Cancel (Album Version),Dar Williams - Your Fire Your Soul,Eminem - 8 Mile,Beastie Boys - B-Boy Bouillabaisse: A.W.O.L. (2009 Digital Remaster),Lauryn Hill - Interlude 5,Keri Noble - Piece Of My Heart,Rehab - Chest Pain,Chuck Jackson - (You Can't Let The Boy Overpower) The Man In You,Chuck Jackson - (You Can't Let The Boy Overpower) The Man In You,T-Bone Walker - Evening,Keri Noble - Piece Of My Heart,Chuck Jackson - (You Can't Let The Boy Overpower) The Man In You,Keri Noble - Piece Of My Heart,Rehab - Chest Pain
TRRSVGD128F4242DDC,SORPIQY12A8C13632E,ARHATLI1187FB52C76,Toby Keith,A Woman's Touch,country,Lauryn Hill - Interlude 5,Beastie Boys - B-Boy Bouillabaisse: A.W.O.L. (2009 Digital Remaster),Michael Jackson - Man In The Mirror,Lauryn Hill - Interlude 5,Beastie Boys - B-Boy Bouillabaisse: A.W.O.L. (2009 Digital Remaster),Eminem - 8 Mile,Moxy Fruvous - The Greatest Man In America,MC Paul Barman - Anarchist Bookstore part 1,Billy Gilman - Oklahoma,Moxy Fruvous - The Greatest Man In America,MC Paul Barman - Anarchist Bookstore part 1,Billy Gilman - Oklahoma,Lauryn Hill - Interlude 5,The Isley Brothers - Touch Me,Beastie Boys - B-Boy Bouillabaisse: A.W.O.L. (2009 Digital Remaster),The Isley Brothers - Touch Me,Lauryn Hill - Interlude 5,The Isley Brothers - Contagious,Gentleman - Empress,Nine Inch Nails - The Great Collapse,Etta James - W.O.M.A.N.,Gentleman - Empress,Amy Winehouse - I Heard Love Is Blind,The Specials - Stupid Marriage
TRTXHKL128F4242DD9,SOROSTR12A8C136324,ARHATLI1187FB52C76,Toby Keith,Big Ol' Truck,country,Beastie Boys - B-Boy Bouillabaisse: A.W.O.L. (2009 Digital Remaster),Lauryn Hill - Interlude 5,Michael Jackson - Man In The Mirror,Beastie Boys - B-Boy Bouillabaisse: A.W.O.L. (2009 Digital Remaster),Lauryn Hill - Interlude 5,Twiztid - She Ain't Afraid,Mark Wills - She's In Love,Ben Kweller - Magic,Ben E. King - Spanish Harlem (LP Version),Mark Wills - She's In Love,Ben Kweller - Magic,Ben E. King - Spanish Harlem (LP Version),Beastie Boys - B-Boy Bouillabaisse: A.W.O.L. (2009 Digital Remaster),Eminem - 8 Mile,Twiztid - She Ain't Afraid,Twiztid - She Ain't Afraid,Beastie Boys - B-Boy Bouillabaisse: A.W.O.L. (2009 Digital Remaster),Less Than Jake - She's Gonna Break Soon (Radio Edit) (w/o Horns),Joe Bonamassa - One of these Days,Lil' Chris - Figure It Out,Bo Diddley - Diddy Wah Diddy,Joe Bonamassa - One of these Days,Big Bill Broonzy - Big Bill Blues,Little Anthony & The Imperials - Shimmy_ Shimmy_ Ko-Ko-Bop (Single Version)
TRADETN128F148CF19,SOEKKYB12A6D4F81D4,ARHATLI1187FB52C76,Toby Keith,Blue Bedroom,country,Lauryn Hill - Interlude 5,Twista - I'm A Winner (Amended Album Version),Eminem - My Darling,Lauryn Hill - Interlude 5,Twista - I'm A Winner (Amended Album Version),Eminem - My Darling,Ayo - Only You,7L & Esoteric - Boxcutter Rap,Stuck Mojo - Suburban Ranger,Ayo - Only You,7L & Esoteric - Boxcutter Rap,Stuck Mojo - Suburban Ranger,Jodeci - My Phone,Beastie Boys - B-Boy Bouillabaisse: A.W.O.L. (2009 Digital Remaster),Lauryn Hill - Interlude 5,Jodeci - My Phone,Jon Secada - Where Do I Go From You,Katie Melua - Blue Shoes,Nina Simone - After You've Gone (live),Roy Orbison - California Blue,Jodeci - My Phone,Nina Simone - After You've Gone (live),Jodeci - My Phone,Roy Orbison - California Blue
TRKKXKG128E0791E74,SOJRPQW12B0B808689,ARHATLI1187FB52C76,Toby Keith,It's All Good,country,Lauryn Hill - Interlude 5,Beastie Boys - B-Boy Bouillabaisse: A.W.O.L. (2009 Digital Remaster),Vanilla Ice - Ice Is Workin' It,Lauryn Hill - Interlude 5,Beastie Boys - B-Boy Bouillabaisse: A.W.O.L. (2009 Digital Remaster),Vanilla Ice - Ice Is Workin' It,Above The Law - Flow On (Move Me No Mountain),Set Your Goals - our ethos: a legacy to pass on,Mack 10 - LBC And The ING (Explicit),Above The Law - Flow On (Move Me No Mountain),Set Your Goals - our ethos: a legacy to pass on,Mack 10 - LBC And The ING (Explicit),Lauryn Hill - Interlude 5,Beastie Boys - B-Boy Bouillabaisse: A.W.O.L. (2009 Digital Remaster),Atmosphere - Hair,Ledisi - Alright,Jodeci - It's Alright,Will.I.Am - She's A Star,Ledisi - Alright,Yellowcard - Believe,The Derek Trucks Band - Revolution,Ledisi - Alright,Yellowcard - Believe,Will.I.Am - She's A Star
TRSSUAV128F148D60F,SOLBJPX12A6D4F901D,ARHATLI1187FB52C76,Toby Keith,Sweet,country,Lauryn Hill - Interlude 5,Beastie Boys - B-Boy Bouillabaisse: A.W.O.L. (2009 Digital Remaster),Twista - I'm A Winner (Amended Album Version),Lauryn Hill - Interlude 5,Beastie Boys - B-Boy Bouillabaisse: A.W.O.L. (2009 Digital Remaster),Twista - I'm A Winner (Amended Album Version),Common - Book Of Life,Remy Ma - I'm,OutKast - Claimin' True,Common - Book Of Life,OutKast - Claimin' True,Remy Ma - I'm,Lauryn Hill - Interlude 5,Twista - Overdose (Album Version),Beastie Boys - B-Boy Bouillabaisse: A.W.O.L. (2009 Digital Remaster),Mobb Deep - Live Foul,The Game - Black Opera,Twista - Overdose (Album Version),Mobb Deep - Live Foul,Beastie Boys - Futterman's Rule (2009 Digital Remaster),Bone Thugs-N-Harmony - 9mm,Mobb Deep - Live Foul,Bone Thugs-N-Harmony - 9mm,Mack 10 - LBC And The ING (Explicit)
TRFROET128F148CF1F,SOPBTRI12A6D4F81DA,ARHATLI1187FB52C76,Toby Keith,You Shouldn't Kiss Me Like This,country,Lauryn Hill - Interlude 5,Twista - I'm A Winner (Amended Album Version),Beastie Boys - B-Boy Bouillabaisse: A.W.O.L. (2009 Digital Remaster),Lauryn Hill - Interlude 5,Twista - I'm A Winner (Amended Album Version),Beastie Boys - B-Boy Bouillabaisse: A.W.O.L. (2009 Digital Remaster),Lauryn Hill - Interlude 5,Kenickie - I Never Complain,Natasha Bedingfield - Stumble,Lauryn Hill - Interlude 5,Kenickie - I Never Complain,Souls Of Mischief - One,Lauryn Hill - Interlude 5,Beastie Boys - B-Boy Bouillabaisse: A.W.O.L. (2009 Digital Remaster),Momus - Closer To You,Paris Hilton - Not Leaving Without You (Album Version),R. Kelly - Kickin' It With Your Girlfriend,Louise - One Kiss From Heaven,Paris Hilton - Not Leaving Without You (Album Version),New Found Glory - Kiss Me,Louise - One Kiss From Heaven,Louise - One Kiss From Heaven,Paris Hilton - Not Leaving Without You (Album Version),OutKast - The Way You Move
TRFHVTT12903CF7CD9,SOBAAFP12D02198DCD,ARFR3E51187B9A0A85,Sara Evans,A Real Fine Place To Start,country,Lauryn Hill - Interlude 5,Twista - I'm A Winner (Amended Album Version),Michael Jackson - Man In The Mirror,Lauryn Hill - Interlude 5,Twista - I'm A Winner (Amended Album Version),Erykah Badu - I Want You,Natalie Cole - I'm Catching Hell (Living Here Alone) (Digitally Remastered 02),Black Sabbath - Sweet Leaf,Digital Underground - Sex Packets (LP Version),Natalie Cole - I'm Catching Hell (Living Here Alone) (Digitally Remastered 02),Digital Underground - Sex Packets (LP Version),Black Sabbath - Sweet Leaf,Michael Jackson - Man In The Mirror,Lauryn Hill - Interlude 5,DMX - Keep Your Shit The Hardest,Michael Jackson - Man In The Mirror,Danity Kane - Hold Me Down (Album Version),Shai - Waiting For The Day,Duran Duran - Electric Barbarella (Radio Edit),Little Walter - You're So Fine,Shai - Waiting For The Day,Shai - Waiting For The Day,Duran Duran - Electric Barbarella (Radio Edit),Little Walter - You're So Fine
TRXZNNF12903CA6F9B,SOWEIIN12AB018066C,ARO4WQR1187B9B9825,Kenny Rogers,Endless love,country,Lauryn Hill - Interlude 5,Twista - I'm A Winner (Amended Album Version),Beastie Boys - B-Boy Bouillabaisse: A.W.O.L. (2009 Digital Remaster),Lauryn Hill - Interlude 5,Twista - I'm A Winner (Amended Album Version),Erykah Badu - I Want You,Hello Saferide - Get Sick Soon,Next - I Still Love You,Babyface - Seven Seas,Hello Saferide - Get Sick Soon,Next - I Still Love You,Babyface - Seven Seas,Lauryn Hill - Interlude 5,Aceyalone - Mic Check,Eminem - My Darling,Next - I Still Love You,Hayley Westenra - My Heart Belongs To You,Dru Hill - Share My World,Hayley Westenra - My Heart Belongs To You,Dottie West - Forever Yours,Dru Hill - Share My World,Hayley Westenra - My Heart Belongs To You,Dru Hill - Share My World,Next - I Still Love You
TRTSAUB128E07859FC,SOGBBSX12A6701E426,ARV9LSS1187B98C471,Blake Shelton,Love Gets In The Way (Album Version),country,Lauryn Hill - Interlude 5,Beastie Boys - B-Boy Bouillabaisse: A.W.O.L. (2009 Digital Remaster),Twista - I'm A Winner (Amended Album Version),Twista - I'm A Winner (Amended Album Version),Beastie Boys - B-Boy Bouillabaisse: A.W.O.L. (2009 Digital Remaster),Lauryn Hill - Interlude 5,Fairground Attraction - Whispers,The Supremes - Stranger In Paradise,Nguru - The Way It Is,Fairground Attraction - Whispers,The Supremes - Stranger In Paradise,Nguru - The Way It Is,Beastie Boys - B-Boy Bouillabaisse: A.W.O.L. (2009 Digital Remaster),Eminem - 8 Mile,Petey Pablo - Fool For Love,Usher - Roni,The Pharcyde - Passin' Me By,Jeru The Damaja - Me Or The Papes,Bo Diddley - Diddy Wah Diddy,Blink-182 - TV,Wade Hayes - I'm Still Dancin' With You,Bo Diddley - Diddy Wah Diddy,The Pharcyde - Passin' Me By,Blink-182 - TV
TRFMGIO128F42591F0,SOBCKDM12D021B3D99,ARK4ZEK1187B990A4F,George Strait,I'd Like To Have That One Back,country,Lauryn Hill - Interlude 5,Beastie Boys - B-Boy Bouillabaisse: A.W.O.L. (2009 Digital Remaster),Eminem - 8 Mile,Lauryn Hill - Interlude 5,Beastie Boys - B-Boy Bouillabaisse: A.W.O.L. (2009 Digital Remaster),Eminem - 8 Mile,Unsung Zeros - Intermission,The Jeff Healey Band - My Little Girl,Con Funk Shun - Electric Lady,Unsung Zeros - Intermission,The Jeff Healey Band - My Little Girl,Con Funk Shun - Electric Lady,Beastie Boys - B-Boy Bouillabaisse: A.W.O.L. (2009 Digital Remaster),Lauryn Hill - Interlude 5,Snoop Dogg - Snoopafella (Edited),Petey Pablo - Fool For Love,Javier - Slow Motion,Snoop Dogg - Snoopafella (Edited),Jesse Johnson - I Want My Girl,Willie Nelson - I Feel Sorry For Him,Emanon - She Thinks,Jesse Johnson - I Want My Girl,Emanon - She Thinks,Willie Nelson - I Feel Sorry For Him
TRDYUVI128E078F725,SOEJDOV12D021B3BD5,ARK4ZEK1187B990A4F,George Strait,Marina Del Rey,country,Lauryn Hill - Interlude 5,Beastie Boys - B-Boy Bouillabaisse: A.W.O.L. (2009 Digital Remaster),The Pharcyde - Otha Fish,Lauryn Hill - Interlude 5,Beastie Boys - B-Boy Bouillabaisse: A.W.O.L. (2009 Digital Remaster),The Pharcyde - Otha Fish,Strung Out - Dead Spaces,Cyndi Lauper - Sally's Pigeons,Ben E. King - Spanish Harlem (LP Version),Strung Out - Dead Spaces,Cyndi Lauper - Sally's Pigeons,Bruce Springsteen - Brothers Under The Bridges ('83),Beastie Boys - B-Boy Bouillabaisse: A.W.O.L. (2009 Digital Remaster),OutKast - Mainstream,Snoop Dogg - Snoopafella (Edited),Mariah Carey - Joy Ride,Mark Wills - She's In Love,Rupert Hine - The Curious Kind,Gerry Rafferty - The Royal Mile,Mark Wills - She's In Love,Gipsy Kings - El Mauro,Mark Wills - She's In Love,Gerry Rafferty - The Royal Mile,Rupert Hine - The Curious Kind
TRPNLLB128F14956A5,SOPBLAJ12D02193A82,ARK4ZEK1187B990A4F,George Strait,Milk Cow Blues,country,Lauryn Hill - Interlude 5,Twista - I'm A Winner (Amended Album Version),Beastie Boys - B-Boy Bouillabaisse: A.W.O.L. (2009 Digital Remaster),Lauryn Hill - Interlude 5,Twista - I'm A Winner (Amended Album Version),Beastie Boys - B-Boy Bouillabaisse: A.W.O.L. (2009 Digital Remaster),Clawfinger - Revenge,Barry White - Never Gonna Give You Up,Eminem - My Darling,Barry White - Never Gonna Give You Up,Clawfinger - Revenge,Eminem - My Darling,Beastie Boys - B-Boy Bouillabaisse: A.W.O.L. (2009 Digital Remaster),Snoop Dogg - Snoopafella (Edited),Lauryn Hill - Interlude 5,Robben Ford - The Way You Treated Me (You're Gonna Be Sorry),Mississippi Fred McDowell - Louise,Memphis Minnie - Good Morning,Memphis Minnie - Good Morning,Robben Ford - The Way You Treated Me (You're Gonna Be Sorry),The Animals - Worried Life Blues,Memphis Minnie - Good Morning,Robben Ford - The Way You Treated Me (You're Gonna Be Sorry),Wayne Hancock - Johnson City
TRTDHSB128F422B90F,SOWKMZU12A81C2165A,ARKZ13R1187FB54FEE,Josh Turner,Another Try,country,Beastie Boys - B-Boy Bouillabaisse: A.W.O.L. (2009 Digital Remaster),Eminem - 8 Mile,Lauryn Hill - Interlude 5,Beastie Boys - B-Boy Bouillabaisse: A.W.O.L. (2009 Digital Remaster),Eminem - 8 Mile,Mario Vazquez - Everytime I...,Elizabeth Cotten - When I'm Gone,Clint Black - Killin' Time,David Ball - Blowin' Smoke,Elizabeth Cotten - When I'm Gone,Clint Black - Killin' Time,Sage Francis - Keep Moving,Eminem - 8 Mile,Kanye West - Diamonds From Sierra Leone,Savatage - The Hourglass,Kanye West - Diamonds From Sierra Leone,Sammie - I Like It (Remix),Teena Marie - Dear Lover,Boyz II Men - Amazed,Kristin Chenoweth - Christmas Island,Death In Vegas - Killing Smile,Boyz II Men - Amazed,Death In Vegas - Killing Smile,Sammie - I Like It (Remix)
TREXZYC12903CA281A,SOLDPJZ12AB0186231,ARKZ13R1187FB54FEE,Josh Turner,As Fast As I Could,country,Lauryn Hill - Interlude 5,Beastie Boys - B-Boy Bouillabaisse: A.W.O.L. (2009 Digital Remaster),Twista - I'm A Winner (Amended Album Version),Lauryn Hill - Interlude 5,Beastie Boys - B-Boy Bouillabaisse: A.W.O.L. (2009 Digital Remaster),Twista - I'm A Winner (Amended Album Version),Common - Book Of Life,Aaron Carter - That's How I Beat Shaq,Mario Vazquez - Everytime I...,Common - Book Of Life,Aaron Carter - That's How I Beat Shaq,Mario Vazquez - Everytime I...,Beastie Boys - B-Boy Bouillabaisse: A.W.O.L. (2009 Digital Remaster),Lauryn Hill - Interlude 5,Petey Pablo - Fool For Love,Tom Petty - Square One (Album Version),Kevon Edmonds - Never Love You,Robert Palmer - Woke Up Laughing,Tom Petty - Square One (Album Version),Alabama - Keepin' Up,Kevon Edmonds - Never Love You,Tom Petty - Square One (Album Version),Kevon Edmonds - Never Love You,Alabama - Keepin' Up
TRDXSGX128F425F173,SOTSNDR12A8AE47599,ARF8HTQ1187B9AE693,Daft Punk,One More Time / Aerodynamic,electronic,Lauryn Hill - Interlude 5,Danity Kane - Hold Me Down (Album Version),Beastie Boys - B-Boy Bouillabaisse: A.W.O.L. (2009 Digital Remaster),Lauryn Hill - Interlude 5,Danity Kane - Hold Me Down (Album Version),Black Eyed Peas - One Tribe,Fair Warning - Take Me Up,Daft Punk - One More Time (Romanthony's Unplugged),Colbie Caillat - Midnight Bottle,Fair Warning - Take Me Up,Daft Punk - One More Time (Romanthony's Unplugged),Colbie Caillat - Midnight Bottle,Jodeci - It's Alright,Lauryn Hill - Interlude 5,Paris Hilton - Not Leaving Without You (Album Version),Jodeci - It's Alright,Paris Hilton - Not Leaving Without You (Album Version),Justice - D.A.N.C.E [Jackson Remix],Desmond Dekker - Sweet Music,SUPREME BEINGS OF LEISURE - So Much More,Daft Punk - One More Time (Romanthony's Unplugged),Desmond Dekker - Sweet Music,Daft Punk - One More Time (Romanthony's Unplugged),SUPREME BEINGS OF LEISURE - So Much More
TREAQSX128E07818CA,SOAWSML12A6310F1B7,ARF8HTQ1187B9AE693,Daft Punk,One More Time (Romanthony's Unplugged),electronic,Lauryn Hill - Interlude 5,Twista - I'm A Winner (Amended Album Version),Ja Rule - One of Us,Lauryn Hill - Interlude 5,Twista - I'm A Winner (Amended Album Version),Ja Rule - One of Us,Fractured - One More Time,Hot Tuna - Come Back Baby,Tanya Tucker - One Love At A Time,Fractured - One More Time,Hot Tuna - Come Back Baby,Tanya Tucker - One Love At A Time,Lauryn Hill - Interlude 5,Nelly - Splurge,Beastie Boys - B-Boy Bouillabaisse: A.W.O.L. (2009 Digital Remaster),Ashanti - Rock Wit U (Awww Baby),Nelly - Splurge,The Jacksons - The Hurt,Daft Punk - One More Time / Aerodynamic,K-Ci & JoJo - Baby Come Back,The Jacksons - The Hurt,Daft Punk - One More Time / Aerodynamic,K-Ci & JoJo - Baby Come Back,The Jacksons - The Hurt
TRBVPVV128F425F14F,SOOHYOB12CF5F87A28,ARF8HTQ1187B9AE693,Daft Punk,Touch It / Technologic,electronic,Vanilla Ice - Ice Is Workin' It,Charley Patton - Shake It And Break It,Meat Loaf - If It Aint Broke Break It,Vanilla Ice - Ice Is Workin' It,Charley Patton - Shake It And Break It,Meat Loaf - If It Aint Broke Break It,Devo - Whip It,Robbie Williams - It's De-Lovely,Blossom Dearie - It's Too Good To Talk About Now,Devo - Whip It,Robbie Williams - It's De-Lovely,Blossom Dearie - It's Too Good To Talk About Now,Beastie Boys - B-Boy Bouillabaisse: A.W.O.L. (2009 Digital Remaster),Lauryn Hill - Interlude 5,Twista - Overdose (Album Version),Enrique Iglesias - She Be The One,Juvenile - Around The Way [Explicit Album Version],Obie Trice - Hoodrats,Enrique Iglesias - She Be The One,MU330 - Tune Me Out,T.Rex - The Street And Babe Shadow,Enrique Iglesias - She Be The One,MU330 - Tune Me Out,Archive - Black
TRBROFT128F92F8769,SOYPPAZ12A8C143CD6,ARORMBJ1241B9CDB1A,Ke$ha,Boots &  Boys,electronic,Lauryn Hill - Interlude 5,Beastie Boys - B-Boy Bouillabaisse: A.W.O.L. (2009 Digital Remaster),Twista - I'm A Winner (Amended Album Version),Lauryn Hill - Interlude 5,Beastie Boys - B-Boy Bouillabaisse: A.W.O.L. (2009 Digital Remaster),Nelly - Splurge,Stephanie McIntosh - Overcome,Carpark North - I And You,Ty Herndon - Pray For Me,Stephanie McIntosh - Overcome,Carpark North - I And You,Ty Herndon - Pray For Me,Ella Fitzgerald - Manhattan,Mariah Carey - Joy Ride,Kelis - Milkshake,Mariah Carey - Joy Ride,Ledisi - Joy,Ella Fitzgerald - Manhattan,Cass McCombs - Jonesy Boy,Ledisi - Joy,Stoa - Infant Joy,Cass McCombs - Jonesy Boy,Ledisi - Joy,Stoa - Infant Joy
TRIIWCU128F92F876A,SOQVJWF12A58A801EF,ARORMBJ1241B9CDB1A,Ke$ha,Animal,electronic,Lauryn Hill - Interlude 5,Beastie Boys - B-Boy Bouillabaisse: A.W.O.L. (2009 Digital Remaster),Eminem - 8 Mile,Lauryn Hill - Interlude 5,Beastie Boys - B-Boy Bouillabaisse: A.W.O.L. (2009 Digital Remaster),Eminem - 8 Mile,Bird York - Lovely Thing,Wyclef Jean - Intro,Tanya Tucker - Complicated,Bird York - Lovely Thing,KRS ONE - I'm On The Mic,Tanya Tucker - Complicated,Beastie Boys - B-Boy Bouillabaisse: A.W.O.L. (2009 Digital Remaster),Lauryn Hill - Interlude 5,Hollywood Undead - Undead,Big Bad Voodoo Daddy - Sleep Tight,Bishop Allen - The Monitor,Sugababes - Back When,Modern English - A Viable Commercial,Big Bad Voodoo Daddy - Sleep Tight,Simon & Garfunkel - The 59th Street Bridge Song (Feelin' Groovy),Modern English - A Viable Commercial,Big Bad Voodoo Daddy - Sleep Tight,Bishop Allen - The Monitor
TRVDAHO128F92F231E,SOXUSKK12A8C144F94,AR0IVTL1187B9AD520,Katy Perry,Hot N Cold (Innerpartysystem Main),electronic,Lauryn Hill - Interlude 5,Twista - I'm A Winner (Amended Album Version),Eminem - My Darling,Lauryn Hill - Interlude 5,Twista - I'm A Winner (Amended Album Version),Eminem - My Darling,Sleeper - Delicious,Husker Du - You're A Soldier,Patricia Barber - You're The Top,Sleeper - Delicious,Husker Du - You're A Soldier,Patricia Barber - You're The Top,Lauryn Hill - Interlude 5,Beastie Boys - B-Boy Bouillabaisse: A.W.O.L. (2009 Digital Remaster),DJ Quik - Safe + Sound,Lauryn Hill - Interlude 5,Jamie Foxx - Warm Bed,Beastie Boys - B-Boy Bouillabaisse: A.W.O.L. (2009 Digital Remaster),Kevin Devine - It's Only Your Life,Swans - Time Is Money (Bastard),Yeah Yeah Yeahs - Dudley,Kevin Devine - It's Only Your Life,Yeah Yeah Yeahs - Dudley,Swans - Time Is Money (Bastard)
TRUGOGT128F92F29E9,SONPGGS12AB0183AD2,AR0WLH6119B8669027,Owl City,Captains and Cruise Ships,electronic,Lauryn Hill - Interlude 5,Twista - I'm A Winner (Amended Album Version),Beastie Boys - B-Boy Bouillabaisse: A.W.O.L. (2009 Digital Remaster),Lauryn Hill - Interlude 5,Twista - I'm A Winner (Amended Album Version),Beastie Boys - B-Boy Bouillabaisse: A.W.O.L. (2009 Digital Remaster),Beastie Boys - B-Boy Bouillabaisse: A.W.O.L. (2009 Digital Remaster),MC Paul Barman - Excuse You,Kevin Devine - Fever Moon,Beastie Boys - B-Boy Bouillabaisse: A.W.O.L. (2009 Digital Remaster),MC Paul Barman - Excuse You,Kool Moe Dee - Bad Mutha,Beastie Boys - B-Boy Bouillabaisse: A.W.O.L. (2009 Digital Remaster),The Streets - Weak Become Heroes,Eminem - My Darling,The Streets - Weak Become Heroes,Tony Yayo - Dear Suzie,The Kovenant - Spaceman,Katie Melua - faraway voice,The Kovenant - Spaceman,Minnie Driver - Mary,Katie Melua - faraway voice,The Kovenant - Spaceman,The Streets - Weak Become Heroes
TRNEITZ128F92F29EA,SOIFHDS12AB0183AD5,AR0WLH6119B8669027,Owl City,Designer Skyline,electronic,Lauryn Hill - Interlude 5,Beastie Boys - B-Boy Bouillabaisse: A.W.O.L. (2009 Digital Remaster),Eminem - My Darling,Lauryn Hill - Interlude 5,Beastie Boys - B-Boy Bouillabaisse: A.W.O.L. (2009 Digital Remaster),Nelly - Splurge,General Surgery - Viva ! blunt force trauma,Further Seems Forever - Snowbirds And Townies,Motörhead - Out of the sun,General Surgery - Viva ! blunt force trauma,Further Seems Forever - Snowbirds And Townies,Motörhead - Out of the sun,Eminem - 8 Mile,Dar Williams - Mortal City,Parliament - Mr. Wiggles,Eminem - 8 Mile,Dar Williams - Mortal City,Dilated Peoples - Expansion Team Theme,Emiliana Torrini - Sunny Road,Incognito - Marrakech,Burning Spear - Red Gold And Green,Emiliana Torrini - Sunny Road,Incognito - Marrakech,Billy Currington - Where The Girls Are
TRMIHFS128F92F2A01,SOLCHRP12AC468D757,AR0WLH6119B8669027,Owl City,Early Birdie,electronic,Lauryn Hill - Interlude 5,Beastie Boys - B-Boy Bouillabaisse: A.W.O.L. (2009 Digital Remaster),Twista - I'm A Winner (Amended Album Version),Lauryn Hill - Interlude 5,Beastie Boys - B-Boy Bouillabaisse: A.W.O.L. (2009 Digital Remaster),Twista - I'm A Winner (Amended Album Version),The Streets - The Irony Of It All (Album Version),Lil Wyte - Ten Toes Tall,Blackstreet - How We Do,The Streets - The Irony Of It All (Album Version),Lil Wyte - Ten Toes Tall,Blackstreet - How We Do,Lauryn Hill - Interlude 5,Beastie Boys - B-Boy Bouillabaisse: A.W.O.L. (2009 Digital Remaster),Eminem - 8 Mile,Lauryn Hill - Interlude 5,Atmosphere - Hair,Haste The Day - Chorus Of Angels,Curtis Stigers - Sleeping With The Lights On,Diana Krall - How Deep Is The Ocean (How High Is The Sky),Hawk Nelson - From Underneath,Lauryn Hill - Adam Lives In Theory,Atmosphere - Hair,Gang Starr - 2 Deep
TRDEVZQ128F931BAED,SOQLHST12AB0184A27,AR0WLH6119B8669027,Owl City,Meteor Shower,electronic,Lauryn Hill - Interlude 5,Beastie Boys - B-Boy Bouillabaisse: A.W.O.L. (2009 Digital Remaster),Erykah Badu - I Want You,Erykah Badu - I Want You,Beastie Boys - B-Boy Bouillabaisse: A.W.O.L. (2009 Digital Remaster),Lauryn Hill - Interlude 5,K'Naan - Soobax,Ashley MacIsaac - I Don't Need This,Sage Francis - Keep Moving,K'Naan - Soobax,Ashley MacIsaac - I Don't Need This,Sage Francis - Keep Moving,Lauryn Hill - Interlude 5,Eminem - 8 Mile,The Handful - Memorial Day,The Handful - Memorial Day,Ayo - Down On My Knees,Spice Girls - Ain't No Stopping Us Now,Jane Child - Don't Let It Get To You (Album Version),Atomic Rooster - Banstead,Kings Of Convenience - Summer On The West Hill,Jane Child - Don't Let It Get To You (Album Version),Atomic Rooster - Banstead,Kings Of Convenience - Summer On The West Hill
TRCXWLU128F92F2A0D,SOWHUXB12AB01816EE,AR0WLH6119B8669027,Owl City,This Is The Future,electronic,Lauryn Hill - Interlude 5,Eminem - My Darling,Pain of Salvation - Spitfall,Lauryn Hill - Interlude 5,Eminem - My Darling,Pain of Salvation - Spitfall,Unter Null - Disgrace (Unholy Remix),Pencey Prep - Fat And Alone,Pain of Salvation - Spitfall,Unter Null - Disgrace (Unholy Remix),Pencey Prep - Fat And Alone,Pain of Salvation - Spitfall,Lauryn Hill - Interlude 5,Eminem - 8 Mile,Black Moon - Black Smif-n-Wessun (LP Version),Black Moon - Black Smif-n-Wessun (LP Version),Lauryn Hill - Interlude 5,Hawk Nelson - Turn It On,The Pietasters - Crime,The Prodigy - Wake Up Call (Album Version),MU330 - Curse,The Pietasters - Crime,Symphorce - Tears,Enigma - Modern Crusaders.
TRVJTNA128F934D19D,SOKTUGM12AB0184005,ARRBF3M1187FB4D59F,30 Seconds To Mars,Kings and Queens (Innerpartysystem Remix Main),electronic,Lauryn Hill - Interlude 5,Ja Rule - One of Us,Beastie Boys - B-Boy Bouillabaisse: A.W.O.L. (2009 Digital Remaster),Lauryn Hill - Interlude 5,Ja Rule - One of Us,Ladyhawke - Crazy World,Dead Kennedys - Goons of Hazzard,Zeigeist - Black Milk,IMMORTAL - Tyrants,Dead Kennedys - Goons of Hazzard,Zeigeist - Black Milk,IMMORTAL - Tyrants,Kurt Elling - Resolution,Prince - I Love U In Me ( LP Version),Beastie Boys - B-Boy Bouillabaisse: A.W.O.L. (2009 Digital Remaster),Kurt Elling - Resolution,Jah Cure - Sticky,Prince - I Love U In Me ( LP Version),J.J. Cale - Starbound,Tin Machine - Heaven's In Here (1999 Digital Remaster),Bob Marley & The Wailers - Africa Unite,J.J. Cale - Starbound,Tin Machine - Heaven's In Here (1999 Digital Remaster),Bob Marley & The Wailers - Africa Unite
TRRBLPE128F9311B20,SOMSZSA12AB0182E3A,ARVKJGO12086C15075,LMFAO,Bounce,electronic,Lauryn Hill - Interlude 5,Beastie Boys - B-Boy Bouillabaisse: A.W.O.L. (2009 Digital Remaster),Twista - I'm A Winner (Amended Album Version),Lauryn Hill - Interlude 5,Beastie Boys - B-Boy Bouillabaisse: A.W.O.L. (2009 Digital Remaster),Twista - I'm A Winner (Amended Album Version),OutKast - Claimin' True,Redman - Soopaman Luva 3,Warren G - We Brings Heat,OutKast - Claimin' True,Redman - Soopaman Luva 3,Warren G - We Brings Heat,2Pac - Strictly 4 My N.I.G.G.A.Z.,DMX - Keep Your Shit The Hardest,DJ Quik - Safe + Sound,2Pac - Strictly 4 My N.I.G.G.A.Z.,DMX - Keep Your Shit The Hardest,Young Jeezy - Still On It,2Pac - Strictly 4 My N.I.G.G.A.Z.,50 Cent - Rowdy Rowdy,Obie Trice - 24's,2Pac - Strictly 4 My N.I.G.G.A.Z.,50 Cent - Rowdy Rowdy,Onyx - The Worst
TRWQYOY128F425BD4C,SOODXDV12A8AE4807F,AR5K3CW1187FB45B46,Crystal Castles,Vanished,electronic,Lauryn Hill - Interlude 5,Beastie Boys - B-Boy Bouillabaisse: A.W.O.L. (2009 Digital Remaster),Eminem - My Darling,Lauryn Hill - Interlude 5,Beastie Boys - B-Boy Bouillabaisse: A.W.O.L. (2009 Digital Remaster),Eminem - My Darling,Gin Blossoms - Cheatin',The Jazz Butcher - She's On Drugs,Blanks77 - We Don't Need You,Gin Blossoms - Cheatin',The Jazz Butcher - She's On Drugs,Faithless - The Man In You,Dar Williams - Mortal City,Eminem - 8 Mile,Ying Yang Twins - 1st Booty On Duty,Dar Williams - Mortal City,Beastie Boys - An Open Letter To NYC,Scary Kids Scaring Kids - Holding On,The Besnard Lakes - On Bedford and Grand,Exploited - Dead Cities,Total Chaos - Riot City,Exploited - Dead Cities,Kevin Max - Greensleeves,The Besnard Lakes - On Bedford and Grand
TRLLRQA128F427C709,SOSKKKY12A8C13ED21,AR5K3CW1187FB45B46,Crystal Castles,Xxzxcuzx,electronic,Lauryn Hill - Interlude 5,Beastie Boys - B-Boy Bouillabaisse: A.W.O.L. (2009 Digital Remaster),Twista - I'm A Winner (Amended Album Version),Lauryn Hill - Interlude 5,Beastie Boys - B-Boy Bouillabaisse: A.W.O.L. (2009 Digital Remaster),Twista - I'm A Winner (Amended Album Version),Dead Kennedys - Kinky Sex Makes the World Go 'Round,Gang Starr - The Place We Dwell,Pink Martini - Tea For Two (Featuring Jimmy Scott),Dead Kennedys - Kinky Sex Makes the World Go 'Round,Gang Starr - The Place We Dwell,Pink Martini - Tea For Two (Featuring Jimmy Scott),Lauryn Hill - Interlude 5,Clipse - Dirty Money,Onyx - Face Down,Clipse - Dirty Money,Onyx - Face Down,Lauryn Hill - Interlude 5,Voodoo Glow Skulls - Left For Dead,INXS - Love Is (What I Say),G4 - You're The Voice,Voodoo Glow Skulls - Left For Dead,G4 - You're The Voice,INXS - Love Is (What I Say)
TRDFWPG128F148D4DF,SOIWRAH12A6D4F66C0,ARBEOHF1187B9B044D,Madonna,Die Another Day [Live],electronic,Mario Vazquez - Everytime I...,Eminem - 8 Mile,Beastie Boys - B-Boy Bouillabaisse: A.W.O.L. (2009 Digital Remaster),Mario Vazquez - Everytime I...,Eminem - 8 Mile,Beastie Boys - B-Boy Bouillabaisse: A.W.O.L. (2009 Digital Remaster),Bracket - Cynically Depressed,The Runaways - School Days,Floetry - I'll Die,Bracket - Cynically Depressed,The Runaways - School Days,Floetry - I'll Die,Lauryn Hill - Interlude 5,Beastie Boys - B-Boy Bouillabaisse: A.W.O.L. (2009 Digital Remaster),Afroman - Life of Tha Party,Afroman - Life of Tha Party,Kanye West - Can't Tell Me Nothing,KMD - Plumskinzz (Loose Hoe_ God & Cupid),Brian Eno - Just Another Day (Album Version),Devendra Banhart - My Dearest Friend,Joe Bonamassa - Woke up Dreaming,Brian Eno - Just Another Day (Album Version),Joe Bonamassa - Woke up Dreaming,Afroman - Life of Tha Party
TRVWMWN128E0788952,SOMANNK12A6701F0A1,ARN5NHX1187FB4F755,The Smashing Pumpkins,Perfect (Nellee Hooper Instrumental),electronic,Lauryn Hill - Interlude 5,Twista - I'm A Winner (Amended Album Version),Erykah Badu - I Want You,Lauryn Hill - Interlude 5,Erykah Badu - I Want You,Twista - I'm A Winner (Amended Album Version),RIDDLIN' KIDS - Ship Jumper,The Wonder Years - Dude_ What Is a Land Pirate?,Harry Connick_ Jr. - We Are In Love,The Wonder Years - Dude_ What Is a Land Pirate?,RIDDLIN' KIDS - Ship Jumper,Tony Sly - On the Outside,Lauryn Hill - Interlude 5,Momus - Closer To You,Jessica Simpson - The Lover In Me,Jessica Simpson - The Lover In Me,Rise Against - Survive,Ima Robot - Lovers In Captivity,Buck-O-Nine - Pass The Dutchie,Jessica Simpson - The Lover In Me,Ima Robot - Lovers In Captivity,Buck-O-Nine - Pass The Dutchie,Jessica Simpson - The Lover In Me,Ima Robot - Lovers In Captivity
TRDHPGJ128F4289C44,SOESBMW12A8AE48210,AR8V1X71187B9B919B,Kylie Minogue,Love At First Sight (The Scumfrog's Beauty And The Beast Vocal Edit),electronic,Lauryn Hill - Interlude 5,Twista - I'm A Winner (Amended Album Version),Beastie Boys - B-Boy Bouillabaisse: A.W.O.L. (2009 Digital Remaster),Lauryn Hill - Interlude 5,Twista - I'm A Winner (Amended Album Version),Beastie Boys - B-Boy Bouillabaisse: A.W.O.L. (2009 Digital Remaster),Neil Diamond - Delirious Love,Bonnie Raitt - Hear Me Lord,Smokey Robinson - Cruisin',Neil Diamond - Delirious Love,Bonnie Raitt - Hear Me Lord,Smokey Robinson - Cruisin',Lauryn Hill - Interlude 5,R. Kelly - Kickin' It With Your Girlfriend,The Streets - Weak Become Heroes,R. Kelly - Kickin' It With Your Girlfriend,Dean Martin - Kiss,Tammy Wynette - I Believe,JayMay - You Are The Only One I Love,Tammy Wynette - I Believe,Dean Martin - Kiss,JayMay - You Are The Only One I Love,Tammy Wynette - I Believe,Dean Martin - Kiss
TRFSQXF128F9311B25,SOCHMTD1288D3E7D9D,ARVKJGO12086C15075,LMFAO,I Am Not A Whore,electronic,Eminem - 8 Mile,Rufio - Over It (Acoustic),Beastie Boys - B-Boy Bouillabaisse: A.W.O.L. (2009 Digital Remaster),Eminem - 8 Mile,Rufio - Over It (Acoustic),Mario Vazquez - Everytime I...,Phosphorescent - Not A Heel,Björk - Hunter,Room Eleven - Bitch,Phosphorescent - Not A Heel,Björk - Hunter,Room Eleven - Bitch,Eminem - 8 Mile,Lauryn Hill - Interlude 5,Beastie Boys - B-Boy Bouillabaisse: A.W.O.L. (2009 Digital Remaster),Eminem - 8 Mile,Obie Trice - Hoodrats,Tamia - Mr. Cool (Featuring Mario Winans) (Album Version),Merle Haggard - Love Me Tender,Tamia - Mr. Cool (Featuring Mario Winans) (Album Version),Jay-Jay Johanson - Rush,Merle Haggard - Love Me Tender,Tamia - Mr. Cool (Featuring Mario Winans) (Album Version),Jay-Jay Johanson - Rush
TRXACXM12903CEC365,SOEFTYS129F06C1DEB,ARPD2KK1187B9B8B98,Cascada,Fever,electronic,Daft Punk - Touch It / Technologic,Twista - I'm A Winner (Amended Album Version),Vanilla Ice - Ice Is Workin' It,Daft Punk - Touch It / Technologic,Twista - I'm A Winner (Amended Album Version),Vanilla Ice - Ice Is Workin' It,Devo - Whip It,The Plasmatics - Corruption,Uriah Heep - Save It,Devo - Whip It,Uriah Heep - Save It,Sarah Connor - French Kissing,Lauryn Hill - Interlude 5,Beastie Boys - B-Boy Bouillabaisse: A.W.O.L. (2009 Digital Remaster),Eminem - 8 Mile,Michael Jackson - Man In The Mirror,Eric Carmen - Make Me Lose Control,Chanté Moore - Better Than Making Love,Chanté Moore - Better Than Making Love,Rick James - Call Me Up,Batmobile - Kiss me now,Chanté Moore - Better Than Making Love,Rick James - Call Me Up,Batmobile - Kiss me now
TRWWVGC12903CB5C50,SOBSJQH12AB01876C3,AR6LZB61187B9AF431,Depeche Mode,Freestate,electronic,Marques Houston - Cancel (Album Version),Fatboy Slim - Acid 8000,Eminem - My Darling,Marques Houston - Cancel (Album Version),Fatboy Slim - Acid 8000,Stevie Wonder - All Day Sucker,Damn Yankees - Firefly (LP Version),Marques Houston - Cancel (Album Version),Animal Collective - Brother Sport,Damn Yankees - Firefly (LP Version),Marques Houston - Cancel (Album Version),Natalie Merchant - Saint Judas (LP Version),Aceyalone - Mr. Outsider,Michael Jackson - Man In The Mirror,Lauryn Hill - Interlude 5,Ella Fitzgerald - Let Yourself Go,tobyMac - Get This Party Started: Ghost Remix,The Jacksons - Enjoy Yourself,Ella Fitzgerald - Let Yourself Go,Beverley Craven - Phoenix From The Fire,The Jacksons - Enjoy Yourself,Ella Fitzgerald - Let Yourself Go,Beverley Craven - Phoenix From The Fire,The Jacksons - Enjoy Yourself
TRYIJWH128F146948C,SOXZUAV12A6310F21A,AR6LZB61187B9AF431,Depeche Mode,Personal Jesus,electronic,Lauryn Hill - Interlude 5,Eminem - My Darling,Beastie Boys - B-Boy Bouillabaisse: A.W.O.L. (2009 Digital Remaster),Lauryn Hill - Interlude 5,Eminem - My Darling,Beastie Boys - B-Boy Bouillabaisse: A.W.O.L. (2009 Digital Remaster),Lollipop Lust Kill - Personal Jesus,Blackalicious - Just What Can Happen,Martin Jondo - Hold You,Lollipop Lust Kill - Personal Jesus,Blackalicious - Just What Can Happen,Martin Jondo - Hold You,Lollipop Lust Kill - Personal Jesus,Aretha Franklin - Reach Out And Touch (Live @ Fillmore West),Twista - Overdose (Album Version),Lollipop Lust Kill - Personal Jesus,Aretha Franklin - Reach Out And Touch (Live @ Fillmore West),Tina Turner - Talk To My Heart (Recorded Live In London '99),Lollipop Lust Kill - Personal Jesus,UnsraW - -9-,Aretha Franklin - Reach Out And Touch (Live @ Fillmore West),Lollipop Lust Kill - Personal Jesus,UnsraW - -9-,Aretha Franklin - Reach Out And Touch (Live @ Fillmore West)
TRDIAZY12903CB6532,SOWUJPS12AB018ACA8,ARAXU5Z1187B98FECD,Gorillaz,Broken,electronic,Lauryn Hill - Interlude 5,Beastie Boys - B-Boy Bouillabaisse: A.W.O.L. (2009 Digital Remaster),Twista - I'm A Winner (Amended Album Version),Lauryn Hill - Interlude 5,Twista - I'm A Winner (Amended Album Version),Beastie Boys - B-Boy Bouillabaisse: A.W.O.L. (2009 Digital Remaster),Erasure - The Circus,Sean Kingston - Magical,Bad Religion - Operation Rescue,Erasure - The Circus,Sean Kingston - Magical,Bad Religion - Operation Rescue,Pain of Salvation - Spitfall,Beastie Boys - B-Boy Bouillabaisse: A.W.O.L. (2009 Digital Remaster),Savatage - The Hourglass,Pain of Salvation - Spitfall,the bird and the bee - I'm a Broken Heart,Kenny Lattimore - Forgiveness,the bird and the bee - I'm a Broken Heart,The Miracles - Broken Hearted,Kingston Falls - The Weak Shall Prevail,the bird and the bee - I'm a Broken Heart,The Miracles - Broken Hearted,Kenny Lattimore - Forgiveness
TRTUJAL128F423E18D,SOGNWLL12AF72AAA61,ARAXU5Z1187B98FECD,Gorillaz,Kids With Guns (Quiet Village Remix),electronic,Daft Punk - Touch It / Technologic,Vanilla Ice - Ice Is Workin' It,Charley Patton - Shake It And Break It,Daft Punk - Touch It / Technologic,Vanilla Ice - Ice Is Workin' It,Charley Patton - Shake It And Break It,Daft Punk - Touch It / Technologic,The Specials - Doesn't Make It Alright,Devo - Whip It,Daft Punk - Touch It / Technologic,The Specials - Doesn't Make It Alright,Devo - Whip It,Gorillaz - Kids With Guns (Jamie T's Turns To Monsters Mix),Lauryn Hill - Interlude 5,KeKe Wyatt - Push Me Away,Gorillaz - Kids With Guns (Jamie T's Turns To Monsters Mix),KeKe Wyatt - Push Me Away,Lost Boyz - Keep It Real,Gorillaz - Kids With Guns (Jamie T's Turns To Monsters Mix),Lower Definition - To Satellite,KeKe Wyatt - Push Me Away,Gorillaz - Kids With Guns (Jamie T's Turns To Monsters Mix),Lower Definition - To Satellite,KeKe Wyatt - Push Me Away
TRBTXNE12903CB6528,SOCMRWF12AB018AC92,ARAXU5Z1187B98FECD,Gorillaz,Rhinestone Eyes,electronic,Lauryn Hill - Interlude 5,Beastie Boys - B-Boy Bouillabaisse: A.W.O.L. (2009 Digital Remaster),The Pharcyde - Otha Fish,Lauryn Hill - Interlude 5,Beastie Boys - B-Boy Bouillabaisse: A.W.O.L. (2009 Digital Remaster),The Pharcyde - Otha Fish,Kottonmouth Kings - Bump,A Tribe Called Quest - Peace_ Prosperity & Paper,Above The Law - Flow On (Move Me No Mountain),A Tribe Called Quest - Peace_ Prosperity & Paper,Kottonmouth Kings - Bump,Above The Law - Flow On (Move Me No Mountain),Lauryn Hill - Interlude 5,Beastie Boys - B-Boy Bouillabaisse: A.W.O.L. (2009 Digital Remaster),Talib Kweli - Beautiful Struggle,Dreams Come True - Dandelion Hill,Common - Soul Power,Talib Kweli - Beautiful Struggle,Dreams Come True - Dandelion Hill,Goldfinger - 99 Red Balloons,Roy Orbison - California Blue,Dreams Come True - Dandelion Hill,Goldfinger - 99 Red Balloons,Common - Soul Power
TRKQRSQ128F92D5134,SOTTAJB12A8C142C18,AR4L4WQ1187FB51996,The Prodigy,Invaders Must Die,electronic,Fler - NDW 2005,ARRESTED DEVELOPMENT - Stand,UB40 - The Earth Dies Screaming,Fler - NDW 2005,ARRESTED DEVELOPMENT - Stand,UB40 - The Earth Dies Screaming,PeterLicht - Popkultur / Meide,Jungle Rot - Immersed In Pain,Mylène Farmer - We'll Never Die,PeterLicht - Popkultur / Meide,Jungle Rot - Immersed In Pain,Mylène Farmer - We'll Never Die,UB40 - The Earth Dies Screaming,Grace Jones - Nipple To The Bottle,Floetry - I'll Die,UB40 - The Earth Dies Screaming,Grace Jones - Nipple To The Bottle,Floetry - I'll Die,The Beautiful Mistake - Stavesail,Grace Jones - Nipple To The Bottle,UB40 - The Earth Dies Screaming,The Beautiful Mistake - Stavesail,Grace Jones - Nipple To The Bottle,UB40 - The Earth Dies Screaming
TRBFVAA128F423C356,SOCWAFA12A8AE48A78,AR4L4WQ1187FB51996,The Prodigy,Wake Up Call (Album Version),electronic,Lauryn Hill - Interlude 5,Twista - I'm A Winner (Amended Album Version),The Simpsons - Do The Bartman,Lauryn Hill - Interlude 5,Twista - I'm A Winner (Amended Album Version),The Simpsons - Do The Bartman,Marissa Nadler - Undertaker,Trisha Yearwood - Come Back When It Ain't Rainin',Black Box - Strike It Up,Marissa Nadler - Undertaker,Trisha Yearwood - Come Back When It Ain't Rainin',DJ Quik - Put It On Me,Fatboy Slim - Right Here Right Now,Haste The Day - Chorus Of Angels,Lauryn Hill - Interlude 5,Fatboy Slim - Right Here Right Now,Haste The Day - Chorus Of Angels,Switchblade Symphony - Therapy,Fatboy Slim - Right Here Right Now,Little Big Town - From This Dream,Switchblade Symphony - Therapy,Little Big Town - From This Dream,Fatboy Slim - Right Here Right Now,Switchblade Symphony - Therapy
TRFSCLD12903CD213F,SOENGNL12AB018E1BD,AR4L4WQ1187FB51996,The Prodigy,We Gonna Rock,electronic,Apollo 440 - Stop The Rock,Bowling For Soup - Here We Go,Vanilla Ice - It's A Party,Apollo 440 - Stop The Rock,Bowling For Soup - Here We Go,Vanilla Ice - It's A Party,The B-52s - Rock Lobster (Live),Charlie Robison - Good Times,Ferlin Husky - Convoy,The B-52s - Rock Lobster (Live),Charlie Robison - Good Times,Ferlin Husky - Convoy,The Foreign Exchange - The Answer,Bob Marley & The Wailers - Baby We've Got A Date (Rock It Baby),Apollo 440 - Stop The Rock,Apollo 440 - Stop The Rock,Bob Marley & The Wailers - Baby We've Got A Date (Rock It Baby),The Foreign Exchange - The Answer,Apollo 440 - Stop The Rock,The B-52s - Rock Lobster (Live),Bob Marley & The Wailers - Baby We've Got A Date (Rock It Baby),Apollo 440 - Stop The Rock,The B-52s - Rock Lobster (Live),Bob Marley & The Wailers - Baby We've Got A Date (Rock It Baby)
TRZTQEP128E0792526,SOYMEOT12A6701DE9A,ARK9TRQ1187B99C095,Nine Inch Nails,The Great Collapse,electronic,Lauryn Hill - Interlude 5,Vanilla Ice - Ice Is Workin' It,Daft Punk - Touch It / Technologic,Lauryn Hill - Interlude 5,Vanilla Ice - Ice Is Workin' It,Daft Punk - Touch It / Technologic,Dillinger Four - A Floater Left With Pleasure In The Executive Washroom.,Time Again - Day Like This,Agonoize - C.O.A.,Dillinger Four - A Floater Left With Pleasure In The Executive Washroom.,Time Again - Day Like This,Agonoize - C.O.A.,Gyptian - Take My Money,Gary Moore - That Kind Of Woman,B.B. King - Ain't That Just Like A Woman,Gyptian - Take My Money,Gary Moore - That Kind Of Woman,B.B. King - Ain't That Just Like A Woman,Etta James - W.O.M.A.N.,B.B. King - Ain't That Just Like A Woman,Bette Midler - I'm A Woman,Etta James - W.O.M.A.N.,B.B. King - Ain't That Just Like A Woman,Bette Midler - I'm A Woman
TRLTFVP128E0782B34,SOITPXC12A6310E0DA,AR9L6R11187B9AA3F2,Duran Duran,Electric Barbarella (Radio Edit),electronic,Lauryn Hill - Interlude 5,Twista - I'm A Winner (Amended Album Version),Beastie Boys - B-Boy Bouillabaisse: A.W.O.L. (2009 Digital Remaster),Lauryn Hill - Interlude 5,Twista - I'm A Winner (Amended Album Version),Beastie Boys - B-Boy Bouillabaisse: A.W.O.L. (2009 Digital Remaster),The Antlers - Epilogue,Marissa Nadler - Famous Blue Raincoat,Small Sins - She's The Source,The Antlers - Epilogue,Marissa Nadler - Famous Blue Raincoat,7L & Esoteric - Boxcutter Rap,Lauryn Hill - Interlude 5,Beastie Boys - B-Boy Bouillabaisse: A.W.O.L. (2009 Digital Remaster),Lisa Stansfield - Time To Make You Mine,Lisa Stansfield - Time To Make You Mine,Dean Martin - Kiss,Sara Evans - A Real Fine Place To Start,Lisa Stansfield - Time To Make You Mine,Little Walter - You're So Fine,Sara Evans - A Real Fine Place To Start,Lisa Stansfield - Time To Make You Mine,Little Walter - You're So Fine,Sara Evans - A Real Fine Place To Start
TRFVWXW128F931A0E9,SOPERLI129F0824AA5,ARAOQ5T1187FB435AB,Björk,Pluto,electronic,Eminem - 8 Mile,Lauryn Hill - Interlude 5,Beastie Boys - B-Boy Bouillabaisse: A.W.O.L. (2009 Digital Remaster),Eminem - 8 Mile,Lauryn Hill - Interlude 5,Mario Vazquez - Everytime I...,Fear My Thoughts - Wasteland,Incubus - Pardon Me,Basia Bulat - Birds Of Paradise,Fear My Thoughts - Wasteland,Incubus - Pardon Me,Basia Bulat - Birds Of Paradise,Hollywood Undead - Undead,Eminem - 8 Mile,Lauryn Hill - Interlude 5,Madness - Tomorrow's Just Another Day,Hollywood Undead - Undead,Marilyn Manson - This Is The New Shit,Amel Larrieux - i like the sunrise,U.S. Bombs - All The Bodies,De-Phazz - Wait,Amel Larrieux - i like the sunrise,U.S. Bombs - All The Bodies,De-Phazz - Wait
TRKQQMW128F92D54DF,SOMXUUY12A8C141D38,ARD063K11C8A422ED7,Empire Of The Sun,Delta Bay,electronic,The Pharcyde - Otha Fish,Beastie Boys - B-Boy Bouillabaisse: A.W.O.L. (2009 Digital Remaster),Twista - I'm A Winner (Amended Album Version),The Pharcyde - Otha Fish,Twista - I'm A Winner (Amended Album Version),Beastie Boys - B-Boy Bouillabaisse: A.W.O.L. (2009 Digital Remaster),Memphis Minnie - Down In The Alley,Wu-Tang Clan - The What,Thursday - Unintended Long Term Effects,Memphis Minnie - Down In The Alley,Wu-Tang Clan - The What,Thursday - Unintended Long Term Effects,Beastie Boys - B-Boy Bouillabaisse: A.W.O.L. (2009 Digital Remaster),Lauryn Hill - Interlude 5,Murs - The Dance,Beastie Boys - B-Boy Bouillabaisse: A.W.O.L. (2009 Digital Remaster),George Jones - Who Shot Sam,Fiddler's Green - Shot In The Dark,George Jones - Who Shot Sam,Roy Buchanan - The Messiah Will Come Again,Fiddler's Green - Shot In The Dark,George Jones - Who Shot Sam,Roy Buchanan - The Messiah Will Come Again,Fiddler's Green - Shot In The Dark
TRFYMPB128F93100C0,SOXKRRQ12AB017C0F2,ARD063K11C8A422ED7,Empire Of The Sun,We Are The People (Shazam Remix),electronic,Lauryn Hill - Interlude 5,Twista - I'm A Winner (Amended Album Version),Erykah Badu - I Want You,Lauryn Hill - Interlude 5,Twista - I'm A Winner (Amended Album Version),Erykah Badu - I Want You,Clawfinger - Revenge,Jay-Jay Johanson - Rush,The Corrs - Irresistible ( LP Version ),Clawfinger - Revenge,Jay-Jay Johanson - Rush,The Corrs - Irresistible ( LP Version ),Lauryn Hill - Interlude 5,Beastie Boys - B-Boy Bouillabaisse: A.W.O.L. (2009 Digital Remaster),Eminem - My Darling,Yellowcard - Believe,Ja Rule - One of Us,Black Eyed Peas - One Tribe,Rachael Yamagata - Even So,Yellowcard - Believe,God Forbid - The End Of The World,Rachael Yamagata - Even So,Yellowcard - Believe,God Forbid - The End Of The World
TRBCSDW128F424D686,SOQWSGM12A6D4FC3C6,ARIRCA31187FB58E84,The Maine,You Left Me,electronic,Lauryn Hill - Interlude 5,Danity Kane - Hold Me Down (Album Version),Five - That's What You Told Me,Lauryn Hill - Interlude 5,Danity Kane - Hold Me Down (Album Version),Five - That's What You Told Me,Les Valentins - It's Too Late,The Isley Brothers - Touch Me,Hilary Duff - Play With Fire,Les Valentins - It's Too Late,The Isley Brothers - Touch Me,Hilary Duff - Play With Fire,The Isley Brothers - Touch Me,Mary J. Blige - Can't Get You Off My Mind,Janis Joplin - Kozmic Blues,Mary J. Blige - Can't Get You Off My Mind,The Isley Brothers - Touch Me,Janis Joplin - Kozmic Blues,Mary J. Blige - Can't Get You Off My Mind,Lush - Outside World,Everything But The Girl - Love Is Strange,Mary J. Blige - Can't Get You Off My Mind,Lush - Outside World,Everything But The Girl - Love Is Strange
TRRXQJA128F1472A56,SOYPJMP12AF72A901D,ARWA8AH1187FB3FC84,Hot Chip,The Warning,electronic,Twista - I'm A Winner (Amended Album Version),Lauryn Hill - Interlude 5,Beastie Boys - B-Boy Bouillabaisse: A.W.O.L. (2009 Digital Remaster),Twista - I'm A Winner (Amended Album Version),Lauryn Hill - Interlude 5,Beastie Boys - B-Boy Bouillabaisse: A.W.O.L. (2009 Digital Remaster),Annihilator - Hunter killer,Shai - Waiting For The Day,The Dells - It's All Up To You,Shai - Waiting For The Day,Annihilator - Hunter killer,The Dells - It's All Up To You,Beastie Boys - B-Boy Bouillabaisse: A.W.O.L. (2009 Digital Remaster),"Digable Planets - Pacifics (Sdtrk ""N.Y. Is Red Hot"")",OutKast - Mainstream,"Digable Planets - Pacifics (Sdtrk ""N.Y. Is Red Hot"")",Petey Pablo - Show Me The Money,OutKast - Mainstream,"Digable Planets - Pacifics (Sdtrk ""N.Y. Is Red Hot"")",Petey Pablo - Show Me The Money,Helium - Lullaby of the Moths,"Digable Planets - Pacifics (Sdtrk ""N.Y. Is Red Hot"")",Petey Pablo - Show Me The Money,Helium - Lullaby of the Moths
TRMDYBW128F14A17E8,SOODBDC12A8C13E4E9,ARTH03J1187FB3E00C,Enter Shikari,Keep It On Ice,electronic,Beastie Boys - B-Boy Bouillabaisse: A.W.O.L. (2009 Digital Remaster),Eminem - My Darling,Life Without Buildings - New Town,Beastie Boys - B-Boy Bouillabaisse: A.W.O.L. (2009 Digital Remaster),Fatboy Slim - Acid 8000,Life Without Buildings - New Town,At The Gates - Captor Of Sin (Slayer Cover),Kotipelto - Lord Of Eternity,Gorefest - Super Reality,At The Gates - Captor Of Sin (Slayer Cover),Kotipelto - Lord Of Eternity,Gorefest - Super Reality,Twiztid - She Ain't Afraid,Eminem - 8 Mile,Hollywood Undead - Undead,Twiztid - She Ain't Afraid,Eminem - 8 Mile,Hollywood Undead - Undead,Saez - My Funny Valentine,A Tribe Called Quest - His Name Is Mutty Ranks,Rachelle Ferrell - My Funny Valentine,A Tribe Called Quest - His Name Is Mutty Ranks,Saez - My Funny Valentine,Macc Lads - Fluffy Pup
TRCNUNL128F93437CF,SOYQNWH12AB0180C07,ARTH03J1187FB3E00C,Enter Shikari,The Jester,electronic,Lauryn Hill - Interlude 5,Beastie Boys - B-Boy Bouillabaisse: A.W.O.L. (2009 Digital Remaster),Twista - I'm A Winner (Amended Album Version),Lauryn Hill - Interlude 5,Beastie Boys - B-Boy Bouillabaisse: A.W.O.L. (2009 Digital Remaster),Twista - I'm A Winner (Amended Album Version),Lost Boyz - Keep It Real,Murs - You & I,Above The Law - Flow On (Move Me No Mountain),Lost Boyz - Keep It Real,Above The Law - Flow On (Move Me No Mountain),Murs - You & I,Lauryn Hill - Interlude 5,Twista - Overdose (Album Version),The Isley Brothers - Touch Me,Fergie - Get Your Hands Up,Twista - Overdose (Album Version),K's Choice - Everything For Free,Wolfmother - 10_000 Feet,Dave Gahan - Black And Blue Again,Letoya - Intro,Fergie - Get Your Hands Up,Wolfmother - 10_000 Feet,Alice Peacock - Here I Go Again
TRIPJIJ128F1453AE0,SORSPQO12A6D4F782F,AREACYD1187FB566DE,Enya,Lazy Days,electronic,Lauryn Hill - Interlude 5,Vanilla Ice - Ice Is Workin' It,Daft Punk - Touch It / Technologic,Lauryn Hill - Interlude 5,Vanilla Ice - Ice Is Workin' It,Daft Punk - Touch It / Technologic,Anjali - Mistress Of Disguise,Darden Smith - Swept Away,Earlimart - It's Okay To Think About Ending,Anjali - Mistress Of Disguise,Darden Smith - Swept Away,Earlimart - It's Okay To Think About Ending,Beastie Boys - B-Boy Bouillabaisse: A.W.O.L. (2009 Digital Remaster),Nelly - St. Louie,Matisyahu - Close My Eyes,Kate Ryan - One Happy Day,Burning Spear - Jordan River,Dreams Come True - Dandelion Hill,Kate Ryan - One Happy Day,Cream - Take It Back,Epsilon Minus - Ocean Floor,Kate Ryan - One Happy Day,Cream - Take It Back,Nine Inch Nails - Something I Can Never Have
TRPLRVY128F1473EBE,SOTCEXG12A6D4F60FE,AREACYD1187FB566DE,Enya,Someone Said Goodbye,electronic,Lauryn Hill - Interlude 5,Erykah Badu - I Want You,Twista - I'm A Winner (Amended Album Version),Lauryn Hill - Interlude 5,Erykah Badu - I Want You,Twista - I'm A Winner (Amended Album Version),Rosanne Cash - I Don't Know Why You Don't Want Me,Mr. Vegas - I Don't Know Why I Love You,Ten Years After - I Don't Know That You Don't Know My Name (2004 Digital Remaster),Rosanne Cash - I Don't Know Why You Don't Want Me,Mr. Vegas - I Don't Know Why I Love You,Jane Monheit - Why Can't You Behave?,Maxi Priest - Never Did Say Goodbye,Miami Sound Machine - Words Get In The Way,Lauryn Hill - Interlude 5,Maxi Priest - Never Did Say Goodbye,Miami Sound Machine - Words Get In The Way,Little Milton - Walking The Backstreets And Crying,Maxi Priest - Never Did Say Goodbye,Naked Raygun - Treason,John Mayer - All We Ever Do Is Say Goodbye,Maxi Priest - Never Did Say Goodbye,Naked Raygun - Treason,John Mayer - All We Ever Do Is Say Goodbye
TRWPUDX128F148F907,SODFLBN12A6D4F923A,AREACYD1187FB566DE,Enya,The Magic Of The Night,electronic,Lauryn Hill - Interlude 5,Twista - I'm A Winner (Amended Album Version),The Pharcyde - Otha Fish,Lauryn Hill - Interlude 5,The Pharcyde - Otha Fish,Twista - I'm A Winner (Amended Album Version),Lard - The Power Of Lard,Seelenkrank - Lost,Assemblage 23 - MAPS OF REALITY,Lard - The Power Of Lard,Seelenkrank - Lost,Assemblage 23 - MAPS OF REALITY,Matisyahu - Close My Eyes,Flipsyde - Angel,Deana Carter - Angel Without A Prayer,Deana Carter - Angel Without A Prayer,Tiffany Evans - Angels on Earth,Flipsyde - Angel,Freedom Call - Flying high,Tiffany Evans - Angels on Earth,All-4-One - When I Needed an Angel,Freedom Call - Flying high,Tiffany Evans - Angels on Earth,All-4-One - When I Needed an Angel
TRZQTSM128F9328120,SOZDITZ12A58A7B41A,AR91C8S1187B990901,Bruce Springsteen,Gave It A Name,folk,Lauryn Hill - Interlude 5,Vanilla Ice - Ice Is Workin' It,Beastie Boys - B-Boy Bouillabaisse: A.W.O.L. (2009 Digital Remaster),Lauryn Hill - Interlude 5,Vanilla Ice - Ice Is Workin' It,Daft Punk - Touch It / Technologic,Rasputina - Mr. E. Leon Rauis,Freezepop - Ninja Of Love (Album Version),Devo - Mongoloid,Rasputina - Mr. E. Leon Rauis,Freezepop - Ninja Of Love (Album Version),Binary Star - Wolfman Jack,Beastie Boys - B-Boy Bouillabaisse: A.W.O.L. (2009 Digital Remaster),Ja Rule - One of Us,Lauryn Hill - Interlude 5,Ja Rule - One of Us,Dixie Chicks - Travelin' Soldier,Boney M. - El Lute,Willie Nelson - I Feel Sorry For Him,Adam Green - Bungee,Anti-Flag - Captain Anarchy,Willie Nelson - I Feel Sorry For Him,Adam Green - Bungee,Anti-Flag - Captain Anarchy
TRNZCWJ128F427099F,SODXHZV12A8C1340B6,ARH861H1187B9B799E,Johnny Cash,The Vanishing Race,folk,Beastie Boys - B-Boy Bouillabaisse: A.W.O.L. (2009 Digital Remaster),Lauryn Hill - Interlude 5,Eminem - 8 Mile,Beastie Boys - B-Boy Bouillabaisse: A.W.O.L. (2009 Digital Remaster),Lauryn Hill - Interlude 5,Eminem - 8 Mile,Domine - The Ride Of The Valkyries,Helen Reddy - Peaceful,Art Garfunkel - The Sound of Silence,Domine - The Ride Of The Valkyries,Helen Reddy - Peaceful,Art Garfunkel - The Sound of Silence,Beastie Boys - B-Boy Bouillabaisse: A.W.O.L. (2009 Digital Remaster),Alabama - Roll On (Eighteen Wheeler),Murs - The Dance,Alabama - Roll On (Eighteen Wheeler),Beastie Boys - B-Boy Bouillabaisse: A.W.O.L. (2009 Digital Remaster),Cat Stevens - Peace Train,Elizabeth Cotten - Willie,Roy Acuff - Wabash Cannonball,Bukka White - Black Train Blues,Elizabeth Cotten - Willie,Roy Acuff - Wabash Cannonball,Alabama - Roll On (Eighteen Wheeler)
TRJQRAP128F9314B3F,SOMSWGY12AB017F755,ARZENOX1187B98A645,John Mayer,All We Ever Do Is Say Goodbye,folk,Lauryn Hill - Interlude 5,Erykah Badu - I Want You,Twista - I'm A Winner (Amended Album Version),Lauryn Hill - Interlude 5,Erykah Badu - I Want You,R. Kelly - Don't You Say No,Kelly Price - Don't Say Goodbye,Lisa Stansfield - Goodbye,Morcheeba - Part Of The Process,Kelly Price - Don't Say Goodbye,Lisa Stansfield - Goodbye,Phantom Planet - See You Next Summer,Kelly Price - Don't Say Goodbye,Lauryn Hill - Interlude 5,Maxi Priest - Never Did Say Goodbye,Kelly Price - Don't Say Goodbye,Maxi Priest - Never Did Say Goodbye,Lisa Stansfield - Goodbye,Esthero - This Lull-a-bye (Album Version),Carla Thomas - Don't Say No More,Lisa Stansfield - Goodbye,Esthero - This Lull-a-bye (Album Version),Carla Thomas - Don't Say No More,Lisa Stansfield - Goodbye
TRETJUU128F426402A,SOYHOTV12A8C132B9B,ARZENOX1187B98A645,John Mayer,Clarity,folk,R. Kelly - I Mean (I Don't Mean It),Beastie Boys - B-Boy Bouillabaisse: A.W.O.L. (2009 Digital Remaster),Lauryn Hill - Interlude 5,R. Kelly - I Mean (I Don't Mean It),Beastie Boys - B-Boy Bouillabaisse: A.W.O.L. (2009 Digital Remaster),Lauryn Hill - Interlude 5,Cat Stevens - Rubylove,Gorky's Zygotic Mynci - Honeymoon With You,Teena Marie - Dear Lover,Cat Stevens - Rubylove,Gorky's Zygotic Mynci - Honeymoon With You,Teena Marie - Dear Lover,Tavares - Don't Take Away The Music,Alicia Keys - Tell You Something (Nana's Reprise),Xzibit - Been A Long Time (Featuring Nate Dogg),Tavares - Don't Take Away The Music,Alicia Keys - Tell You Something (Nana's Reprise),Cat Stevens - Rubylove,Cat Stevens - Rubylove,J.J. Cale - Ooh La La,Janet Jackson - Throb,Cat Stevens - Rubylove,J.J. Cale - Ooh La La,Janet Jackson - Throb
TRNOUUF128F4280B8D,SOHREDT12A8C13862F,ARZENOX1187B98A645,John Mayer,Why Georgia,folk,Eminem - 8 Mile,Beastie Boys - B-Boy Bouillabaisse: A.W.O.L. (2009 Digital Remaster),Rufio - Over It (Acoustic),Eminem - 8 Mile,Rufio - Over It (Acoustic),Beastie Boys - B-Boy Bouillabaisse: A.W.O.L. (2009 Digital Remaster),Eminem - 8 Mile,Eminem - Rabbit Run,Common - Book Of Life,Eminem - 8 Mile,Eminem - Rabbit Run,Common - Book Of Life,Eminem - 8 Mile,Lauryn Hill - Interlude 5,Recoil - Curse,Recoil - Curse,Eminem - 8 Mile,Atmosphere - Hair,Ani DiFranco - Grey (from Revelling Reckoning),Everly Brothers - I Wonder If I Care As Much,Chicago - Life It What It Is (Remastered LP Version),Chicago - Life It What It Is (Remastered LP Version),Atmosphere - Hair,Ani DiFranco - Grey (from Revelling Reckoning)
TREKVTY128E0784BA3,SOBHKVI12A6701F1C8,ARC8CQZ1187B98DECA,Jack Johnson,Mudfootball (For Moe Lerner),folk,Lauryn Hill - Interlude 5,Beastie Boys - B-Boy Bouillabaisse: A.W.O.L. (2009 Digital Remaster),Michael Jackson - Man In The Mirror,Lauryn Hill - Interlude 5,Beastie Boys - B-Boy Bouillabaisse: A.W.O.L. (2009 Digital Remaster),Michael Jackson - Man In The Mirror,Shane MacGowan And The Popes - More Pricks Than Kicks,Beast - Devil,Bouncing Souls - East Coast Fuck You,Beast - Devil,Shane MacGowan And The Popes - More Pricks Than Kicks,Big Moe - S.U.C.,Lauryn Hill - Interlude 5,Beastie Boys - B-Boy Bouillabaisse: A.W.O.L. (2009 Digital Remaster),Eminem - 8 Mile,Lauryn Hill - Interlude 5,Freshman 15 - She's Everything,The Arrogant Sons Of Bitches - Kill The President,Keziah Jones - Neptune,Amel Larrieux - lucky to be me,Freshman 15 - She's Everything,Lauryn Hill - Interlude 5,Alison Krauss / Union Station - Find My Way Back To My Heart,Terra Naomi - New Song
TRYNAAP128F427EF64,SOCJTTL12A8C14009F,AR7OA5G1187B98D3A0,Sufjan Stevens,Sister Winter,folk,Lauryn Hill - Interlude 5,Beastie Boys - B-Boy Bouillabaisse: A.W.O.L. (2009 Digital Remaster),Twista - I'm A Winner (Amended Album Version),Lauryn Hill - Interlude 5,Beastie Boys - B-Boy Bouillabaisse: A.W.O.L. (2009 Digital Remaster),Twista - I'm A Winner (Amended Album Version),Bette Midler - Friends/Oh My My (LIve),Diary of Dreams - Tears of Laughter,Abba - Waterloo,Bette Midler - Friends/Oh My My (LIve),Diary of Dreams - Tears of Laughter,Abba - Waterloo,Incognito - Stone Cold Heart,Brick & Lace - Love Is Wicked,Natalie Cole - Your Eyes,Incognito - Stone Cold Heart,Natalie Cole - Your Eyes,Bobby McFerrin - Don't Worry_ Be Happy,Laura Fygi - I Wish You Love,Frank Sinatra - Put Your Dreams Away,Incognito - Stone Cold Heart,Laura Fygi - I Wish You Love,Incognito - Stone Cold Heart,Frank Sinatra - Put Your Dreams Away
TRFMWVJ128E0791E70,SODZLMJ127D977E810,ARE0WH81187B9A7BA3,Rufus Wainwright,In A Graveyard,folk,Lauryn Hill - Interlude 5,Ja Rule - One of Us,Beastie Boys - B-Boy Bouillabaisse: A.W.O.L. (2009 Digital Remaster),Lauryn Hill - Interlude 5,Ja Rule - One of Us,Beastie Boys - B-Boy Bouillabaisse: A.W.O.L. (2009 Digital Remaster),Birth Control - Gamma Ray,Asphyx - Indulge In Frenzy,Naglfar - And The World Shall Be Your Grave,Birth Control - Gamma Ray,Asphyx - Indulge In Frenzy,Reverend Bizarre - Doom Over The World,The Streets - Weak Become Heroes,T Bone Burnett - I'm Going On A Long Journey Never To Return,Savatage - The Hourglass,The Streets - Weak Become Heroes,T Bone Burnett - I'm Going On A Long Journey Never To Return,Judy Collins - Cat's In The Cradle,The Misfits - Static Age,T Bone Burnett - I'm Going On A Long Journey Never To Return,The Streets - Weak Become Heroes,The Misfits - Static Age,T Bone Burnett - I'm Going On A Long Journey Never To Return,The Streets - Weak Become Heroes
TRLTTDC128E079380E,SOCTYHG12A679D7E2B,ARE0WH81187B9A7BA3,Rufus Wainwright,Baby,folk,Lauryn Hill - Interlude 5,Twista - I'm A Winner (Amended Album Version),Beastie Boys - B-Boy Bouillabaisse: A.W.O.L. (2009 Digital Remaster),Lauryn Hill - Interlude 5,Twista - I'm A Winner (Amended Album Version),Erykah Badu - I Want You,Less Than Jake - I Think I Love You,Next - I Still Love You,Mario Vazquez - Everytime I...,Less Than Jake - I Think I Love You,Next - I Still Love You,Mario Vazquez - Everytime I...,Beastie Boys - B-Boy Bouillabaisse: A.W.O.L. (2009 Digital Remaster),Lauryn Hill - Interlude 5,Eminem - 8 Mile,Javier - Slow Motion,Usher - Roni,Old Crow Medicine Show - Fall On My Knees,Old Crow Medicine Show - Fall On My Knees,The Jeff Healey Band - My Little Girl,Nouvelle Vague - Blister In The Sun,Old Crow Medicine Show - Fall On My Knees,The Jeff Healey Band - My Little Girl,Maysa - Love Won't Let Me Wait
TRUCWXA128F92E4944,SOYGQGR12AF72ABAB8,ARQEBGJ122E6447D2B,Edward Sharpe & The Magnetic Zeros,Janglin,folk,Lauryn Hill - Interlude 5,Beastie Boys - B-Boy Bouillabaisse: A.W.O.L. (2009 Digital Remaster),Eminem - My Darling,Lauryn Hill - Interlude 5,The Prodigy - We Gonna Rock,Eminem - My Darling,Suicide Commando - Dead March,Dead Kennedys - Goons of Hazzard,Thompson Twins - We Are Detective,Dead Kennedys - Goons of Hazzard,Suicide Commando - Dead March,Thompson Twins - We Are Detective,Lauryn Hill - Interlude 5,Dolly Parton - Daddy's Moonshine Still,Beastie Boys - B-Boy Bouillabaisse: A.W.O.L. (2009 Digital Remaster),Dolly Parton - Daddy's Moonshine Still,Alborosie - Likkle Africa,Bran Van 3000 - Carry On,The Unseen - Dead Weight Falls (Album Version),Dolly Parton - Daddy's Moonshine Still,HIM - Sigillum Diaboli,Dolly Parton - Daddy's Moonshine Still,The Unseen - Dead Weight Falls (Album Version),Alborosie - Likkle Africa
TRGQBAX128F426EFCA,SOERZLJ12A8C132D53,AR5FP401187FB523C9,Bob Dylan,Ballad In Plain D,folk,Lauryn Hill - Interlude 5,Beastie Boys - B-Boy Bouillabaisse: A.W.O.L. (2009 Digital Remaster),Eminem - 8 Mile,Beastie Boys - B-Boy Bouillabaisse: A.W.O.L. (2009 Digital Remaster),Lauryn Hill - Interlude 5,Eminem - 8 Mile,Con Funk Shun - Electric Lady,Example - Birthday Card,Chicago - Caroline (Album Version),Con Funk Shun - Electric Lady,Example - Birthday Card,Chicago - Caroline (Album Version),Beastie Boys - B-Boy Bouillabaisse: A.W.O.L. (2009 Digital Remaster),Lauryn Hill - Interlude 5,Eminem - 8 Mile,The Corrs - Queen Of Hollywood ( LP Version ),The Pharcyde - Passin' Me By,Robin Trower - Day Of The Eagle,Cannibal Corpse - Nothing Left to Mutilate,Kitty Wells - Mommy For A Day,Stephen Lynch - Albino,Kitty Wells - Mommy For A Day,The Pharcyde - Passin' Me By,Cannibal Corpse - Nothing Left to Mutilate
TRGSDTP128F92F76D1,SOHMZEX12A8C132F5F,AR5FP401187FB523C9,Bob Dylan,One Of Us Must Know (Sooner Or Later),folk,Lauryn Hill - Interlude 5,Twista - I'm A Winner (Amended Album Version),Erykah Badu - I Want You,Lauryn Hill - Interlude 5,Twista - I'm A Winner (Amended Album Version),Erykah Badu - I Want You,Angela Bofill - I Try,Leonard Cohen - Chelsea Hotel #2,Clawfinger - Revenge,Angela Bofill - I Try,Leonard Cohen - Chelsea Hotel #2,Clawfinger - Revenge,Lauryn Hill - Interlude 5,Eminem - 8 Mile,Mobb Deep - Trife Life,Lauryn Hill - Interlude 5,R. Kelly - Kickin' It With Your Girlfriend,Aaron Carter - That's How I Beat Shaq,The Mighty Mighty Bosstones - The Skeleton Song,Robert Palmer - I Didn't Mean To Turn You On,Lloyd Cole - I Didn't Know That You Cared,The Mighty Mighty Bosstones - The Skeleton Song,Lauryn Hill - Interlude 5,Bobby Bare - Numbers
TRMRMTN128F92D426F,SOIZDJI12A8C1435C7,ARSF0K11187B9AF319,James Taylor,It's Growing,folk,Lauryn Hill - Interlude 5,Daft Punk - Touch It / Technologic,Vanilla Ice - Ice Is Workin' It,Lauryn Hill - Interlude 5,Daft Punk - Touch It / Technologic,Vanilla Ice - Ice Is Workin' It,Big Bad Voodoo Daddy - Big And Bad,16 Horsepower - Coal Black Horses,TLC - Shock Dat Monkey,Big Bad Voodoo Daddy - Big And Bad,16 Horsepower - Coal Black Horses,TLC - Shock Dat Monkey,Lauryn Hill - Interlude 5,Beastie Boys - Hey Ladies (2009 Digital Remaster),16 Horsepower - Coal Black Horses,Lauryn Hill - Interlude 5,16 Horsepower - Coal Black Horses,Anthony David - Stop Playin',Lesley Gore - Hey Now,Stevie Ray Vaughan And Double Trouble - Tin Pan Alley (aka Roughest Place In Town),Anthony David - Stop Playin',Anthony David - Stop Playin',Nina Simone - Blues Prelude,Stevie Ray Vaughan And Double Trouble - Tin Pan Alley (aka Roughest Place In Town)
TRDFPTZ128F14B108C,SOJKUOG12A6D4FD11D,ARSF0K11187B9AF319,James Taylor,Oh_ Susannah (LP Version),folk,Beastie Boys - B-Boy Bouillabaisse: A.W.O.L. (2009 Digital Remaster),Lauryn Hill - Interlude 5,Twista - I'm A Winner (Amended Album Version),Beastie Boys - B-Boy Bouillabaisse: A.W.O.L. (2009 Digital Remaster),Lauryn Hill - Interlude 5,Twista - I'm A Winner (Amended Album Version),Snoop Dogg - Snoopafella (Edited),King Tee - Act A Fool,Arc Angels - Shape I'm In,Snoop Dogg - Snoopafella (Edited),King Tee - Act A Fool,Beastie Boys - B-Boy Bouillabaisse: A.W.O.L. (2009 Digital Remaster),Beastie Boys - B-Boy Bouillabaisse: A.W.O.L. (2009 Digital Remaster),Twista - Overdose (Album Version),Lauryn Hill - Interlude 5,Jolie Holland - Love Henry,Ayo - Down On My Knees,Twista - Overdose (Album Version),Jolie Holland - Love Henry,Ayo - Down On My Knees,Ramones - Needles And Pins (Remastered Album Version ),Jolie Holland - Love Henry,Ayo - Down On My Knees,Ramones - Needles And Pins (Remastered Album Version )
TROZEMN128F4262CCA,SOHSTLE12A8C132425,ARSF0K11187B9AF319,James Taylor,Something In The Way She Moves,folk,Lauryn Hill - Interlude 5,Beastie Boys - B-Boy Bouillabaisse: A.W.O.L. (2009 Digital Remaster),Twiztid - She Ain't Afraid,Lauryn Hill - Interlude 5,Beastie Boys - B-Boy Bouillabaisse: A.W.O.L. (2009 Digital Remaster),Twiztid - She Ain't Afraid,Atmosphere - Hair,Obie Trice - Got Some Teeth,The Pharcyde - Passin' Me By,Atmosphere - Hair,Obie Trice - Got Some Teeth,The Pharcyde - Passin' Me By,Lauryn Hill - Interlude 5,Beastie Boys - B-Boy Bouillabaisse: A.W.O.L. (2009 Digital Remaster),Eric B. & Rakim - What's On Your Mind,Lauryn Hill - Interlude 5,Beastie Boys - B-Boy Bouillabaisse: A.W.O.L. (2009 Digital Remaster),Eric B. & Rakim - What's On Your Mind,Skip James - Cherry Ball Blues,Little Walter - You're So Fine,Phantom Planet - By The Bed,Skip James - Cherry Ball Blues,Little Walter - You're So Fine,Phantom Planet - By The Bed
TRGAZWQ12903CB0BA9,SOGJZZZ12AF72AA43B,ARYQES41187B9B960F,David Gray,Draw The Line,folk,Lauryn Hill - Interlude 5,Beastie Boys - B-Boy Bouillabaisse: A.W.O.L. (2009 Digital Remaster),Marques Houston - Cancel (Album Version),Lauryn Hill - Interlude 5,Beastie Boys - B-Boy Bouillabaisse: A.W.O.L. (2009 Digital Remaster),Marques Houston - Cancel (Album Version),Against All Authority - Stand In Line,Beck - Farewell Ride,Pat Green - California,Against All Authority - Stand In Line,Beck - Farewell Ride,Pat Green - California,Lauryn Hill - Interlude 5,Beastie Boys - B-Boy Bouillabaisse: A.W.O.L. (2009 Digital Remaster),Eminem - 8 Mile,Black Box - Strike It Up,The Streets - The Irony Of It All (Album Version),Heaven 17 - We're Going To Live For A Very Long Time (2006 Digital Remaster),Black Box - Strike It Up,ZZ Top - Move Me On Down The Line [Remastered Album Version],Beck - Farewell Ride,Black Box - Strike It Up,The Streets - The Irony Of It All (Album Version),Lauryn Hill - Adam Lives In Theory
TRSNACX128E078AA88,SOKYDGS12A6701E3CB,ARYQES41187B9B960F,David Gray,Sail Away,folk,Fatboy Slim - The Rockafeller Skank,Lauryn Hill - Interlude 5,Danity Kane - Hold Me Down (Album Version),Fatboy Slim - The Rockafeller Skank,Lauryn Hill - Interlude 5,Danity Kane - Hold Me Down (Album Version),OV7 - Angelica,Usher - Nice & Slow,The Quireboys - Misled,OV7 - Angelica,Usher - Nice & Slow,The Quireboys - Misled,Janis Joplin - Kozmic Blues,Keri Noble - Piece Of My Heart,Lauryn Hill - Interlude 5,Janis Joplin - Kozmic Blues,Keri Noble - Piece Of My Heart,Boyz II Men - Never Go Away,George Thorogood And The Destroyers - Give Me Back My Wig,Boyz II Men - Shining Star,Boyz II Men - Never Go Away,George Thorogood And The Destroyers - Give Me Back My Wig,Boyz II Men - Never Go Away,Boyz II Men - Shining Star
TRXCQOC12903CB0BBA,SOEWUQY12AB0188156,ARYQES41187B9B960F,David Gray,Stella The Artist,folk,Lauryn Hill - Interlude 5,Beastie Boys - B-Boy Bouillabaisse: A.W.O.L. (2009 Digital Remaster),Twiztid - She Ain't Afraid,Lauryn Hill - Interlude 5,Beastie Boys - B-Boy Bouillabaisse: A.W.O.L. (2009 Digital Remaster),Twiztid - She Ain't Afraid,Bob Dylan - Ballad In Plain D,Biz Markie - Vapors,Karan Casey - Song Of Lies,Biz Markie - Vapors,Bob Dylan - Ballad In Plain D,Karan Casey - Song Of Lies,Beastie Boys - B-Boy Bouillabaisse: A.W.O.L. (2009 Digital Remaster),Lauryn Hill - Interlude 5,Ying Yang Twins - 1st Booty On Duty,Ying Yang Twins - 1st Booty On Duty,Beastie Boys - B-Boy Bouillabaisse: A.W.O.L. (2009 Digital Remaster),Savatage - The Hourglass,Fairground Attraction - Winter Rose,Leadbelly - Keep Your Hands Off Her,Gene Watson - ROSE IN THE SAND,Fairground Attraction - Winter Rose,Leadbelly - Keep Your Hands Off Her,Noe Venable - Prayer for Beauty
TRPGPVH128F429B2F0,SOGACYC12A8C13C528,ARZWK2R1187B98F09F,Rise Against,Swing Life Away (Acoustic),folk,Lauryn Hill - Interlude 5,Beastie Boys - B-Boy Bouillabaisse: A.W.O.L. (2009 Digital Remaster),Twista - I'm A Winner (Amended Album Version),Lauryn Hill - Interlude 5,Beastie Boys - B-Boy Bouillabaisse: A.W.O.L. (2009 Digital Remaster),Twista - I'm A Winner (Amended Album Version),Josh Turner - Soulmate,Tony Sly - On the Outside,Skankin' Pickle - Gas In My Car,Josh Turner - Soulmate,Tony Sly - On the Outside,Skankin' Pickle - Gas In My Car,Lauryn Hill - Interlude 5,Eminem - 8 Mile,Ying Yang Twins - 1st Booty On Duty,Ying Yang Twins - 1st Booty On Duty,Big & Rich - Live This Life (Album Version + Non-Music Hidden Track),Lauryn Hill - Interlude 5,Gary Allan - Bourbon Borderline,Kings Of Convenience - Summer On The West Hill,Rebelution - Moonlight,Gary Allan - Bourbon Borderline,Kings Of Convenience - Summer On The West Hill,Clawfinger - Revenge
TRHLRGU128F42643FB,SORGTNE12D02193408,AR5FP401187FB523C9,Bob Dylan,Billy 4,folk,Lauryn Hill - Interlude 5,Twista - I'm A Winner (Amended Album Version),Eminem - My Darling,Lauryn Hill - Interlude 5,Twista - I'm A Winner (Amended Album Version),Pain of Salvation - Spitfall,Pain of Salvation - Spitfall,Murs - The Dance,Warrant - Hollywood (So Far_ So Good),Pain of Salvation - Spitfall,Murs - The Dance,John Cale - Graham Greene,Beastie Boys - B-Boy Bouillabaisse: A.W.O.L. (2009 Digital Remaster),Savatage - The Hourglass,Murs - The Dance,Nelly - St. Louie,Beastie Boys - B-Boy Bouillabaisse: A.W.O.L. (2009 Digital Remaster),KMD - Plumskinzz (Loose Hoe_ God & Cupid),Etta Jones - Something to remember you by,Neil Young - Down By The River [Live At Massey Hall 1971],Lacy J. Dalton - Whisper,Nelly - St. Louie,Gang Starr - The Illest Brother,Etta Jones - Something to remember you by
TRFCCKL128F426EE8E,SORACYK12D02193097,AR5FP401187FB523C9,Bob Dylan,Stuck Inside Of Mobile With The Memphis Blues Again,folk,Lauryn Hill - Interlude 5,Beastie Boys - B-Boy Bouillabaisse: A.W.O.L. (2009 Digital Remaster),Twista - I'm A Winner (Amended Album Version),Lauryn Hill - Interlude 5,Beastie Boys - B-Boy Bouillabaisse: A.W.O.L. (2009 Digital Remaster),Twista - I'm A Winner (Amended Album Version),Biz Markie - Vapors,Tonedeff - Ridiculous,The Arrogant Sons Of Bitches - Kill The President,Biz Markie - Vapors,Tonedeff - Ridiculous,Atmosphere - Hair,Beastie Boys - B-Boy Bouillabaisse: A.W.O.L. (2009 Digital Remaster),Lauryn Hill - Interlude 5,Murs - The Dance,Beastie Boys - B-Boy Bouillabaisse: A.W.O.L. (2009 Digital Remaster),Lauryn Hill - Interlude 5,Spearhead - Tha Payroll (Stay Strong),Extreme - Li'l Jack Horny,Bessie Smith - Beale Street Mama,Judge Dread - The Winkle Man,Judge Dread - The Winkle Man,Bessie Smith - Beale Street Mama,Beastie Boys - B-Boy Bouillabaisse: A.W.O.L. (2009 Digital Remaster)
TRGOYOU128F93223F2,SOWILEH12CF5F8729B,AR5FP401187FB523C9,Bob Dylan,Pretty Peggy-O,folk,Lauryn Hill - Interlude 5,Beastie Boys - B-Boy Bouillabaisse: A.W.O.L. (2009 Digital Remaster),Eminem - My Darling,Lauryn Hill - Interlude 5,Marques Houston - Cancel (Album Version),Eminem - My Darling,Rasputina - Mr. E. Leon Rauis,Bad Religion - Automatic Man (Album Version),Bauhaus - The Sanity Assassin,Rasputina - Mr. E. Leon Rauis,Bad Religion - Automatic Man (Album Version),THERION - Darkness eve,Beastie Boys - B-Boy Bouillabaisse: A.W.O.L. (2009 Digital Remaster),Lauryn Hill - Interlude 5,Binary Star - Wolfman Jack,Dixie Chicks - Travelin' Soldier,Gillian Welch - Elvis Presley Blues,Blind Willie Johnson - If I Had My Way I'd Tear This Building Down,John Mayall - My Pretty Girl,Capdown - Truly Dead,The Charlatans - Dead Love,John Mayall - My Pretty Girl,Capdown - Truly Dead,The Charlatans - Dead Love
TROMGSH128F427A408,SOBADWZ12CF5F86CD7,AR5FP401187FB523C9,Bob Dylan,She Belongs To Me,folk,Twiztid - She Ain't Afraid,UGK (Underground Kingz) - She Luv It,The Corrs - Queen Of Hollywood ( LP Version ),Twiztid - She Ain't Afraid,UGK (Underground Kingz) - She Luv It,The Corrs - Queen Of Hollywood ( LP Version ),Lionel Richie - She's Amazing,Janie Fricke - She's Single Again,DAN SEALS - Addicted,Lionel Richie - She's Amazing,Janie Fricke - She's Single Again,DAN SEALS - Addicted,Twiztid - She Ain't Afraid,Ying Yang Twins - 1st Booty On Duty,Atmosphere - Hair,Freshman 15 - She's Everything,Shaggy - Luv Me Up,Twiztid - She Ain't Afraid,Fear - Beef Bologna,Lee Roy Parnell - When A Woman Loves A Man,Freshman 15 - She's Everything,Lee Roy Parnell - When A Woman Loves A Man,Freshman 15 - She's Everything,Fear - Beef Bologna
TRFBWEC128F42B8346,SOFDFBL12CF5F89018,AR5FP401187FB523C9,Bob Dylan,When The Deal Goes Down,folk,Lauryn Hill - Interlude 5,Beastie Boys - B-Boy Bouillabaisse: A.W.O.L. (2009 Digital Remaster),Twista - I'm A Winner (Amended Album Version),Lauryn Hill - Interlude 5,Beastie Boys - B-Boy Bouillabaisse: A.W.O.L. (2009 Digital Remaster),Twista - I'm A Winner (Amended Album Version),Martin Jondo - Hold You,Hieroglyphics - Shift Shape,The Streets - The Irony Of It All (Album Version),Martin Jondo - Hold You,Hieroglyphics - Shift Shape,The Streets - The Irony Of It All (Album Version),Lauryn Hill - Interlude 5,Beastie Boys - B-Boy Bouillabaisse: A.W.O.L. (2009 Digital Remaster),Eminem - 8 Mile,Kristine W - Strings,Eminem - 8 Mile,Billy Talent - Red Flag,Kristine W - Strings,Billy Corgan - Strayz (Album Version),Carpenters - Eventide,Kristine W - Strings,Only Crime - Framed Then Failed,Sally Shapiro - Hold Me So Tight
TRDVYVJ128F426F7C0,SOXYGEE12CF5F875CF,AR5FP401187FB523C9,Bob Dylan,With God On Our Side,folk,Lauryn Hill - Interlude 5,Beastie Boys - B-Boy Bouillabaisse: A.W.O.L. (2009 Digital Remaster),Vanilla Ice - Ice Is Workin' It,Lauryn Hill - Interlude 5,Beastie Boys - B-Boy Bouillabaisse: A.W.O.L. (2009 Digital Remaster),Vanilla Ice - Ice Is Workin' It,Lost Boyz - Keep It Real,Warren G - We Brings Heat,Mack 10 - LBC And The ING (Explicit),Lost Boyz - Keep It Real,Warren G - We Brings Heat,Mack 10 - LBC And The ING (Explicit),Lauryn Hill - Interlude 5,Savatage - The Hourglass,Beastie Boys - B-Boy Bouillabaisse: A.W.O.L. (2009 Digital Remaster),Ensiferum - Into Battle,Savatage - The Hourglass,Blind Willie Johnson - Jesus Is Coming Soon,Ensiferum - Into Battle,Discharge - Realities Of War,Nile - Kafir !,Ensiferum - Into Battle,Dead Kennedys - Kinky Sex Makes the World Go 'Round,Funker Vogt - Thanks For Nothing
TREKVGV128E0788976,SOSHHZB12A6701F0C5,ARN5NHX1187FB4F755,The Smashing Pumpkins,Terrapin,folk,Lauryn Hill - Interlude 5,Twista - I'm A Winner (Amended Album Version),Erykah Badu - I Want You,Lauryn Hill - Interlude 5,Twista - I'm A Winner (Amended Album Version),Erykah Badu - I Want You,Fat Joe - Preacher On A Sunday Morning,Ayo - Only You,Y&T - Beautiful Dreamer,Fat Joe - Preacher On A Sunday Morning,Ayo - Only You,Y&T - Beautiful Dreamer,DJ Quik - Safe + Sound,Atmosphere - Hair,Lauryn Hill - Interlude 5,DJ Quik - Safe + Sound,Harry Connick_ Jr. - We Are In Love,Bob Dylan - Stuck Inside Of Mobile With The Memphis Blues Again,Harry Connick_ Jr. - We Are In Love,Billie Holiday - Embraceable you,Joan Baez - Black Is The Color,Harry Connick_ Jr. - We Are In Love,Billie Holiday - Embraceable you,Joan Baez - Black Is The Color
TRUUBKE128F426F5C0,SONBFSZ12AF729E7A3,ARSF0K11187B9AF319,James Taylor,On The 4th of July,folk,Lauryn Hill - Interlude 5,Beastie Boys - B-Boy Bouillabaisse: A.W.O.L. (2009 Digital Remaster),Ja Rule - One of Us,Lauryn Hill - Interlude 5,Ja Rule - One of Us,Beastie Boys - B-Boy Bouillabaisse: A.W.O.L. (2009 Digital Remaster),Kurt Elling - Moonlight Serenade,Sebadoh - Showtape '91,Immortal Technique - The 4th Branch,Kurt Elling - Moonlight Serenade,Sebadoh - Showtape '91,Immortal Technique - The 4th Branch,Eminem - 8 Mile,Lauryn Hill - Interlude 5,Savatage - The Hourglass,Eminem - 8 Mile,Watch Them Die - Resurrection,Cinderella Effect - Standing,The Beautiful Mistake - Stavesail,Fates Warning - Closer To The Heart,Ian McCulloch - Proud To Fall,Cinderella Effect - Standing,Ian McCulloch - Proud To Fall,The Beautiful Mistake - Stavesail
TRJZYIT128F426D5BE,SONYMBG12CF5826721,ARSF0K11187B9AF319,James Taylor,Company Man,folk,Lauryn Hill - Interlude 5,Twista - I'm A Winner (Amended Album Version),Michael Jackson - Man In The Mirror,Lauryn Hill - Interlude 5,Twista - I'm A Winner (Amended Album Version),Michael Jackson - Man In The Mirror,Jeff Timmons - Can't You See,Ayo - Only You,HELLYEAH - Nausea,Jeff Timmons - Can't You See,HELLYEAH - Nausea,Ayo - Only You,Beastie Boys - B-Boy Bouillabaisse: A.W.O.L. (2009 Digital Remaster),Michael Jackson - Man In The Mirror,Lauryn Hill - Interlude 5,Michael Jackson - Man In The Mirror,Beastie Boys - B-Boy Bouillabaisse: A.W.O.L. (2009 Digital Remaster),Moe Bandy - The Strawberry Roan,Faith No More - Chinese Arithmetic,The Enemy - It's Not OK [Live From London],Moe Bandy - The Strawberry Roan,Faith No More - Chinese Arithmetic,Moe Bandy - The Strawberry Roan,The Enemy - It's Not OK [Live From London]
TRYOIZM128F14567A0,SODRUMV12A6D4F7A58,ARTBSEF1187FB3CBDE,Jimmy Buffett,Ace,folk,Lauryn Hill - Interlude 5,Beastie Boys - B-Boy Bouillabaisse: A.W.O.L. (2009 Digital Remaster),Michael Jackson - Man In The Mirror,Lauryn Hill - Interlude 5,Beastie Boys - B-Boy Bouillabaisse: A.W.O.L. (2009 Digital Remaster),Michael Jackson - Man In The Mirror,Bellamy Brothers - Old Hippie,Suicidal Tendencies - Possessed To Skate,Binary Star - Wolfman Jack,Bellamy Brothers - Old Hippie,Binary Star - Wolfman Jack,Suicidal Tendencies - Possessed To Skate,Beastie Boys - B-Boy Bouillabaisse: A.W.O.L. (2009 Digital Remaster),Savatage - The Hourglass,Lauryn Hill - Interlude 5,Savatage - The Hourglass,Bellamy Brothers - Old Hippie,Beastie Boys - B-Boy Bouillabaisse: A.W.O.L. (2009 Digital Remaster),Bellamy Brothers - Old Hippie,Boney M. - El Lute,Suicidal Tendencies - Possessed To Skate,Bellamy Brothers - Old Hippie,Savatage - The Hourglass,Boney M. - El Lute
TRQYFLB128E078941E,SOBRYFG12AF72A1BAE,ARGHBVV1187FB4D57A,Ryan Adams,How Do You Keep Love Alive,folk,Lauryn Hill - Interlude 5,Twista - I'm A Winner (Amended Album Version),Erykah Badu - I Want You,Twista - I'm A Winner (Amended Album Version),Lauryn Hill - Interlude 5,Erykah Badu - I Want You,The Smashing Pumpkins - The Guns of Love Disastrous,Jim White - Buzzards of Love,Jeff Timmons - Can't You See,The Smashing Pumpkins - The Guns of Love Disastrous,Jim White - Buzzards of Love,Slum Village - Conant Gardens,Lauryn Hill - Interlude 5,Beastie Boys - B-Boy Bouillabaisse: A.W.O.L. (2009 Digital Remaster),Savatage - The Hourglass,Disciple - Southern Hospitality,Four Tops - Ain't No Woman (Like The One I've Got),The Cat Empire - Days Like These,Say Anything - Goodbye Young Tutor_ You've Now Outgrown Me,Disciple - Southern Hospitality,Nick Drake - Black Mountain Blues,Say Anything - Goodbye Young Tutor_ You've Now Outgrown Me,Disciple - Southern Hospitality,Four Tops - Ain't No Woman (Like The One I've Got)
TRZUSDI128F4259806,SOXBQDJ12A6D4F93CC,ARGHBVV1187FB4D57A,Ryan Adams,When The Stars Go Blue,folk,Twista - I'm A Winner (Amended Album Version),Lauryn Hill - Interlude 5,Erykah Badu - I Want You,Twista - I'm A Winner (Amended Album Version),Lauryn Hill - Interlude 5,Erykah Badu - I Want You,Diana Ross - Do You Know Where You're Going To,Jennifer Lopez - Theme From Mahagony (Do You Know Where You're Going To),Bon Jovi - Superman Tonight,Diana Ross - Do You Know Where You're Going To,Jennifer Lopez - Theme From Mahagony (Do You Know Where You're Going To),Bon Jovi - Superman Tonight,Jon Secada - Where Do I Go From You,Katie Melua - Blue Shoes,The Streets - Weak Become Heroes,Jon Secada - Where Do I Go From You,Katie Melua - Blue Shoes,Billie Holiday - Laughing At Life,Billie Holiday - Laughing At Life,Frank Sinatra - In The Blue Of The Evening,The Misfits - Static Age,Billie Holiday - Laughing At Life,Frank Sinatra - In The Blue Of The Evening,The Misfits - Static Age
TRWUFEW128F14782F3,SOBCLWO12A6D4F83AD,AR90WS41187FB3F064,Ray LaMontagne,Forever My Friend,folk,Lauryn Hill - Interlude 5,Beastie Boys - B-Boy Bouillabaisse: A.W.O.L. (2009 Digital Remaster),Eminem - 8 Mile,Lauryn Hill - Interlude 5,Eminem - 8 Mile,Beastie Boys - B-Boy Bouillabaisse: A.W.O.L. (2009 Digital Remaster),The Tear Garden - Judgement Hour,Demi Lovato - This Is Me (Acoustic Full Version),The Thermals - Time to Lose,The Tear Garden - Judgement Hour,Demi Lovato - This Is Me (Acoustic Full Version),Bowling For Soup - Boulevard,Lauryn Hill - Interlude 5,Alicia Keys - Tell You Something (Nana's Reprise),Beastie Boys - B-Boy Bouillabaisse: A.W.O.L. (2009 Digital Remaster),Lauryn Hill - Interlude 5,Alicia Keys - Tell You Something (Nana's Reprise),Eliane Elias - Call Me,Eliane Elias - Call Me,S Club - Straight From The Heart,Keith Sweat - Make You Sweat (LP Version),Eliane Elias - Call Me,S Club - Straight From The Heart,Keith Sweat - Make You Sweat (LP Version)
TRPZXTD128F14856D4,SOFZRDV12A6D4FACB1,AR90WS41187FB3F064,Ray LaMontagne,How Come [Acoustic Mix],folk,Lauryn Hill - Interlude 5,Beastie Boys - B-Boy Bouillabaisse: A.W.O.L. (2009 Digital Remaster),Eminem - 8 Mile,Lauryn Hill - Interlude 5,Beastie Boys - B-Boy Bouillabaisse: A.W.O.L. (2009 Digital Remaster),Eminem - 8 Mile,Nick Cave & The Bad Seeds - Midnight Man,Interpol - Pace Is The Trick,Beastie Boys - B-Boy Bouillabaisse: A.W.O.L. (2009 Digital Remaster),Nick Cave & The Bad Seeds - Midnight Man,Beastie Boys - B-Boy Bouillabaisse: A.W.O.L. (2009 Digital Remaster),Fugees (Tranzlator Crew) - Temple,Lauryn Hill - Interlude 5,Beastie Boys - B-Boy Bouillabaisse: A.W.O.L. (2009 Digital Remaster),Prince - I Love U In Me ( LP Version),Lauryn Hill - Interlude 5,Black Box - Everybody Everybody,Ja Rule - One of Us,Black Box - Everybody Everybody,Space - Begin Again,Billy Gilman - The Christmas Song,Black Box - Everybody Everybody,Space - Begin Again,Reverend Bizarre - Demons Annoying Me
TRIOKOC128F4267572,SOIOLFS12D021989DD,ARTQ8QP1187FB3D220,Leonard Cohen,Chelsea Hotel #2,folk,Lauryn Hill - Interlude 5,Twista - I'm A Winner (Amended Album Version),Erykah Badu - I Want You,Lauryn Hill - Interlude 5,Twista - I'm A Winner (Amended Album Version),Erykah Badu - I Want You,Harry Belafonte - Angelina,The Blues Brothers - Everybody Needs Somebody To Love,Bob Dylan - One Of Us Must Know (Sooner Or Later),Harry Belafonte - Angelina,The Blues Brothers - Everybody Needs Somebody To Love,Bob Dylan - One Of Us Must Know (Sooner Or Later),Lauryn Hill - Interlude 5,Snoop Dogg - Snoopafella (Edited),Beastie Boys - B-Boy Bouillabaisse: A.W.O.L. (2009 Digital Remaster),Snoop Dogg - Snoopafella (Edited),Lauryn Hill - Interlude 5,Keri Noble - Piece Of My Heart,Moby - One Time We Lived,Cassandra Wilson - 'Til There Was You,Ozark Henry - Weekenders,Moby - One Time We Lived,Marvin Gaye - Come Get To This,Ozark Henry - Weekenders
TREBQMO128F42828DB,SOOHIHR12AF72A7053,ARIDDOM1187B9A1360,We Are Scientists,Lethal Enforcer (Live From Union Chapel_ London),folk,Lauryn Hill - Interlude 5,Twista - I'm A Winner (Amended Album Version),Beastie Boys - B-Boy Bouillabaisse: A.W.O.L. (2009 Digital Remaster),Lauryn Hill - Interlude 5,Twista - I'm A Winner (Amended Album Version),Vanilla Ice - Ice Is Workin' It,Blues Traveler - Hook,Greeley Estates - This Song Goes Out To (Album Version),Tristan Prettyman - War Out Of Peace,Blues Traveler - Hook,Murs - You & I,Tristan Prettyman - War Out Of Peace,Lauryn Hill - Interlude 5,Vanilla Ice - Ice Is Workin' It,Beastie Boys - B-Boy Bouillabaisse: A.W.O.L. (2009 Digital Remaster),Lauryn Hill - Interlude 5,Jon Secada - Take Me,Conjure One - One Word,Jon Secada - Take Me,Natalie Cole - Don't Get Around Much Anymore,Ladyhawke - Love Don't Live Here,Jon Secada - Take Me,Natalie Cole - Don't Get Around Much Anymore,Clawfinger - Revenge
TRIQKDQ128F146F504,SOVWOMM12A6D4F8484,ARCJKV91187FB46210,KT Tunstall,Change,folk,Lauryn Hill - Interlude 5,Erykah Badu - I Want You,Beastie Boys - B-Boy Bouillabaisse: A.W.O.L. (2009 Digital Remaster),Lauryn Hill - Interlude 5,Erykah Badu - I Want You,Beastie Boys - B-Boy Bouillabaisse: A.W.O.L. (2009 Digital Remaster),Bouncing Souls_ The - Pervert,Cherish - Oooh,Matt Nathanson - More Than This,Bouncing Souls_ The - Pervert,Cherish - Oooh,Matt Nathanson - More Than This,Lauryn Hill - Interlude 5,Eminem - 8 Mile,Dar Williams - Mortal City,Lauryn Hill - Interlude 5,Dar Williams - Mortal City,Lou Reed - So Alone,Sparks - Angst In My Pants,Pillar - Hindsight,The Red Jumpsuit Apparatus - Cat And Mouse,Pillar - Hindsight,Sparks - Angst In My Pants,Lou Reed - So Alone
TRBFURI128F1455498,SOLMCFH12A58A7FACE,ARCJKV91187FB46210,KT Tunstall,Under The Weather,folk,Lauryn Hill - Interlude 5,Twista - I'm A Winner (Amended Album Version),Beastie Boys - B-Boy Bouillabaisse: A.W.O.L. (2009 Digital Remaster),Lauryn Hill - Interlude 5,Twista - I'm A Winner (Amended Album Version),Beastie Boys - B-Boy Bouillabaisse: A.W.O.L. (2009 Digital Remaster),Eagles Of Death Metal - Already Died,Soul Asylum - Stranger,Conway Twitty - Where I Stand,Eagles Of Death Metal - Already Died,Soul Asylum - Stranger,Conway Twitty - Where I Stand,Beastie Boys - B-Boy Bouillabaisse: A.W.O.L. (2009 Digital Remaster),Eminem - 8 Mile,Lauryn Hill - Interlude 5,Lagwagon - Sick,Vivian Green - Under My Skin,The Arrogant Sons Of Bitches - Kill The President,Conway Twitty - Where I Stand,Swans - Can't Find My Way Home,Pat Travers - Boom Boom (Out Go The Lights),Conway Twitty - Where I Stand,Pepper - Love 101,James Darren - I've Got You Under My Skin
TRVLECJ128E078235B,SOSJLXU12A6310F2B2,AR0L04E1187B9AE90C,The Verve,So Sister,folk,Beastie Boys - B-Boy Bouillabaisse: A.W.O.L. (2009 Digital Remaster),Lauryn Hill - Interlude 5,Erykah Badu - I Want You,Beastie Boys - B-Boy Bouillabaisse: A.W.O.L. (2009 Digital Remaster),Lauryn Hill - Interlude 5,Erykah Badu - I Want You,A Tribe Called Quest - Hot Sex,Cherish - Oooh,Less Than Jake - I Think I Love You,A Tribe Called Quest - Hot Sex,Cherish - Oooh,Less Than Jake - I Think I Love You,Beastie Boys - B-Boy Bouillabaisse: A.W.O.L. (2009 Digital Remaster),Johnny Winter - Miss Ann,Ying Yang Twins - 1st Booty On Duty,Johnny Winter - Miss Ann,Enrique Iglesias - Miss You,Kristinia DeBarge - Disconnect,Johnny Winter - Miss Ann,Brett Dennen - When She's Gone,Ella Fitzgerald - Miss Otis Regrets,Johnny Winter - Miss Ann,Isaac Hayes - By The Time I Get To Phoenix,Brett Dennen - When She's Gone
TRMLKKJ128E0798A59,SONNMHJ12A67AE098E,AR8886N1187B9B330A,Liz Phair,Lost Tonight,folk,Lauryn Hill - Interlude 5,Twista - I'm A Winner (Amended Album Version),Erykah Badu - I Want You,Lauryn Hill - Interlude 5,Twista - I'm A Winner (Amended Album Version),Erykah Badu - I Want You,Black Eyed Peas - Sexy,Lauryn Hill - Interlude 1,Eric B. & Rakim - I Know You Got Soul,Black Eyed Peas - Sexy,Lauryn Hill - Interlude 1,Eric B. & Rakim - I Know You Got Soul,Beastie Boys - B-Boy Bouillabaisse: A.W.O.L. (2009 Digital Remaster),Afroman - Let's All Get Drunk,Jodeci - It's Alright,Afroman - Let's All Get Drunk,Jodeci - It's Alright,Avant - Out of Character,Avant - Out of Character,The Adicts - Disco,The Gaslight Anthem - Even Cowgirls Get The Blues,Avant - Out of Character,The Gaslight Anthem - Even Cowgirls Get The Blues,The Adicts - Disco
TRYBZQD12903CD1380,SONJLBP12AB018A66C,AR9UC071187B9B76FD,The Pogues,Sunnyside Of The Street,folk,Beastie Boys - B-Boy Bouillabaisse: A.W.O.L. (2009 Digital Remaster),Eminem - 8 Mile,Lauryn Hill - Interlude 5,Beastie Boys - B-Boy Bouillabaisse: A.W.O.L. (2009 Digital Remaster),Eminem - 8 Mile,Lauryn Hill - Interlude 5,Charlotte Martin - In Parentheses,RODNEY CROWELL - Preachin' To The Choir,Common - Book Of Life,Charlotte Martin - In Parentheses,RODNEY CROWELL - Preachin' To The Choir,Josh Martinez - Tour is War,Beastie Boys - B-Boy Bouillabaisse: A.W.O.L. (2009 Digital Remaster),Lauryn Hill - Interlude 5,Murs - The Dance,Murs - The Dance,N-Dubz - Work Work,Us3 - Dead End Street,Benny Goodman - On The Sunny Side Of The Street,Scarlett Johansson - Fannin Street,Incognito - Marrakech,Benny Goodman - On The Sunny Side Of The Street,Us3 - Dead End Street,Scarlett Johansson - Fannin Street
TRHYZQR128F428F5C5,SOAWESO12A8C13AC4E,ARRH63Y1187FB47783,Kanye West,Can't Tell Me Nothing,hip hop,Lauryn Hill - Interlude 5,Twista - I'm A Winner (Amended Album Version),Beastie Boys - B-Boy Bouillabaisse: A.W.O.L. (2009 Digital Remaster),Lauryn Hill - Interlude 5,Twista - I'm A Winner (Amended Album Version),Abba - Move On,Pat Travers - I La La La Love You,Puressence - India,Grand Puba - Very Special (LP Version),Puressence - India,Pat Travers - I La La La Love You,Grand Puba - Very Special (LP Version),Lauryn Hill - Interlude 5,Beastie Boys - B-Boy Bouillabaisse: A.W.O.L. (2009 Digital Remaster),Clipse - Dirty Money,Lauryn Hill - Interlude 5,Alicia Keys - Tell You Something (Nana's Reprise),Clipse - Dirty Money,Pat Travers - I La La La Love You,Grand Puba - Alamo,Shania Twain - I'm Not In The Mood (To Say No)!,Pat Travers - I La La La Love You,Lauryn Hill - Interlude 5,Jessica Simpson - These Boots Are Made For Walkin'
TRPQDHV128E07845CB,SOWZAHB12AF72A4B46,ARRH63Y1187FB47783,Kanye West,Graduation Day,hip hop,Lauryn Hill - Interlude 5,Twista - I'm A Winner (Amended Album Version),Erykah Badu - I Want You,Lauryn Hill - Interlude 5,Twista - I'm A Winner (Amended Album Version),Erykah Badu - I Want You,Immortal Technique - Crossing the Boundary,Clawfinger - Revenge,Harry Belafonte - Angelina,Immortal Technique - Crossing the Boundary,Clawfinger - Revenge,Harry Belafonte - Angelina,Lauryn Hill - Interlude 5,Twista - Overdose (Album Version),The Game - Black Opera,The Game - Black Opera,Petey Pablo - Fool For Love,Ying Yang Twins - 1st Booty On Duty,Immortal Technique - Crossing the Boundary,Remy Ma - I'm,The Game - Black Opera,Immortal Technique - Crossing the Boundary,Remy Ma - I'm,The Game - Black Opera
TRHAGFQ128F428B8EA,SOLBUFV12A67020A39,ARRH63Y1187FB47783,Kanye West,Wake Up Mr. West,hip hop,Lauryn Hill - Interlude 5,Twista - I'm A Winner (Amended Album Version),Erykah Badu - I Want You,Lauryn Hill - Interlude 5,Twista - I'm A Winner (Amended Album Version),Erykah Badu - I Want You,Todd Snider - Looking For A Job,Harry Belafonte - Angelina,Shannon McNally - Down And Dirty,Todd Snider - Looking For A Job,Harry Belafonte - Angelina,Obie Trice - Hoodrats,DMX - Keep Your Shit The Hardest,Binary Star - Honest Expression,Lauryn Hill - Interlude 5,DMX - Keep Your Shit The Hardest,Binary Star - Honest Expression,Eazy-E - Real Muthaphuckkin' G's,Billy Ray Cyrus - Like Nothing Else,DMX - Keep Your Shit The Hardest,Trent Willmon - Love Don't Have To Be So Hard,DMX - Keep Your Shit The Hardest,Billy Ray Cyrus - Like Nothing Else,Binary Star - Honest Expression
TRQXYGU128E079236A,SOIJTSI12A6701FD8B,ARTDQRC1187FB4EFD4,Black Eyed Peas,A8,hip hop,Lauryn Hill - Interlude 5,Twista - I'm A Winner (Amended Album Version),Erykah Badu - I Want You,Lauryn Hill - Interlude 5,Twista - I'm A Winner (Amended Album Version),Erykah Badu - I Want You,Jeff Timmons - Can't You See,The Blues Brothers - Everybody Needs Somebody To Love,The Berzerker - All About You,Jeff Timmons - Can't You See,The Blues Brothers - Everybody Needs Somebody To Love,The Berzerker - All About You,Lauryn Hill - Interlude 5,Michael Jackson - Man In The Mirror,Beastie Boys - B-Boy Bouillabaisse: A.W.O.L. (2009 Digital Remaster),Michael Jackson - Man In The Mirror,Fun Lovin' Criminals - Blues For Suckers,Binary Star - Honest Expression,Kayah - Dla Niego,Orla Fallon - An Mhaighdean Mhara,Sentidos Opuestos - Oh Na Na Na,Michael Jackson - Man In The Mirror,Kayah - Dla Niego,Fun Lovin' Criminals - Blues For Suckers
TRBUESY128F92F81F6,SOVVVXC12AB017F162,ARTDQRC1187FB4EFD4,Black Eyed Peas,Boom Boom Guetta,hip hop,Slick Rick - Let's Get Crazy,Twista - I'm A Winner (Amended Album Version),Calvin Harris - The Girls,Slick Rick - Let's Get Crazy,Calvin Harris - The Girls,Twista - I'm A Winner (Amended Album Version),Slick Rick - Let's Get Crazy,Esmée Denters - Getting Over You,The Rolling Stones - Fight (1994 Digital Remaster),Slick Rick - Let's Get Crazy,Esmée Denters - Getting Over You,The Rolling Stones - Fight (1994 Digital Remaster),Twista - Overdose (Album Version),The Foreign Exchange - The Answer,Kurtis Blow - AJ Scratch,Kurtis Blow - AJ Scratch,Twista - Overdose (Album Version),The Foreign Exchange - The Answer,Chris Murray - Steady Beat Convention,The Prodigy - We Gonna Rock,Darude - Feel The Beat,Chris Murray - Steady Beat Convention,Beastie Boys - Pass The Mic (Pt. 2_ Skills To Pay The Bills) (2009 Digital Remaster),The Prodigy - We Gonna Rock
TRPDBLM128E0792367,SOZRPOY12A8C1455F5,ARTDQRC1187FB4EFD4,Black Eyed Peas,Communication,hip hop,Lauryn Hill - Interlude 5,Daft Punk - Touch It / Technologic,Vanilla Ice - Ice Is Workin' It,Lauryn Hill - Interlude 5,Daft Punk - Touch It / Technologic,Vanilla Ice - Ice Is Workin' It,Dilated Peoples - Live On Stage,Slum Village - Conant Gardens,Above The Law - Flow On (Move Me No Mountain),Dilated Peoples - Live On Stage,Slum Village - Conant Gardens,Above The Law - Flow On (Move Me No Mountain),Beastie Boys - B-Boy Bouillabaisse: A.W.O.L. (2009 Digital Remaster),Twista - Overdose (Album Version),The Pharcyde - I'm That Type Of Ni**a,The Pharcyde - I'm That Type Of Ni**a,Fatboy Slim - The Rockafeller Skank,Biz Markie - Make the Music With Your Mouth_ Biz,Us3 - I Got It Goin' On,King Tee - Guitar Playin',The Pharcyde - I'm That Type Of Ni**a,King Tee - Guitar Playin',The Pharcyde - I'm That Type Of Ni**a,Brand Nubian - All For One (Explicit) (2006 Remastered LP Version)
TRLINLH128F9346400,SOROKRP12AF729F9B4,ARTDQRC1187FB4EFD4,Black Eyed Peas,One Tribe,hip hop,Ja Rule - One of Us,Lauryn Hill - Interlude 5,Beastie Boys - B-Boy Bouillabaisse: A.W.O.L. (2009 Digital Remaster),Ja Rule - One of Us,Lauryn Hill - Interlude 5,Brand Nubian - All For One (Explicit) (2006 Remastered LP Version),Cutting Crew - One For The Mockingbird,Avail - N30,Bob Marley & The Wailers - One Love / People Get Ready,Cutting Crew - One For The Mockingbird,Avail - N30,Bob Marley & The Wailers - One Love / People Get Ready,Lauryn Hill - Interlude 5,Beastie Boys - B-Boy Bouillabaisse: A.W.O.L. (2009 Digital Remaster),Gang Starr - The Illest Brother,Lauryn Hill - Interlude 5,Gang Starr - The Illest Brother,Will.I.Am - She's A Star,Sara Gazarek - Yours (Live),Matisyahu - Jerusalem,Gang Starr - The Illest Brother,Gang Starr - The Illest Brother,Sara Gazarek - Yours (Live),Matisyahu - Jerusalem
TREPPUG128F9301FAB,SOBRREA12A6701C403,ARTDQRC1187FB4EFD4,Black Eyed Peas,Sexy,hip hop,Lauryn Hill - Interlude 5,Twista - I'm A Winner (Amended Album Version),Beastie Boys - B-Boy Bouillabaisse: A.W.O.L. (2009 Digital Remaster),Lauryn Hill - Interlude 5,Twista - I'm A Winner (Amended Album Version),Beastie Boys - B-Boy Bouillabaisse: A.W.O.L. (2009 Digital Remaster),Kat DeLuna - Run The Show,Natasha Bedingfield - Stumble,The Zutons - What's Your Problem,Kat DeLuna - Run The Show,Natasha Bedingfield - Stumble,Anastacia - Club Megamix,Lauryn Hill - Interlude 5,Twista - Overdose (Album Version),Binary Star - Honest Expression,Marques Houston - Naked,Twista - Overdose (Album Version),Binary Star - Honest Expression,Marques Houston - Naked,R. Kelly - In The Kitchen,Unbelievable Truth - Let It Flow,Marques Houston - Naked,R. Kelly - In The Kitchen,Unbelievable Truth - Let It Flow
TRBBVNR128E078E1E4,SOCMYLF12A67020A4D,ARTDQRC1187FB4EFD4,Black Eyed Peas,Tell Your Momma Come,hip hop,Lauryn Hill - Interlude 5,Vanilla Ice - It's A Party,Marques Houston - Cancel (Album Version),Lauryn Hill - Interlude 5,Vanilla Ice - It's A Party,Marques Houston - Cancel (Album Version),Nick Cave & The Bad Seeds - Midnight Man,Misery Speaks - Sounds Of Brutality,Dungeon Family - Trans DF Express,Nick Cave & The Bad Seeds - Midnight Man,Misery Speaks - Sounds Of Brutality,Dungeon Family - Trans DF Express,Twista - Overdose (Album Version),The Simpsons - Do The Bartman,Lauryn Hill - Interlude 5,The Simpsons - Do The Bartman,Missy Elliott - Back In The Day (Explicit LP Version),Beastie Boys - Pass The Mic (Pt. 2_ Skills To Pay The Bills) (2009 Digital Remaster),Beastie Boys - Pass The Mic (Pt. 2_ Skills To Pay The Bills) (2009 Digital Remaster),Missy Elliott - Back In The Day (Explicit LP Version),Petey Pablo - Show Me The Money,Beastie Boys - Pass The Mic (Pt. 2_ Skills To Pay The Bills) (2009 Digital Remaster),Missy Elliott - Back In The Day (Explicit LP Version),Petey Pablo - Show Me The Money
TRTJVGX128E078EB1C,SOUNVLC12A6701C406,ARTDQRC1187FB4EFD4,Black Eyed Peas,The Apl Song,hip hop,Lauryn Hill - Interlude 5,Beastie Boys - B-Boy Bouillabaisse: A.W.O.L. (2009 Digital Remaster),Twista - I'm A Winner (Amended Album Version),Lauryn Hill - Interlude 5,Beastie Boys - B-Boy Bouillabaisse: A.W.O.L. (2009 Digital Remaster),Vanilla Ice - Ice Is Workin' It,Lost Boyz - Keep It Real,Souls Of Mischief - Fa Sho Fo Real,Dead Prez - Fucked Up,Lost Boyz - Keep It Real,Souls Of Mischief - Fa Sho Fo Real,Dead Prez - Fucked Up,Lauryn Hill - Interlude 5,Twista - Overdose (Album Version),Beastie Boys - B-Boy Bouillabaisse: A.W.O.L. (2009 Digital Remaster),Twista - Overdose (Album Version),Lauryn Hill - Interlude 5,Public Enemy - Party For Your Right To Fight,Beastie Boys - Futterman's Rule (2009 Digital Remaster),Public Enemy - Party For Your Right To Fight,Beastie Boys - Pass The Mic (Pt. 2_ Skills To Pay The Bills) (2009 Digital Remaster),Above The Law - Flow On (Move Me No Mountain),Twista - Overdose (Album Version),Public Enemy - Party For Your Right To Fight
TRDJOCY128F4294CD5,SOTHRKJ12A6701C2D8,ARRH63Y1187FB47783,Kanye West,Diamonds From Sierra Leone,hip hop,Lauryn Hill - Interlude 5,Beastie Boys - B-Boy Bouillabaisse: A.W.O.L. (2009 Digital Remaster),Twista - I'm A Winner (Amended Album Version),Lauryn Hill - Interlude 5,Beastie Boys - B-Boy Bouillabaisse: A.W.O.L. (2009 Digital Remaster),Twista - I'm A Winner (Amended Album Version),Onyx - Onyx Is Back,Archers Of Loaf - Web In Front,Chrisette Michele - All I Ever Think About,Onyx - Onyx Is Back,Archers Of Loaf - Web In Front,Chrisette Michele - All I Ever Think About,Beastie Boys - B-Boy Bouillabaisse: A.W.O.L. (2009 Digital Remaster),Lauryn Hill - Interlude 5,Twista - Overdose (Album Version),Twista - Overdose (Album Version),Binary Star - Honest Expression,EPMD - Knick Knack Patty Wack,Above The Law - Flow On (Move Me No Mountain),Binary Star - Honest Expression,Us3 - It's Like That,Above The Law - Flow On (Move Me No Mountain),Binary Star - Honest Expression,Kool Moe Dee - Bad Mutha
TREADOS128E078EC1F,SORAWSB12A6701FBC8,ARTH9041187FB43E1F,Eminem,If I Had,hip hop,Lauryn Hill - Interlude 5,Beastie Boys - B-Boy Bouillabaisse: A.W.O.L. (2009 Digital Remaster),Eminem - 8 Mile,Beastie Boys - B-Boy Bouillabaisse: A.W.O.L. (2009 Digital Remaster),Lauryn Hill - Interlude 5,Eminem - 8 Mile,Skip James - I'm So Glad,Clipse - Freedom,Swollen Members - Concerto,Skip James - I'm So Glad,Clipse - Freedom,Swollen Members - Concerto,Beastie Boys - B-Boy Bouillabaisse: A.W.O.L. (2009 Digital Remaster),Lauryn Hill - Interlude 5,Twista - Overdose (Album Version),Twista - Overdose (Album Version),Twiztid - She Ain't Afraid,Binary Star - Honest Expression,Skip James - I'm So Glad,Rosanne Cash - This World,Terminal Choice - Be Like Me,Skip James - I'm So Glad,Binary Star - Honest Expression,Immortal Technique - That's What It Is
TRHPAVK128E078EC9C,SOKJZZN12A6701C77A,ARTH9041187FB43E1F,Eminem,Ken Kaniff,hip hop,Lauryn Hill - Interlude 5,Beastie Boys - B-Boy Bouillabaisse: A.W.O.L. (2009 Digital Remaster),Eminem - 8 Mile,Lauryn Hill - Interlude 5,Beastie Boys - B-Boy Bouillabaisse: A.W.O.L. (2009 Digital Remaster),Eminem - 8 Mile,Madness - Cardiac Arrest,K'Naan - Voices In My Head,Organized Konfusion - Releasing Hypnotical Gases,Madness - Cardiac Arrest,Organized Konfusion - Releasing Hypnotical Gases,Saul Williams - Elohim (1972),Twista - Overdose (Album Version),Beastie Boys - B-Boy Bouillabaisse: A.W.O.L. (2009 Digital Remaster),Lauryn Hill - Interlude 5,Redman - Soopaman Luva 3,Twiztid - She Ain't Afraid,Twista - Overdose (Album Version),Redman - Soopaman Luva 3,The Darkness - Givin' Up (Clean Version),Del The Funky Homosapien - Faulty,Redman - Soopaman Luva 3,Del The Funky Homosapien - Faulty,Atmosphere - Hair
TRGLNKG128F9307689,SOFVLYU12AB017F502,ARTH9041187FB43E1F,Eminem,My Darling,hip hop,Lauryn Hill - Interlude 5,Twista - I'm A Winner (Amended Album Version),Beastie Boys - B-Boy Bouillabaisse: A.W.O.L. (2009 Digital Remaster),Lauryn Hill - Interlude 5,Twista - I'm A Winner (Amended Album Version),Beastie Boys - B-Boy Bouillabaisse: A.W.O.L. (2009 Digital Remaster),Kevin Devine - Fever Moon,Clawfinger - Revenge,The Inchtabokatables - Underdrive,Kevin Devine - Fever Moon,Clawfinger - Revenge,The Inchtabokatables - Underdrive,Lauryn Hill - Interlude 5,Beastie Boys - B-Boy Bouillabaisse: A.W.O.L. (2009 Digital Remaster),Twista - Overdose (Album Version),Twista - Overdose (Album Version),Lauryn Hill - Interlude 5,Twista - I'm A Winner (Amended Album Version),Johnny Nash - Stir It Up,Etta James - My Dearest Darling,Simply Red - Go Now,Gang Starr - The Illest Brother,Lauryn Hill - Interlude 5,Souls Of Mischief - Rock It Like That
TRCHZXW128E079288A,SOMEJDK12D0219BB71,ARTH9041187FB43E1F,Eminem,8 Mile,hip hop,Beastie Boys - B-Boy Bouillabaisse: A.W.O.L. (2009 Digital Remaster),Lauryn Hill - Interlude 5,Twista - I'm A Winner (Amended Album Version),Beastie Boys - B-Boy Bouillabaisse: A.W.O.L. (2009 Digital Remaster),Lauryn Hill - Interlude 5,Mario Vazquez - Everytime I...,Common - Book Of Life,Eminem - Rabbit Run,Gang Starr - Gotta Get Over (Taking Loot) (Explicit),Common - Book Of Life,Eminem - Rabbit Run,Gang Starr - Gotta Get Over (Taking Loot) (Explicit),Beastie Boys - B-Boy Bouillabaisse: A.W.O.L. (2009 Digital Remaster),Lauryn Hill - Interlude 5,Twista - Overdose (Album Version),Twiztid - She Ain't Afraid,Twista - I'm A Winner (Amended Album Version),Eazy-E - Real Muthaphuckkin' G's,Common - Book Of Life,Will Smith - Momma Knows,Twiztid - She Ain't Afraid,Common - Book Of Life,Above The Law - Flow On (Move Me No Mountain),OutKast - Mainstream
TRCDLUM128F9331CA9,SOOOJWM12A8C13AC0E,ARPDVPJ1187B9ADBE9,Usher,Love Was Here,hip hop,Lauryn Hill - Interlude 5,Twista - I'm A Winner (Amended Album Version),Erykah Badu - I Want You,Lauryn Hill - Interlude 5,Twista - I'm A Winner (Amended Album Version),Erykah Badu - I Want You,The Jeff Healey Band - You're Coming Home,Marques Houston - Naked,Gotye - Coming Back,The Jeff Healey Band - You're Coming Home,Marques Houston - Naked,Gotye - Coming Back,Lauryn Hill - Interlude 5,Michael Jackson - Man In The Mirror,Atmosphere - Hair,Michael Jackson - Man In The Mirror,K-Ci & JoJo - Baby Come Back,Blackstreet - Billie Jean,Willie Nelson - All Of Me,K-Ci & JoJo - Baby Come Back,Blackstreet - Billie Jean,Willie Nelson - All Of Me,K-Ci & JoJo - Baby Come Back,Blackstreet - Billie Jean
TRPMNRL128F9302AD7,SOEVGOY12AB0181053,ARCGJ6U1187FB4D01F,Akon,Be With You,hip hop,Lauryn Hill - Interlude 5,Beastie Boys - B-Boy Bouillabaisse: A.W.O.L. (2009 Digital Remaster),Twista - I'm A Winner (Amended Album Version),Lauryn Hill - Interlude 5,Beastie Boys - B-Boy Bouillabaisse: A.W.O.L. (2009 Digital Remaster),Twista - I'm A Winner (Amended Album Version),Clawfinger - Revenge,Machinemade God - With You,Boyz II Men - Could It Be I'm Falling In Love,Clawfinger - Revenge,Machinemade God - With You,Boyz II Men - Could It Be I'm Falling In Love,Lauryn Hill - Interlude 5,Beastie Boys - B-Boy Bouillabaisse: A.W.O.L. (2009 Digital Remaster),Binary Star - Honest Expression,Lauryn Hill - Interlude 5,3LW - Playas Gon' Play,Clawfinger - Revenge,Millencolin - Random I Am (Album Version),Jennifer Lopez - The Way It Is,Clawfinger - Revenge,Millencolin - Random I Am (Album Version),Clawfinger - Revenge,Chris Brown - Ain't No Way (You Won't Love Me)
TRRIRMX128F92E6272,SOILRPD12A6701E38C,ARCGJ6U1187FB4D01F,Akon,Locked Up,hip hop,Ice Cube - When I Get To Heaven (Remix) (Explicit),Danity Kane - Hold Me Down (Album Version),Beastie Boys - B-Boy Bouillabaisse: A.W.O.L. (2009 Digital Remaster),Ice Cube - When I Get To Heaven (Remix) (Explicit),Britney Spears - Let Me Be,Danity Kane - Hold Me Down (Album Version),Ice Cube - When I Get To Heaven (Remix) (Explicit),JET - Let Me Out,Tommy Castro - Nasty Habits,Ice Cube - When I Get To Heaven (Remix) (Explicit),JET - Let Me Out,Tommy Castro - Nasty Habits,Kurupt - It Ain't About You,Lloyd Banks - Make A Move,Ying Yang Twins - 1st Booty On Duty,Kurupt - It Ain't About You,Lloyd Banks - Make A Move,Fun Lovin' Criminals - Blues For Suckers,KathrynWilliams - Room In My Head,J.J. Cale - Shanghaid,Fun Lovin' Criminals - Blues For Suckers,KathrynWilliams - Room In My Head,J.J. Cale - Shanghaid,Fun Lovin' Criminals - Blues For Suckers
TRCEYQJ128E07862DE,SOAUEBB12A67020DC4,ARLGIX31187B9AE9A0,Jay-Z,So Ghetto,hip hop,Lauryn Hill - Interlude 5,Beastie Boys - B-Boy Bouillabaisse: A.W.O.L. (2009 Digital Remaster),Eminem - 8 Mile,Lauryn Hill - Interlude 5,Beastie Boys - B-Boy Bouillabaisse: A.W.O.L. (2009 Digital Remaster),Eminem - 8 Mile,Amel Larrieux - lucky to be me,Sage Francis - Keep Moving,Ledisi - Best Friend,Amel Larrieux - lucky to be me,Sage Francis - Keep Moving,Ledisi - Best Friend,Twista - Overdose (Album Version),Beastie Boys - B-Boy Bouillabaisse: A.W.O.L. (2009 Digital Remaster),2Pac - Strictly 4 My N.I.G.G.A.Z.,2Pac - Strictly 4 My N.I.G.G.A.Z.,Onyx - Slam,Onyx - Slam Harder,EPMD - Right Now,2Pac - Strictly 4 My N.I.G.G.A.Z.,Insane Clown Posse - Fuck Off,2Pac - Strictly 4 My N.I.G.G.A.Z.,EPMD - Right Now,Soulja Slim - From What I Was Told
TRZGUNN128E07862F7,SOGFJJE12A58A80C35,ARLGIX31187B9AE9A0,Jay-Z,Heart Of The City (Ain't No Love),hip hop,Lauryn Hill - Interlude 5,Beastie Boys - B-Boy Bouillabaisse: A.W.O.L. (2009 Digital Remaster),Eminem - 8 Mile,Lauryn Hill - Interlude 5,Beastie Boys - B-Boy Bouillabaisse: A.W.O.L. (2009 Digital Remaster),Eminem - 8 Mile,Anastacia - Club Megamix,Ledisi - Best Friend,Lil Wyte - Ten Toes Tall,Anastacia - Club Megamix,Ledisi - Best Friend,Lil Wyte - Ten Toes Tall,Twista - Overdose (Album Version),Ying Yang Twins - 1st Booty On Duty,DMX - Keep Your Shit The Hardest,Three 6 Mafia - Who Run It,Ying Yang Twins - 1st Booty On Duty,DMX - Keep Your Shit The Hardest,Westside Connection - Superstar (Double Murder = Double Platinum),Three 6 Mafia - Who Run It,2Pac - Strictly 4 My N.I.G.G.A.Z.,2Pac - Strictly 4 My N.I.G.G.A.Z.,Westside Connection - Superstar (Double Murder = Double Platinum),Three 6 Mafia - Who Run It
TRTVTYS128E0792887,SORCZHK12A6701FFB0,ARTH9041187FB43E1F,Eminem,Rabbit Run,hip hop,Lauryn Hill - Interlude 5,Beastie Boys - B-Boy Bouillabaisse: A.W.O.L. (2009 Digital Remaster),Twista - I'm A Winner (Amended Album Version),Lauryn Hill - Interlude 5,Beastie Boys - B-Boy Bouillabaisse: A.W.O.L. (2009 Digital Remaster),Twista - I'm A Winner (Amended Album Version),Eminem - 8 Mile,Common - Book Of Life,RODNEY CROWELL - Preachin' To The Choir,Eminem - 8 Mile,Common - Book Of Life,RODNEY CROWELL - Preachin' To The Choir,Twista - Overdose (Album Version),Twiztid - She Ain't Afraid,Eminem - 8 Mile,Twiztid - She Ain't Afraid,Twista - Overdose (Album Version),Ying Yang Twins - 1st Booty On Duty,Twiztid - She Ain't Afraid,The Forces Of Evil - My Life,Insane Clown Posse - Fuck Off,Twiztid - She Ain't Afraid,Twista - Overdose (Album Version),OutKast - Mainstream
TRBEBJO128C719646B,SORXHBR12AF72A5DA5,ARCBD0U1187FB466EF,Nelly,Splurge,hip hop,Lauryn Hill - Interlude 5,Beastie Boys - B-Boy Bouillabaisse: A.W.O.L. (2009 Digital Remaster),Twista - I'm A Winner (Amended Album Version),Lauryn Hill - Interlude 5,Twista - I'm A Winner (Amended Album Version),Beastie Boys - B-Boy Bouillabaisse: A.W.O.L. (2009 Digital Remaster),Remy Ma - I'm,Kool Moe Dee - Bad Mutha,Clawfinger - Revenge,Remy Ma - I'm,Kool Moe Dee - Bad Mutha,Clawfinger - Revenge,Ying Yang Twins - 1st Booty On Duty,DMX - Keep Your Shit The Hardest,Lauryn Hill - Interlude 5,Ying Yang Twins - 1st Booty On Duty,DMX - Keep Your Shit The Hardest,Juvenile - Around The Way [Explicit Album Version],Juvenile - Around The Way [Explicit Album Version],Levon Helm - Feelin' Good,DMX - Keep Your Shit The Hardest,Juvenile - Around The Way [Explicit Album Version],DMX - Keep Your Shit The Hardest,OutKast - Claimin' True
TRMWYIH128E078DCA6,SOMTUPP12A6701FC38,ARCBD0U1187FB466EF,Nelly,St. Louie,hip hop,Lauryn Hill - Interlude 5,Beastie Boys - B-Boy Bouillabaisse: A.W.O.L. (2009 Digital Remaster),Twista - I'm A Winner (Amended Album Version),Lauryn Hill - Interlude 5,Beastie Boys - B-Boy Bouillabaisse: A.W.O.L. (2009 Digital Remaster),Twista - I'm A Winner (Amended Album Version),Soulja Slim - From What I Was Told,DJ Quik - Safe + Sound,Blues Traveler - Run Around,Soulja Slim - From What I Was Told,DJ Quik - Safe + Sound,Blues Traveler - Run Around,Beastie Boys - B-Boy Bouillabaisse: A.W.O.L. (2009 Digital Remaster),Twista - Overdose (Album Version),Lauryn Hill - Interlude 5,Twista - Overdose (Album Version),Young Jeezy - Still On It,Mos Def - The Easy Spell,The Replacements - Love You Till Friday,Nelly - Wrap Sumden,Lloyd Banks - Just Another Day,Nelly - Wrap Sumden,Soulja Slim - From What I Was Told,Lloyd Banks - Just Another Day
TRHXTHR128F145E864,SOTUHWK12A6310D7E5,ARCBD0U1187FB466EF,Nelly,Wrap Sumden,hip hop,Lauryn Hill - Interlude 5,Beastie Boys - B-Boy Bouillabaisse: A.W.O.L. (2009 Digital Remaster),Eminem - 8 Mile,Lauryn Hill - Interlude 5,Beastie Boys - B-Boy Bouillabaisse: A.W.O.L. (2009 Digital Remaster),Nelly - Splurge,Remy Ma - I'm,Beastie Boys - B-Boy Bouillabaisse: A.W.O.L. (2009 Digital Remaster),Lil Wyte - Ten Toes Tall,Remy Ma - I'm,Beastie Boys - B-Boy Bouillabaisse: A.W.O.L. (2009 Digital Remaster),Lil Wyte - Ten Toes Tall,Twista - Overdose (Album Version),Ying Yang Twins - 1st Booty On Duty,Mobb Deep - Trife Life,Ying Yang Twins - 1st Booty On Duty,Twista - Overdose (Album Version),DMX - Bring Your Whole Crew,KMD - Contact Blitt,N.W.A. - The Dayz Of Wayback,Hieroglyphics - Shift Shape,KMD - Contact Blitt,Mobb Deep - Trife Life,The Pharcyde - Pack The Pipe
TRQRAKE128F9322866,SOJQLHA12AB017F7D4,ARLGIX31187B9AE9A0,Jay-Z,Soon You'll Understand,hip hop,Lauryn Hill - Interlude 5,Twista - I'm A Winner (Amended Album Version),Erykah Badu - I Want You,Lauryn Hill - Interlude 5,Twista - I'm A Winner (Amended Album Version),Erykah Badu - I Want You,Clawfinger - Revenge,Chely Wright - Between A Mother And A Child,Harry Belafonte - Angelina,Clawfinger - Revenge,Chely Wright - Between A Mother And A Child,Harry Belafonte - Angelina,Lauryn Hill - Interlude 5,Eminem - 8 Mile,Twista - Overdose (Album Version),Lauryn Hill - Interlude 5,Mobb Deep - Trife Life,Twista - Overdose (Album Version),Samantha Mumba - What's It Gonna Be,Will Smith - Momma Knows,The Pharcyde - Pack The Pipe,The Pharcyde - Pack The Pipe,Lauryn Hill - Interlude 5,Gang Starr - The Illest Brother
TRCDAUA128E0784644,SOAZMZB12A6701D958,ARLGIX31187B9AE9A0,Jay-Z,Encore,hip hop,Lauryn Hill - Interlude 5,Twista - I'm A Winner (Amended Album Version),Erykah Badu - I Want You,Lauryn Hill - Interlude 5,Twista - I'm A Winner (Amended Album Version),Erykah Badu - I Want You,Good Old War - Tell Me (Acoustic),Natasha Bedingfield - Stumble,Beastie Boys - So What'Cha Want (Butt Naked Version) (Explicit) (2009 Digital Remaster),Good Old War - Tell Me (Acoustic),Beastie Boys - So What'Cha Want (Butt Naked Version) (Explicit) (2009 Digital Remaster),Natasha Bedingfield - Stumble,Twista - Overdose (Album Version),Lauryn Hill - Interlude 5,Beastie Boys - B-Boy Bouillabaisse: A.W.O.L. (2009 Digital Remaster),Twista - Overdose (Album Version),Ying Yang Twins - 1st Booty On Duty,Onyx - Slam,Beastie Boys - Pass The Mic (Pt. 2_ Skills To Pay The Bills) (2009 Digital Remaster),A Tribe Called Quest - Peace_ Prosperity & Paper,Bone Thugs-N-Harmony - 9mm,Twista - Overdose (Album Version),A Tribe Called Quest - Peace_ Prosperity & Paper,Beastie Boys - Pass The Mic (Pt. 2_ Skills To Pay The Bills) (2009 Digital Remaster)
TRBCPZS128F145ECC1,SOOKDOU12D0219A1C0,ARCBD0U1187FB466EF,Nelly,Say Now,hip hop,Lauryn Hill - Interlude 5,Michael Jackson - Man In The Mirror,Fatboy Slim - The Rockafeller Skank,Lauryn Hill - Interlude 5,Michael Jackson - Man In The Mirror,Fatboy Slim - The Rockafeller Skank,Bruce Hornsby and the Range - The Red Plains,Blink-182 - Online Songs,Ini Kamoze - Here Comes The Hotstepper,Blink-182 - Online Songs,Bruce Hornsby and the Range - The Red Plains,Ini Kamoze - Here Comes The Hotstepper,Michael Jackson - Man In The Mirror,Lauryn Hill - Interlude 5,Twista - Overdose (Album Version),Michael Jackson - Man In The Mirror,Fun Lovin' Criminals - Blues For Suckers,Tiziano Ferro - Universal Prayer,Sentidos Opuestos - Oh Na Na Na,Kayah - Dla Niego,Orla Fallon - An Mhaighdean Mhara,Tiziano Ferro - Universal Prayer,Sentidos Opuestos - Oh Na Na Na,Tim Armstrong - Take This City
TRWFVOW128E0793847,SOZDHYB12A679D7E52,ARZER7I1187FB385AF,Dr. Dre,Been There Done That,hip hop,Lauryn Hill - Interlude 5,Beastie Boys - B-Boy Bouillabaisse: A.W.O.L. (2009 Digital Remaster),Michael Jackson - Man In The Mirror,Lauryn Hill - Interlude 5,Beastie Boys - B-Boy Bouillabaisse: A.W.O.L. (2009 Digital Remaster),Michael Jackson - Man In The Mirror,Mobb Deep - Live Foul,Lost Boyz - Keep It Real,OutKast - Claimin' True,Mobb Deep - Live Foul,Lost Boyz - Keep It Real,Souls Of Mischief - Do You Want It?,Beastie Boys - B-Boy Bouillabaisse: A.W.O.L. (2009 Digital Remaster),Twista - Overdose (Album Version),DJ Quik - Safe + Sound,Eminem - If I Had,Three 6 Mafia - Who Run It,WWE John Cena and Tha Trademarc - Just Another Day,Bobby Bare - Marie Laveau,WWE John Cena and Tha Trademarc - Just Another Day,Eminem - If I Had,Gang Starr - The Illest Brother,WWE John Cena and Tha Trademarc - Just Another Day,Bobby Bare - Marie Laveau
TRWZWOX128F935A084,SOTYTWT12A58A7BBEE,AR9LJ9D1187FB4303D,Sean Kingston,Magical,hip hop,Lauryn Hill - Interlude 5,Stevie Wonder - All Day Sucker,Brick & Lace - Love Is Wicked,Lauryn Hill - Interlude 5,Stevie Wonder - All Day Sucker,Brick & Lace - Love Is Wicked,Ben E. King - Supernatural Thing Part 1,Ladyhawke - Love Don't Live Here,Aretha Franklin - A Deeper Love,Ben E. King - Supernatural Thing Part 1,Ladyhawke - Love Don't Live Here,Aretha Franklin - A Deeper Love,Lauryn Hill - Interlude 5,Beastie Boys - B-Boy Bouillabaisse: A.W.O.L. (2009 Digital Remaster),Eminem - 8 Mile,Lauryn Hill - Interlude 5,Babyface - I Love You Babe,Next - I Still Love You,Babyface - I Love You Babe,Dion - Can't We Be Sweethearts,Next - I Still Love You,Babyface - I Love You Babe,Shai - Waiting For The Day,Next - I Still Love You
TRXGBGU128F935A092,SOGKYFP12AB0185ED3,AR9LJ9D1187FB4303D,Sean Kingston,Over,hip hop,Lauryn Hill - Interlude 5,Beastie Boys - B-Boy Bouillabaisse: A.W.O.L. (2009 Digital Remaster),Twista - I'm A Winner (Amended Album Version),Lauryn Hill - Interlude 5,Beastie Boys - B-Boy Bouillabaisse: A.W.O.L. (2009 Digital Remaster),Twista - I'm A Winner (Amended Album Version),Marilyn Monroe - Do It Again,Albert Hammond Jr. - Bright Young Thing,Wall Of Voodoo - Do It Again,Marilyn Monroe - Do It Again,Albert Hammond Jr. - Bright Young Thing,Marques Houston - Naked,Beastie Boys - B-Boy Bouillabaisse: A.W.O.L. (2009 Digital Remaster),Lauryn Hill - Interlude 5,Murs - The Dance,Omarion - I'm Gon' Change,Jodeci - My Phone,Will Smith - Switch,João Gilberto - Ave Maria No Morro,Wall Of Voodoo - Do It Again,Omarion - I'm Gon' Change,Wall Of Voodoo - Do It Again,Omarion - I'm Gon' Change,Will Smith - Switch
TRFKPZK128F935A08D,SOJHMSM12AB0185233,AR9LJ9D1187FB4303D,Sean Kingston,Wrap U Around Me,hip hop,Danity Kane - Hold Me Down (Album Version),Five - That's What You Told Me,Lauryn Hill - Interlude 5,Danity Kane - Hold Me Down (Album Version),Five - That's What You Told Me,Lauryn Hill - Interlude 5,Diana Krall - Peel Me A Grape,Jill Scott - He Loves Me (Lyzel In E Flat),Jeff Buckley - Be Your Husband,Diana Krall - Peel Me A Grape,Jill Scott - He Loves Me (Lyzel In E Flat),Jeff Buckley - Be Your Husband,Prince - I Love U In Me ( LP Version),Lauryn Hill - Interlude 5,Michael Jackson - Man In The Mirror,Prince - I Love U In Me ( LP Version),R. Kelly - Chocolate Factory,Prince - Jack U Off (LP Version),Prince - Jack U Off (LP Version),John Lee Hooker - House Rent Boogie,Janet Jackson - Never Letchu Go,Prince - Jack U Off (LP Version),Janet Jackson - Never Letchu Go,John Lee Hooker - House Rent Boogie
TRWVTDX128F931ECEF,SOUOEMP12A8C13866E,ARDDMYP1187B9B8AE4,M.I.A.,Paper Planes,hip hop,Lauryn Hill - Interlude 5,Beastie Boys - B-Boy Bouillabaisse: A.W.O.L. (2009 Digital Remaster),Twista - I'm A Winner (Amended Album Version),Lauryn Hill - Interlude 5,Beastie Boys - B-Boy Bouillabaisse: A.W.O.L. (2009 Digital Remaster),Nelly - Splurge,Brand Nubian - All For One (Explicit) (2006 Remastered LP Version),Remy Ma - I'm,The Clash - I Fought The Law,Brand Nubian - All For One (Explicit) (2006 Remastered LP Version),Remy Ma - I'm,Big L - Lifestylez Ov Da Poor & Dangerous,Beastie Boys - B-Boy Bouillabaisse: A.W.O.L. (2009 Digital Remaster),KMD - Plumskinzz (Loose Hoe_ God & Cupid),Twista - Overdose (Album Version),KMD - Plumskinzz (Loose Hoe_ God & Cupid),Clipse - Dirty Money,Three 6 Mafia - Who Run It,Plasmatics - Monkey Suit,Van Morrison - Just Like Greta,Elliot Minor - Electric High,KMD - Plumskinzz (Loose Hoe_ God & Cupid),Plasmatics - Monkey Suit,Van Morrison - Just Like Greta
TRWTZGX128F149535F,SOQFNGB12A6D4FA61E,AR9RYZP1187FB36C6A,Thousand Foot Krutch,Set It Off,hip hop,Lauryn Hill - Interlude 5,Beastie Boys - B-Boy Bouillabaisse: A.W.O.L. (2009 Digital Remaster),Daft Punk - Touch It / Technologic,Lauryn Hill - Interlude 5,Daft Punk - Touch It / Technologic,Beastie Boys - B-Boy Bouillabaisse: A.W.O.L. (2009 Digital Remaster),John Legend - Out Of Sight,Smif-n-Wessun - LET's GIT IT ON,Shannon McNally - Miracle Mile,John Legend - Out Of Sight,Smif-n-Wessun - LET's GIT IT ON,Organized Konfusion - Confrontations,Beastie Boys - B-Boy Bouillabaisse: A.W.O.L. (2009 Digital Remaster),Twista - Overdose (Album Version),Kurupt - It Ain't About You,Beastie Boys - B-Boy Bouillabaisse: A.W.O.L. (2009 Digital Remaster),Dilated Peoples - Expansion Team Theme,Twista - Overdose (Album Version),Jeru The Damaja - Physical Stamina,EPMD - Right Now,Dilated Peoples - Expansion Team Theme,Jeru The Damaja - Physical Stamina,Beastie Boys - B-Boy Bouillabaisse: A.W.O.L. (2009 Digital Remaster),EPMD - Right Now
TRCACEF128F42434D7,SOEFLLL12AF72A15EA,AR7NPRY1187B9ADE15,Ludacris,Ho,hip hop,Lauryn Hill - Interlude 5,Big Bad Voodoo Daddy - Mambo Swing,Beastie Boys - B-Boy Bouillabaisse: A.W.O.L. (2009 Digital Remaster),Lauryn Hill - Interlude 5,Big Bad Voodoo Daddy - Mambo Swing,Twista - I'm A Winner (Amended Album Version),Big Bad Voodoo Daddy - Mambo Swing,Gene Autry - Up On The House Top,Nina Hagen - Live On Mars,Big Bad Voodoo Daddy - Mambo Swing,Gene Autry - Up On The House Top,Nina Hagen - Live On Mars,Big Bad Voodoo Daddy - Mambo Swing,DMX - Keep Your Shit The Hardest,DMX - Bring Your Whole Crew,Big Bad Voodoo Daddy - Mambo Swing,Gene Autry - Up On The House Top,DMX - Keep Your Shit The Hardest,Big Bad Voodoo Daddy - Mambo Swing,Gene Autry - Up On The House Top,Nina Hagen - Live On Mars,Big Bad Voodoo Daddy - Mambo Swing,Gene Autry - Up On The House Top,Nina Hagen - Live On Mars
TRCQNWN128F92EA07D,SOEARQO12AB017F7F0,ARVTAI41187B9B8B67,Wu-Tang Clan,The What,hip hop,Lauryn Hill - Interlude 5,Twista - I'm A Winner (Amended Album Version),Beastie Boys - B-Boy Bouillabaisse: A.W.O.L. (2009 Digital Remaster),Lauryn Hill - Interlude 5,Twista - I'm A Winner (Amended Album Version),Beastie Boys - B-Boy Bouillabaisse: A.W.O.L. (2009 Digital Remaster),Immortal Technique - That's What It Is,Aesop Rock - Mars Attacks,Cam'Ron - Bubble Music,Aesop Rock - Mars Attacks,Immortal Technique - That's What It Is,Cam'Ron - Bubble Music,Ying Yang Twins - 1st Booty On Duty,Twista - Overdose (Album Version),Mobb Deep - Trife Life,Ying Yang Twins - 1st Booty On Duty,Three 6 Mafia - Who Run It,Twista - Overdose (Album Version),50 Cent - Rowdy Rowdy,Ying Yang Twins - 1st Booty On Duty,Busta Rhymes - We Got What You Want,50 Cent - Rowdy Rowdy,Onyx - The Worst,2Pac - Strictly 4 My N.I.G.G.A.Z.
TRYHHXT128F4276F89,SOKMCHV12D02194FF6,AR23C041187FB4D534,50 Cent,Rowdy Rowdy,hip hop,Lauryn Hill - Interlude 5,Beastie Boys - B-Boy Bouillabaisse: A.W.O.L. (2009 Digital Remaster),Twista - I'm A Winner (Amended Album Version),Lauryn Hill - Interlude 5,Beastie Boys - B-Boy Bouillabaisse: A.W.O.L. (2009 Digital Remaster),Twista - I'm A Winner (Amended Album Version),Wu-Tang Clan - Da Mystery Of Chessboxin',Company Flow - The Fire In Which You Burn (feat. J-Treds & The Brewin From The Juggaknots),Def Squad - You Do_ I Do,Wu-Tang Clan - Da Mystery Of Chessboxin',Company Flow - The Fire In Which You Burn (feat. J-Treds & The Brewin From The Juggaknots),Def Squad - You Do_ I Do,DMX - Keep Your Shit The Hardest,DJ Quik - Safe + Sound,Eazy-E - Real Muthaphuckkin' G's,DMX - Keep Your Shit The Hardest,DJ Quik - Safe + Sound,Eazy-E - Real Muthaphuckkin' G's,G-Unit - I Don't Want To Talk About It,Eazy-E - Real Muthaphuckkin' G's,Soulja Slim - From What I Was Told,Soulja Slim - From What I Was Told,Eazy-E - Real Muthaphuckkin' G's,G-Unit - I Don't Want To Talk About It
TRIGDUK128E0784045,SOFXFJC12A6310E2F1,ARZ5H0P1187B98A1DD,Snoop Dogg,Bang Out,hip hop,Lauryn Hill - Interlude 5,Beastie Boys - B-Boy Bouillabaisse: A.W.O.L. (2009 Digital Remaster),Twista - I'm A Winner (Amended Album Version),Lauryn Hill - Interlude 5,Beastie Boys - B-Boy Bouillabaisse: A.W.O.L. (2009 Digital Remaster),Twista - I'm A Winner (Amended Album Version),Wu-Tang Clan - Uzi,Kool Keith - Clifton,Lil Wyte - Ten Toes Tall,Wu-Tang Clan - Uzi,Lil Wyte - Ten Toes Tall,Kool Keith - Clifton,Ying Yang Twins - 1st Booty On Duty,Twista - Overdose (Album Version),Twista - No Remorse (Album Version),Ying Yang Twins - 1st Booty On Duty,Twista - Overdose (Album Version),Twista - No Remorse (Album Version),Ying Yang Twins - 1st Booty On Duty,N.W.A. - Arrested (Insert) (Explicit),Kurupt - Ho's A Housewife,Ying Yang Twins - 1st Booty On Duty,Kurupt - Ho's A Housewife,N.W.A. - Arrested (Insert) (Explicit)
TRNVKOI128E0799173,SOIYRHZ12A67AD8126,ARZ5H0P1187B98A1DD,Snoop Dogg,Snoopafella (Edited),hip hop,Lauryn Hill - Interlude 5,Beastie Boys - B-Boy Bouillabaisse: A.W.O.L. (2009 Digital Remaster),Twista - I'm A Winner (Amended Album Version),Lauryn Hill - Interlude 5,Beastie Boys - B-Boy Bouillabaisse: A.W.O.L. (2009 Digital Remaster),Twista - I'm A Winner (Amended Album Version),Us3 - Goodbye,King Tee - Act A Fool,Beastie Boys - B-Boy Bouillabaisse: A.W.O.L. (2009 Digital Remaster),Us3 - Goodbye,King Tee - Act A Fool,Beastie Boys - B-Boy Bouillabaisse: A.W.O.L. (2009 Digital Remaster),Beastie Boys - B-Boy Bouillabaisse: A.W.O.L. (2009 Digital Remaster),Lauryn Hill - Interlude 5,Twista - Overdose (Album Version),Beastie Boys - B-Boy Bouillabaisse: A.W.O.L. (2009 Digital Remaster),Redman - Soopaman Luva 3,Dar Williams - Mortal City,Adam Green - Bungee,Dar Williams - Mortal City,Redman - Soopaman Luva 3,Beastie Boys - B-Boy Bouillabaisse: A.W.O.L. (2009 Digital Remaster),Redman - Soopaman Luva 3,Dar Williams - Mortal City
TRLVRJP128F93519FB,SOOENST12AC9E1344B,ARZYMH91187B99CEFC,Atmosphere,Hair,hip hop,Lauryn Hill - Interlude 5,Beastie Boys - B-Boy Bouillabaisse: A.W.O.L. (2009 Digital Remaster),Twista - I'm A Winner (Amended Album Version),Lauryn Hill - Interlude 5,Beastie Boys - B-Boy Bouillabaisse: A.W.O.L. (2009 Digital Remaster),Twista - I'm A Winner (Amended Album Version),Eric B. & Rakim - What's On Your Mind,Beastie Boys - B-Boy Bouillabaisse: A.W.O.L. (2009 Digital Remaster),Example - Birthday Card,Eric B. & Rakim - What's On Your Mind,Beastie Boys - B-Boy Bouillabaisse: A.W.O.L. (2009 Digital Remaster),Example - Birthday Card,Lauryn Hill - Interlude 5,Beastie Boys - B-Boy Bouillabaisse: A.W.O.L. (2009 Digital Remaster),Eminem - 8 Mile,Lauryn Hill - Interlude 5,Eminem - 8 Mile,Javier - Slow Motion,Reel Big Fish - She's Famous Now,Chicago - Caroline (Album Version),John Legend - I Can Change,Chicago - Caroline (Album Version),John Legend - I Can Change,Lauryn Hill - Interlude 5
TRBZXAC12903CBB0CE,SOHAYPC12A6D4FB7A7,ARZYMH91187B99CEFC,Atmosphere,Happymess,hip hop,Lauryn Hill - Interlude 5,Beastie Boys - B-Boy Bouillabaisse: A.W.O.L. (2009 Digital Remaster),Twista - I'm A Winner (Amended Album Version),Lauryn Hill - Interlude 5,Beastie Boys - B-Boy Bouillabaisse: A.W.O.L. (2009 Digital Remaster),Twista - I'm A Winner (Amended Album Version),Murs - You & I,Kool Moe Dee - Bad Mutha,Remy Ma - I'm,Murs - You & I,Kool Moe Dee - Bad Mutha,King Tee - Guitar Playin',Lauryn Hill - Interlude 5,Beastie Boys - B-Boy Bouillabaisse: A.W.O.L. (2009 Digital Remaster),Eminem - My Darling,Lauryn Hill - Interlude 5,Clipse - Dirty Money,Amber Pacific - The Right to Write Me Off,Amber Pacific - The Right to Write Me Off,Psapp - I Want That,Kelly Clarkson - Cry,Lauryn Hill - Interlude 5,Amber Pacific - The Right to Write Me Off,Example - Birthday Card
TRUNSXQ128E078B97D,SOALPQQ12A6701F302,ARN0YZ71187B9BA57B,Michael Bublé,Put Your Head On My Shoulder (Album Version),jazz,Lauryn Hill - Interlude 5,Danity Kane - Hold Me Down (Album Version),Five - That's What You Told Me,Lauryn Hill - Interlude 5,Danity Kane - Hold Me Down (Album Version),Five - That's What You Told Me,Brownstone - Kiss And Tell,Wang Chung - Hypnotize Me,Sharon Jones & The Dap-Kings - Tell Me,Brownstone - Kiss And Tell,Wang Chung - Hypnotize Me,Sharon Jones & The Dap-Kings - Tell Me,Lauryn Hill - Interlude 5,Binary Star - Indy 500,Twista - Overdose (Album Version),Luther Vandross - I Can Make It Better,Binary Star - Indy 500,LL Cool J - Lollipop,The Spencer Davis Group - I Can't Stand It,Jesse Johnson - Love Struck,Eddy Grant - Can't Get Enough Of You,Jesse Johnson - Love Struck,Eddy Grant - Can't Get Enough Of You,The Spencer Davis Group - I Can't Stand It
TRFUJLG128F4255312,SOELKTY12A8C135CCC,ARN0YZ71187B9BA57B,Michael Bublé,Stuck In The Middle With You (Non-Album Track),jazz,Lauryn Hill - Interlude 5,Twista - I'm A Winner (Amended Album Version),Beastie Boys - B-Boy Bouillabaisse: A.W.O.L. (2009 Digital Remaster),Lauryn Hill - Interlude 5,Twista - I'm A Winner (Amended Album Version),Beastie Boys - B-Boy Bouillabaisse: A.W.O.L. (2009 Digital Remaster),Mac Lethal - Rotten Apple Pie,A Tribe Called Quest - Hot Sex,Remy Ma - I'm,Mac Lethal - Rotten Apple Pie,A Tribe Called Quest - Hot Sex,Remy Ma - I'm,Lauryn Hill - Interlude 5,Beastie Boys - B-Boy Bouillabaisse: A.W.O.L. (2009 Digital Remaster),N-Dubz - Feva Las Vegas,Marvin Sease - Stuck In The Middle,N-Dubz - Feva Las Vegas,Westbound Train - When I Die,Westbound Train - When I Die,Albert Hammond Jr - G Up,Marvin Sease - Stuck In The Middle,Westbound Train - When I Die,Marvin Sease - Stuck In The Middle,Albert Hammond Jr - G Up
TRQPMHA128E078B979,SOSHDEL12A6701F300,ARN0YZ71187B9BA57B,Michael Bublé,You'll Never Find Another Love Like Mine (Album Version),jazz,Lauryn Hill - Interlude 5,Twista - I'm A Winner (Amended Album Version),Eminem - My Darling,Lauryn Hill - Interlude 5,Twista - I'm A Winner (Amended Album Version),Eminem - My Darling,Brett Dennen - When She's Gone,Paul Anka - You Are My Destiny,Phyllis Hyman - Falling Star,Brett Dennen - When She's Gone,Phyllis Hyman - Falling Star,Paul Anka - You Are My Destiny,Janis Joplin - Kozmic Blues,Lauryn Hill - Interlude 5,Everything But The Girl - Love Is Strange,Everything But The Girl - Love Is Strange,Janis Joplin - Kozmic Blues,Dusty Springfield - Some Of Your Lovin',Everything But The Girl - Love Is Strange,Dusty Springfield - Some Of Your Lovin',Gene Vincent - Lotta Lovin',Everything But The Girl - Love Is Strange,Dusty Springfield - Some Of Your Lovin',Gene Vincent - Lotta Lovin'
TRZPSAF128F9349767,SOLOQYJ12AB0188A53,AR20CFC1187B98A25D,Ray Charles,Kiss me baby,jazz,Danity Kane - Hold Me Down (Album Version),Lauryn Hill - Interlude 5,Five - That's What You Told Me,Danity Kane - Hold Me Down (Album Version),Five - That's What You Told Me,Lauryn Hill - Interlude 5,Aretha Franklin - All Night Long,Bo Diddley - I'm Looking For A Woman,Slim Harpo - Late Last Night,Aretha Franklin - All Night Long,Bo Diddley - I'm Looking For A Woman,Slim Harpo - Late Last Night,Beastie Boys - B-Boy Bouillabaisse: A.W.O.L. (2009 Digital Remaster),Jay-Z - So Ghetto,Lauryn Hill - Interlude 5,Colin James - Sit Right Here,The Jeff Healey Band - How Long Can A Man Be Strong,Ray Charles - Don't You Know,Ray Charles - Don't You Know,Colin James - Sit Right Here,Bo Diddley - I'm Looking For A Woman,Ray Charles - Don't You Know,Colin James - Sit Right Here,Bo Diddley - I'm Looking For A Woman
TRAEPAC12903CE5DC8,SOELRRQ12AB0188C34,AR20CFC1187B98A25D,Ray Charles,Let's Go,jazz,Lauryn Hill - Interlude 5,Twista - I'm A Winner (Amended Album Version),Danity Kane - Hold Me Down (Album Version),Lauryn Hill - Interlude 5,Twista - I'm A Winner (Amended Album Version),Danity Kane - Hold Me Down (Album Version),Hilary Duff - Play With Fire,Leon Jackson - You Don't Know Me,Harry Connick_ Jr. - You Don't Know Me,Hilary Duff - Play With Fire,Leon Jackson - You Don't Know Me,Harry Connick_ Jr. - You Don't Know Me,Beastie Boys - B-Boy Bouillabaisse: A.W.O.L. (2009 Digital Remaster),Lauryn Hill - Interlude 5,Eminem - My Darling,JLS - Beat Again,Spice Girls - Ain't No Stopping Us Now,Kat DeLuna - Run The Show,Steely Dan - Don't Let Me In,Stevie Wonder - If You Really Love Me,The Planet Smashers - Police The Nation,Steely Dan - Don't Let Me In,Stevie Wonder - If You Really Love Me,JLS - Beat Again
TRMJMVW12903CD44F4,SOZKIGX12D021902C2,AR20CFC1187B98A25D,Ray Charles,Moon Over Miami,jazz,Lauryn Hill - Interlude 5,Vanilla Ice - It's A Party,Beastie Boys - B-Boy Bouillabaisse: A.W.O.L. (2009 Digital Remaster),Lauryn Hill - Interlude 5,Vanilla Ice - It's A Party,The Prodigy - We Gonna Rock,Diana Krall - Charmed Life,Dragonforce - Heart of a Dragon,Chaka Khan - Lullaby Of Birdland,Diana Krall - Charmed Life,Dragonforce - Heart of a Dragon,Chaka Khan - Lullaby Of Birdland,The Streets - Weak Become Heroes,Ella Fitzgerald - How High The Moon,Beastie Boys - B-Boy Bouillabaisse: A.W.O.L. (2009 Digital Remaster),Ella Fitzgerald - How High The Moon,The Streets - Weak Become Heroes,Ella Fitzgerald - Russian Lullaby,Ella Fitzgerald - How High The Moon,Ella Fitzgerald - Russian Lullaby,Way Out West - The Gift,Ella Fitzgerald - How High The Moon,Ella Fitzgerald - Russian Lullaby,Erin McKeown - Paper Moon
TRBXTYM128F930793B,SOAAYTO12D021B0A4B,AREIN101187FB5A5FA,Nat King Cole,Hit That Jive Jack,jazz,Lauryn Hill - Interlude 5,Beastie Boys - B-Boy Bouillabaisse: A.W.O.L. (2009 Digital Remaster),Michael Jackson - Man In The Mirror,Lauryn Hill - Interlude 5,Beastie Boys - B-Boy Bouillabaisse: A.W.O.L. (2009 Digital Remaster),Twista - I'm A Winner (Amended Album Version),N-Dubz - Sex,Juvenile - Around The Way [Explicit Album Version],Onyx - The Worst,N-Dubz - Sex,Juvenile - Around The Way [Explicit Album Version],Onyx - The Worst,The Simpsons - Do The Bartman,Twiztid - She Ain't Afraid,Twista - Get It How You Live  (Explicit Chopped & Screwed Version),Mississippi Fred McDowell - Shake 'Em On Down,Nivea - Indian Dance,The Simpsons - Do The Bartman,Sam Cooke - Shake,Tommy Johnson - Big Fat Mama Blues,Mississippi Fred McDowell - Shake 'Em On Down,Sam Cooke - Shake,Nivea - Indian Dance,Tommy Johnson - Big Fat Mama Blues
TRFORZM12903CDF88C,SODTNSX12D021979B9,AREIN101187FB5A5FA,Nat King Cole,The Christmas Song,jazz,Lauryn Hill - Interlude 5,Beastie Boys - B-Boy Bouillabaisse: A.W.O.L. (2009 Digital Remaster),Michael Jackson - Man In The Mirror,Lauryn Hill - Interlude 5,Beastie Boys - B-Boy Bouillabaisse: A.W.O.L. (2009 Digital Remaster),Michael Jackson - Man In The Mirror,Billy Gilman - The Christmas Song,Gang Starr - Just To Get A Rep,Matisyahu - Close My Eyes,Billy Gilman - The Christmas Song,Gang Starr - Just To Get A Rep,Matisyahu - Close My Eyes,Lauryn Hill - Interlude 5,Billy Gilman - The Christmas Song,Matisyahu - Close My Eyes,Billy Gilman - The Christmas Song,Lauryn Hill - Interlude 5,Matisyahu - Close My Eyes,Billy Gilman - The Christmas Song,Seth Lakeman - The Colliers,Selena Gomez & The Scene - Tell Me Something I Don't Know,Billy Gilman - The Christmas Song,Seth Lakeman - The Colliers,Selena Gomez & The Scene - Tell Me Something I Don't Know
TREMJFY12903CF1630,SOMTUNZ12D021B236A,AREIN101187FB5A5FA,Nat King Cole,Too Young,jazz,Lauryn Hill - Interlude 5,Beastie Boys - B-Boy Bouillabaisse: A.W.O.L. (2009 Digital Remaster),Binary Star - Indy 500,Lauryn Hill - Interlude 5,Beastie Boys - B-Boy Bouillabaisse: A.W.O.L. (2009 Digital Remaster),Binary Star - Indy 500,Dan Hartman - We Are The Young,Carole King - We Are All In This Together,Thought Riot - Save The Humans,Dan Hartman - We Are The Young,Carole King - We Are All In This Together,Thought Riot - Save The Humans,Beastie Boys - B-Boy Bouillabaisse: A.W.O.L. (2009 Digital Remaster),Lauryn Hill - Interlude 5,Savatage - The Hourglass,The Partridge Family - It's You,Maroon 5 - Nothing Lasts Forever,G-Unit - Beg For Mercy,The Partridge Family - It's You,Donny Hathaway - To Be Young_ Gifted And Black (LP Version),The Sundays - My Finest Hour,The Partridge Family - It's You,Donny Hathaway - To Be Young_ Gifted And Black (LP Version),The Sundays - My Finest Hour
TRKBPHV128F92E3B2D,SOBHTSP12D021B0A27,AREIN101187FB5A5FA,Nat King Cole,Unforgettable,jazz,Lauryn Hill - Interlude 5,Michael Jackson - Man In The Mirror,The Pharcyde - Otha Fish,Lauryn Hill - Interlude 5,Michael Jackson - Man In The Mirror,The Pharcyde - Otha Fish,Dilated Peoples - Clockwork,Johnny Mathis - The Windmills Of Your Mind,Michael Bublé - That's All (Album Version),Dilated Peoples - Clockwork,Johnny Mathis - The Windmills Of Your Mind,Joe Nichols - Another Side Of You,Lauryn Hill - Interlude 5,Eminem - My Darling,Beastie Boys - B-Boy Bouillabaisse: A.W.O.L. (2009 Digital Remaster),Will.I.Am - The Traveling Song,Mutya Buena - It's Not Easy,Whitney Houston - You Give Good Love,Lloyd Price - Just Because,Nat King Cole - The Very Thought Of You,Whitney Houston - You Give Good Love,Lloyd Price - Just Because,Nat King Cole - The Very Thought Of You,Whitney Houston - You Give Good Love
TRHYGVQ12903D046A9,SOEPFCI12AC46877AA,AREIN101187FB5A5FA,Nat King Cole,Autumn Leaves,jazz,Lauryn Hill - Interlude 5,Beastie Boys - B-Boy Bouillabaisse: A.W.O.L. (2009 Digital Remaster),Twista - I'm A Winner (Amended Album Version),Lauryn Hill - Interlude 5,Beastie Boys - B-Boy Bouillabaisse: A.W.O.L. (2009 Digital Remaster),Eminem - My Darling,Dawn of Relic - The Awakening,Dusty Springfield - Meditation,Snog - Into The Light,Dawn of Relic - The Awakening,Dusty Springfield - Meditation,311 - Firewater,Eminem - My Darling,Beastie Boys - B-Boy Bouillabaisse: A.W.O.L. (2009 Digital Remaster),Lauryn Hill - Interlude 5,Anatomy Of A Ghost - Last Transmission,Ms. Dynamite - Back Then,Bob Dylan - Ballad In Plain D,Stevie Wonder - Stay Gold,Kotipelto - Evening's Fall,Steven Delopoulos - Seasons,Stevie Wonder - Stay Gold,Kotipelto - Evening's Fall,Katie Melua - All In My Head
TRWIGSY128F92FE6B6,SOHZWJK12AB017DCF8,AREIN101187FB5A5FA,Nat King Cole,Love Is A Many Splendored Thing,jazz,Lauryn Hill - Interlude 5,Michael Jackson - Man In The Mirror,Beastie Boys - B-Boy Bouillabaisse: A.W.O.L. (2009 Digital Remaster),Lauryn Hill - Interlude 5,Michael Jackson - Man In The Mirror,Beastie Boys - B-Boy Bouillabaisse: A.W.O.L. (2009 Digital Remaster),Marvin Gaye - That's The Way Love Is,Bette Midler - The Rose,Giuliano Palma & The Bluebeaters - Somewhere In My Heart,Bette Midler - The Rose,Marvin Gaye - That's The Way Love Is,Giuliano Palma & The Bluebeaters - Somewhere In My Heart,Beastie Boys - B-Boy Bouillabaisse: A.W.O.L. (2009 Digital Remaster),Recoil - Curse,Momus - Closer To You,Shaggy - Luv Me Up,Other Two - One Last Kiss,Lisa Stansfield - Time To Make You Mine,Pnau - Lover,J.J. Cale - Humdinger,John Denver - For You,Pnau - Lover,John Denver - For You,Blu Cantrell - Holding On To Love
TRHEGPE128F9311A85,SOHHACX12AB0181443,AREIN101187FB5A5FA,Nat King Cole,Smoke Gets in Your Eyes,jazz,Beastie Boys - B-Boy Bouillabaisse: A.W.O.L. (2009 Digital Remaster),Lauryn Hill - Interlude 5,Twista - I'm A Winner (Amended Album Version),Beastie Boys - B-Boy Bouillabaisse: A.W.O.L. (2009 Digital Remaster),Lauryn Hill - Interlude 5,Twista - I'm A Winner (Amended Album Version),Bryan Ferry - Smoke Gets In Your Eyes,Frenzal Rhomb - I Love Fucking Up,Patsy Cline - I Love You Honey,Bryan Ferry - Smoke Gets In Your Eyes,Frenzal Rhomb - I Love Fucking Up,Patsy Cline - I Love You Honey,Bryan Ferry - Smoke Gets In Your Eyes,Lauryn Hill - Interlude 5,Eminem - My Darling,Bryan Ferry - Smoke Gets In Your Eyes,David Ball - Blowin' Smoke,Le Tigre - This Island,Bryan Ferry - Smoke Gets In Your Eyes,Alison Krauss / Union Station - Find My Way Back To My Heart,The Adicts - It's A Laugh,Bryan Ferry - Smoke Gets In Your Eyes,Alison Krauss / Union Station - Find My Way Back To My Heart,Leigh Nash - I've Gotta See You Smile
TRWZCIQ12903C97881,SOKLXSK12A58A7C3DA,AREIN101187FB5A5FA,Nat King Cole,If You Can't Smile And Say Yes,jazz,Lauryn Hill - Interlude 5,R. Kelly - Don't You Say No,Beastie Boys - B-Boy Bouillabaisse: A.W.O.L. (2009 Digital Remaster),Lauryn Hill - Interlude 5,R. Kelly - Don't You Say No,Eminem - My Darling,R. Kelly - Don't You Say No,Kelly Price - Don't Say Goodbye,A Tribe Called Quest - Rap Promoter,R. Kelly - Don't You Say No,Kelly Price - Don't Say Goodbye,A Tribe Called Quest - Rap Promoter,Lauryn Hill - Interlude 5,Atmosphere - Hair,Usher - Love Was Here,Róisín Murphy - Cry Baby,Usher - Love Was Here,Atmosphere - Hair,Róisín Murphy - Cry Baby,Melody Club - Golden Day,Albert Hammond Jr - G Up,Róisín Murphy - Cry Baby,Albert Hammond Jr - G Up,Fats Domino - Every Night About This Time
TREENNZ128F145B67D,SOALXFE12A6D4F78B0,AREIN101187FB5A5FA,Nat King Cole,She's Funny That Way,jazz,Lauryn Hill - Interlude 5,Beastie Boys - B-Boy Bouillabaisse: A.W.O.L. (2009 Digital Remaster),Eminem - My Darling,Lauryn Hill - Interlude 5,Beastie Boys - B-Boy Bouillabaisse: A.W.O.L. (2009 Digital Remaster),Eminem - My Darling,Guy Clark - I Don't Love You Much Do I (2007 Remastered LP Version),Keyshia Cole - I Changed My Mind,Anastacia - Club Megamix,Guy Clark - I Don't Love You Much Do I (2007 Remastered LP Version),Keyshia Cole - I Changed My Mind,Anastacia - Club Megamix,Natalie Cole - Your Eyes,Beastie Boys - B-Boy Bouillabaisse: A.W.O.L. (2009 Digital Remaster),Lauryn Hill - Interlude 5,Natalie Cole - Your Eyes,Charlie Wilson - What You Do To Me,Louise - One Kiss From Heaven,Charlie Wilson - What You Do To Me,Royksopp - Miss It So Much,Natalie Cole - Your Eyes,Charlie Wilson - What You Do To Me,Natalie Cole - Your Eyes,Luther Vandross - Never Too Much
TRVUYIL128F4275FAD,SOCKFLV12A8C133605,AREIN101187FB5A5FA,Nat King Cole,The Ruby And The Pearl (2003 Digital Remaster),jazz,Lauryn Hill - Interlude 5,Beastie Boys - B-Boy Bouillabaisse: A.W.O.L. (2009 Digital Remaster),Dilated Peoples - Expansion Team Theme,Lauryn Hill - Interlude 5,Dilated Peoples - Expansion Team Theme,Beastie Boys - B-Boy Bouillabaisse: A.W.O.L. (2009 Digital Remaster),Dilated Peoples - Expansion Team Theme,Patricia Barber - Phaeton,Snog - Into The Light,Dilated Peoples - Expansion Team Theme,Patricia Barber - Phaeton,Snog - Into The Light,Beastie Boys - B-Boy Bouillabaisse: A.W.O.L. (2009 Digital Remaster),Paul Anka - Love Me Warm And Tender,Jamie Foxx - Warm Bed,Paul Anka - Love Me Warm And Tender,Jamie Foxx - Warm Bed,Lonestar - Summertime,Paul Anka - Love Me Warm And Tender,The Gathering - Nighttime Birds,Lonestar - Summertime,Paul Anka - Love Me Warm And Tender,The Gathering - Nighttime Birds,Lonestar - Summertime
TRHOXSK128F145C9F9,SOLCRAY12A6D4F6095,AREIN101187FB5A5FA,Nat King Cole,The Very Thought Of You,jazz,Lauryn Hill - Interlude 5,Twista - I'm A Winner (Amended Album Version),Beastie Boys - B-Boy Bouillabaisse: A.W.O.L. (2009 Digital Remaster),Lauryn Hill - Interlude 5,Twista - I'm A Winner (Amended Album Version),Life Without Buildings - New Town,Boyz II Men - Amazed,7L & Esoteric - Boxcutter Rap,Marissa Nadler - Famous Blue Raincoat,Boyz II Men - Amazed,7L & Esoteric - Boxcutter Rap,Marissa Nadler - Famous Blue Raincoat,Beastie Boys - B-Boy Bouillabaisse: A.W.O.L. (2009 Digital Remaster),Lauryn Hill - Interlude 5,Savatage - The Hourglass,Heaven 17 - We're Going To Live For A Very Long Time (2006 Digital Remaster),Willie Nelson - A Moment Isn't Very Long,Paul Potts - Caruso,Willie Nelson - A Moment Isn't Very Long,Nat King Cole - Unforgettable,Dusty Springfield - Meditation,Willie Nelson - A Moment Isn't Very Long,Dusty Springfield - Meditation,Nat King Cole - Unforgettable
TRETXLU12903CD5688,SOIMSGC12D02198A5A,ARRL2QH1187B9AC814,Bing Crosby,Rudolph The Red-Nosed Reindeer,jazz,Lauryn Hill - Interlude 5,Twista - I'm A Winner (Amended Album Version),Beastie Boys - B-Boy Bouillabaisse: A.W.O.L. (2009 Digital Remaster),Lauryn Hill - Interlude 5,Twista - I'm A Winner (Amended Album Version),Beastie Boys - B-Boy Bouillabaisse: A.W.O.L. (2009 Digital Remaster),Gene Autry - Rudolph The Red Nosed Reindeer,Classified - All About U,Sara Gazarek - Yours (Live),Gene Autry - Rudolph The Red Nosed Reindeer,Classified - All About U,Sara Gazarek - Yours (Live),Beastie Boys - B-Boy Bouillabaisse: A.W.O.L. (2009 Digital Remaster),Lauryn Hill - Interlude 5,Savatage - The Hourglass,Gene Autry - Rudolph The Red Nosed Reindeer,Beastie Boys - B-Boy Bouillabaisse: A.W.O.L. (2009 Digital Remaster),UB40 - Red Red Wine (Edit),Gene Autry - Rudolph The Red Nosed Reindeer,Tom Waits - Reeperbahn,The Monochrome Set - He's Frank,Gene Autry - Rudolph The Red Nosed Reindeer,Tom Waits - Reeperbahn,Spearhead - Red Beans & Rice
TRORBTM128F93368FB,SOBEALQ12AB017EC86,ARBJ22B1187B9AD31C,Norah Jones,December,jazz,Twista - I'm A Winner (Amended Album Version),Beastie Boys - B-Boy Bouillabaisse: A.W.O.L. (2009 Digital Remaster),Lauryn Hill - Interlude 5,Twista - I'm A Winner (Amended Album Version),Beastie Boys - B-Boy Bouillabaisse: A.W.O.L. (2009 Digital Remaster),Lauryn Hill - Interlude 5,Marilyn Monroe - When I Fall In Love,Descendents - When I Get Old,Tina Turner - All The Woman (Recorded Live In London '99),Marilyn Monroe - When I Fall In Love,Descendents - When I Get Old,Tina Turner - All The Woman (Recorded Live In London '99),Spice Girls - Take Me Home,Momus - Closer To You,Sugarland - Baby Girl,Spice Girls - Take Me Home,Bill Withers - Wintertime,Gabrielle - Don't Need The Sun To Shine (To Make Me Smile),Celtic Woman - May It Be,Koop - Words of Tranquility,Laura Fygi - I Wish You Love,Celtic Woman - May It Be,Laura Fygi - I Wish You Love,Koop - Words of Tranquility
TRFCNIJ128F423F32E,SOTBYQW12A6D4FE74B,ARBJ22B1187B9AD31C,Norah Jones,Don't Know Why (Live),jazz,Beastie Boys - B-Boy Bouillabaisse: A.W.O.L. (2009 Digital Remaster),Lauryn Hill - Interlude 5,R. Kelly - I Mean (I Don't Mean It),Beastie Boys - B-Boy Bouillabaisse: A.W.O.L. (2009 Digital Remaster),R. Kelly - I Mean (I Don't Mean It),Mario Vazquez - Everytime I...,Mr. Vegas - I Don't Know Why I Love You,Millencolin - Random I Am (Album Version),Classified - Freezin In The Cold,Mr. Vegas - I Don't Know Why I Love You,Millencolin - Random I Am (Album Version),Classified - Freezin In The Cold,The Pharcyde - Otha Fish,Beastie Boys - B-Boy Bouillabaisse: A.W.O.L. (2009 Digital Remaster),Eminem - 8 Mile,The Pharcyde - Otha Fish,Alicia Keys - Tell You Something (Nana's Reprise),Smoke Or Fire - Cars,B.B. King - Buzz Me,SFDK - Phantom,Smoke Or Fire - Cars,B.B. King - Buzz Me,SFDK - Phantom,The Pharcyde - Otha Fish
TRYNZAL128F1464B5A,SOPHSDC12B0B8081BB,ARBJ22B1187B9AD31C,Norah Jones,Humble Me,jazz,Lauryn Hill - Interlude 5,Twista - I'm A Winner (Amended Album Version),Danity Kane - Hold Me Down (Album Version),Lauryn Hill - Interlude 5,Twista - I'm A Winner (Amended Album Version),Danity Kane - Hold Me Down (Album Version),The Berzerker - All About You,Syleena Johnson - All Of Me,Midtown - Knew It All Along (Acoustic),The Berzerker - All About You,Syleena Johnson - All Of Me,Dance Hall Crashers - Othello,Eminem - 8 Mile,R. Kelly - Kickin' It With Your Girlfriend,Lauryn Hill - Interlude 5,R. Kelly - Kickin' It With Your Girlfriend,Mississippi Fred McDowell - Louise,Cat Stevens - The Joke,Robert Johnson - Last Fair Deal Gone Down,Big Bill Broonzy - Saturday Evening Blues,Ray Charles - Don't You Know,Big Bill Broonzy - Saturday Evening Blues,ERIC SARDINAS - Old Smyrna Road,Ray Charles - Don't You Know
TRNGOHS128E0781235,SOOVFTG12AF72A4B85,ARBJ22B1187B9AD31C,Norah Jones,I've Got To See You Again,jazz,Lauryn Hill - Interlude 5,Twista - I'm A Winner (Amended Album Version),Beastie Boys - B-Boy Bouillabaisse: A.W.O.L. (2009 Digital Remaster),Lauryn Hill - Interlude 5,Twista - I'm A Winner (Amended Album Version),Erykah Badu - I Want You,Hope Of The States - Sadness On My Back,New Found Glory - I'll Never Love Again,Mario Vazquez - Everytime I...,Hope Of The States - Sadness On My Back,New Found Glory - I'll Never Love Again,Mario Vazquez - Everytime I...,Beastie Boys - B-Boy Bouillabaisse: A.W.O.L. (2009 Digital Remaster),Recoil - Curse,OutKast - Mainstream,Daryl Hall - Help Me Find A Way To Your Heart,Matisyahu - Fire and Heights,Recoil - Curse,The Rapture - Killing,Ayo - Better Days,Vaselines - Let's Get Ugly (Album),The Rapture - Killing,Ayo - Better Days,Shannon McNally - Down And Dirty
TRPPHPQ128F4258FFC,SOOEHBK12A8AE479F1,ARBJ22B1187B9AD31C,Norah Jones,Sinkin' Soon (iTunes Live Session),jazz,Lauryn Hill - Interlude 5,The Prodigy - We Gonna Rock,Beastie Boys - B-Boy Bouillabaisse: A.W.O.L. (2009 Digital Remaster),The Prodigy - We Gonna Rock,Lauryn Hill - Interlude 5,Katy Perry - Hot N Cold (Innerpartysystem Main),The Misfits - Static Age,Charlie Robison - Good Times,Thompson Twins - We Are Detective,Charlie Robison - Good Times,The Misfits - Static Age,Thompson Twins - We Are Detective,Beastie Boys - B-Boy Bouillabaisse: A.W.O.L. (2009 Digital Remaster),Lauryn Hill - Interlude 5,Less Than Jake - She's Gonna Break Soon (Radio Edit) (w/o Horns),Less Than Jake - She's Gonna Break Soon (Radio Edit) (w/o Horns),Kelis - Trilogy,Jay-Z - Soon You'll Understand,The Plasmatics - You're A Zombie,Less Than Jake - She's Gonna Break Soon (Radio Edit) (w/o Horns),Janet Jackson - The Lounge,The Plasmatics - You're A Zombie,Less Than Jake - She's Gonna Break Soon (Radio Edit) (w/o Horns),Los Lobos - Bar Fight
TRSSOKM128F1464B5C,SOQJPKL12A6D4F7D49,ARBJ22B1187B9AD31C,Norah Jones,The Long Way Home,jazz,Lauryn Hill - Interlude 5,Twista - I'm A Winner (Amended Album Version),Beastie Boys - B-Boy Bouillabaisse: A.W.O.L. (2009 Digital Remaster),Lauryn Hill - Interlude 5,Twista - I'm A Winner (Amended Album Version),Erykah Badu - I Want You,Mario Vazquez - Everytime I...,Manafest - Runaway,Josh Groban - Broken Vow (Album Version),Manafest - Runaway,Mario Vazquez - Everytime I...,Jonny Lang - Breakin Me,Lauryn Hill - Interlude 5,Beastie Boys - B-Boy Bouillabaisse: A.W.O.L. (2009 Digital Remaster),Mobb Deep - Trife Life,Marvin Gaye - You Sure Love To Ball,En Vogue - Love Don't Love You (LP Version),The O'Jays - Put Your Hands Together,En Vogue - Love Don't Love You (LP Version),Marvin Gaye - You Sure Love To Ball,Slim Harpo - One More Day,En Vogue - Love Don't Love You (LP Version),Marvin Gaye - You Sure Love To Ball,Slim Harpo - One More Day
TRKMCAV128E0782298,SOGMFQZ12A6310EF6C,ARBJ22B1187B9AD31C,Norah Jones,Those Sweet Words,jazz,Lauryn Hill - Interlude 5,Twista - I'm A Winner (Amended Album Version),Beastie Boys - B-Boy Bouillabaisse: A.W.O.L. (2009 Digital Remaster),Lauryn Hill - Interlude 5,Twista - I'm A Winner (Amended Album Version),Beastie Boys - B-Boy Bouillabaisse: A.W.O.L. (2009 Digital Remaster),Hello Saferide - Get Sick Soon,Slum Village - Call Me (Clean Version),Clawfinger - Revenge,Slum Village - Call Me (Clean Version),A Tribe Called Quest - Baby Phife's Return,Hello Saferide - Get Sick Soon,Lauryn Hill - Interlude 5,Beastie Boys - B-Boy Bouillabaisse: A.W.O.L. (2009 Digital Remaster),Snoop Dogg - Snoopafella (Edited),The Clash - The Magnificent Seven,Eric B. & Rakim - I Know You Got Soul,Laura Fygi - Sleigh Ride,The Derek Trucks Band - Sweet Inspiration,Kings Of Convenience - Singing Softly To Me,John Denver - The Chosen Ones,The Derek Trucks Band - Sweet Inspiration,Kings Of Convenience - Singing Softly To Me,John Denver - The Chosen Ones
TRBQFLA128F423F329,SODUTPQ12A6D4FE737,ARBJ22B1187B9AD31C,Norah Jones,Wish I Could (Live),jazz,Lauryn Hill - Interlude 5,Beastie Boys - B-Boy Bouillabaisse: A.W.O.L. (2009 Digital Remaster),Twista - I'm A Winner (Amended Album Version),Lauryn Hill - Interlude 5,Beastie Boys - B-Boy Bouillabaisse: A.W.O.L. (2009 Digital Remaster),Twista - I'm A Winner (Amended Album Version),Sage Francis - Keep Moving,Berlin - Masquerade,illScarlett - Clearer Now,Sage Francis - Keep Moving,illScarlett - Clearer Now,Berlin - Masquerade,Beastie Boys - B-Boy Bouillabaisse: A.W.O.L. (2009 Digital Remaster),Eminem - 8 Mile,Lauryn Hill - Interlude 5,The Pharcyde - Passin' Me By,Amy MacDonald - Mr Rock & Roll,Dar Williams - Mortal City,Room Eleven - Swimmer,Amy MacDonald - Mr Rock & Roll,The Pharcyde - Passin' Me By,The Pharcyde - Passin' Me By,Amy MacDonald - Mr Rock & Roll,Room Eleven - Swimmer
TRCLZPO128F427CD3A,SOMMQAC12CF5F86E67,ARBJ22B1187B9AD31C,Norah Jones,My Dear Country,jazz,Lauryn Hill - Interlude 5,Beastie Boys - B-Boy Bouillabaisse: A.W.O.L. (2009 Digital Remaster),Nelly - Splurge,Lauryn Hill - Interlude 5,Beastie Boys - B-Boy Bouillabaisse: A.W.O.L. (2009 Digital Remaster),Nelly - Splurge,Beastie Boys - B-Boy Bouillabaisse: A.W.O.L. (2009 Digital Remaster),The Cat Empire - The Car Song,Common - Book Of Life,Beastie Boys - B-Boy Bouillabaisse: A.W.O.L. (2009 Digital Remaster),The Cat Empire - The Car Song,Ice Cube - Dead Homiez,Lauryn Hill - Interlude 5,Beastie Boys - B-Boy Bouillabaisse: A.W.O.L. (2009 Digital Remaster),Recoil - Curse,Lauryn Hill - Interlude 5,Buck-O-Nine - Silence,Recoil - Curse,Billie Holiday - Guilty,Buck-O-Nine - Silence,Low - Dragonfly (Album),Billie Holiday - Guilty,Buck-O-Nine - Silence,Ella Fitzgerald - Let's Kiss and Make Up
TRWAPCT128F1494611,SONBELN12AB0184D8F,ARIFGKC1187B9B04D5,Dean Martin,I Love The Way You Say Goodnight,jazz,Lauryn Hill - Interlude 5,Twista - I'm A Winner (Amended Album Version),Erykah Badu - I Want You,Twista - I'm A Winner (Amended Album Version),Lauryn Hill - Interlude 5,Erykah Badu - I Want You,OutKast - The Way You Move,Doyle Bramhall - Dimples,Marilyn Manson - Para-noir,OutKast - The Way You Move,Doyle Bramhall - Dimples,Marilyn Manson - Para-noir,Lauryn Hill - Interlude 5,Beastie Boys - B-Boy Bouillabaisse: A.W.O.L. (2009 Digital Remaster),Atmosphere - Hair,Michael Jackson - Man In The Mirror,Atmosphere - Hair,Lauryn Hill - Interlude 5,Ella Fitzgerald - It's a Pity to Say Goodnight,Steely Dan - Cousin Dupree,Brenda Lee - It's Never Too Late,Ella Fitzgerald - It's a Pity to Say Goodnight,Steely Dan - Cousin Dupree,Brenda Lee - It's Never Too Late
TRNBZVW128F92EE688,SOANWBV12AB0184B24,ARIFGKC1187B9B04D5,Dean Martin,White Christmas,jazz,Beastie Boys - B-Boy Bouillabaisse: A.W.O.L. (2009 Digital Remaster),Eminem - 8 Mile,Twista - I'm A Winner (Amended Album Version),Beastie Boys - B-Boy Bouillabaisse: A.W.O.L. (2009 Digital Remaster),Eminem - 8 Mile,Twista - I'm A Winner (Amended Album Version),Jamie Scott & The Town - When Will I See Your Face Again,Mississippi Fred McDowell - When I Lay My Burden Down,Darkel - At The End Of The Sky,Jamie Scott & The Town - When Will I See Your Face Again,Darkel - At The End Of The Sky,Mississippi Fred McDowell - When I Lay My Burden Down,Tryo - Yakamonéyé,Fonky Family - Sans Rémission,Sniper - Panam All Star,Tryo - Yakamonéyé,Fonky Family - Sans Rémission,Fonky Family - L'Amour Du Risque,Keren Ann - Sur Le Fil,Nolwenn Leroy - Le Rêve Des Filles,Olivia Ruiz - Thérapie De Groupe,Keren Ann - Sur Le Fil,Nolwenn Leroy - Le Rêve Des Filles,Olivia Ruiz - Thérapie De Groupe
TRHZOEX128F93588AB,SOEXXLQ12A58A7A0CD,ARIFGKC1187B9B04D5,Dean Martin,Memories Are Made Of This,jazz,Ja Rule - One of Us,Lauryn Hill - Interlude 5,Black Eyed Peas - One Tribe,Ja Rule - One of Us,Lauryn Hill - Interlude 5,Black Eyed Peas - One Tribe,Dolly Parton - Highlight Of My Life,Kenny Loggins - Conviction Of The Heart,Amici Forever - Requiem for a Soldier (Band of Brothers),Dolly Parton - Highlight Of My Life,Kenny Loggins - Conviction Of The Heart,Amici Forever - Requiem for a Soldier (Band of Brothers),Beastie Boys - B-Boy Bouillabaisse: A.W.O.L. (2009 Digital Remaster),Ella Fitzgerald - Manhattan,Lauryn Hill - Interlude 5,Ms. Dynamite - Back Then,Ella Fitzgerald - Manhattan,Mayday Parade - One Man Drinking Games,Ms. Dynamite - Back Then,Motion City Soundtrack - Fell in Love Without You (Cd),Cassandra Wilson - I Can't Stand the Rain,Ms. Dynamite - Back Then,Motion City Soundtrack - Fell in Love Without You (Cd),Cassandra Wilson - I Can't Stand the Rain
TREOPOB128F427CD42,SOBWFAI12D021B3991,ARBJ22B1187B9AD31C,Norah Jones,Little Room,jazz,Lauryn Hill - Interlude 5,Beastie Boys - B-Boy Bouillabaisse: A.W.O.L. (2009 Digital Remaster),The Pharcyde - Otha Fish,Lauryn Hill - Interlude 5,Beastie Boys - B-Boy Bouillabaisse: A.W.O.L. (2009 Digital Remaster),The Pharcyde - Otha Fish,Above The Law - Flow On (Move Me No Mountain),David Houston - My Elusive Dreams,Dead Kennedys - Kinky Sex Makes the World Go 'Round,Above The Law - Flow On (Move Me No Mountain),Dead Kennedys - Kinky Sex Makes the World Go 'Round,David Houston - My Elusive Dreams,Lauryn Hill - Interlude 5,Beastie Boys - B-Boy Bouillabaisse: A.W.O.L. (2009 Digital Remaster),Dar Williams - Mortal City,Lauryn Hill - Interlude 5,Lucinda Williams - Disgusted,Dar Williams - Mortal City,Lucinda Williams - Disgusted,Gatsbys American Dream - The Hunter,Chumbawamba - New York Mining Disaster 1941,Lucinda Williams - Disgusted,Gatsbys American Dream - The Hunter,Mission Of Burma - Academy Fight Song
TRELLQK128F147AD94,SOPTTXR12A58A782BB,ARO7DTP1187B9A1D2B,The Puppini Sisters,Bei Mir Bist Du Schön,jazz,Lauryn Hill - Interlude 5,Twista - I'm A Winner (Amended Album Version),Eminem - My Darling,Lauryn Hill - Interlude 5,Twista - I'm A Winner (Amended Album Version),Eminem - My Darling,Good Old War - Tell Me (Acoustic),Josh Groban - When You Say You Love Me (Album Version),RyanDan - Like The Sun,Good Old War - Tell Me (Acoustic),Josh Groban - When You Say You Love Me (Album Version),RyanDan - Like The Sun,Lauryn Hill - Interlude 5,Sido - Mein Testament,Die Kassierer - Du hast geguckt,Die Kassierer - Du hast geguckt,Planlos - Es geht mir gut,Ich + Ich - Trösten,Kent - Elefanter,Sondaschule - Lieber einen paffen,Planlos - Es geht mir gut,Kent - Elefanter,Sondaschule - Lieber einen paffen,Planlos - Es geht mir gut
TRMOHUN128F424DEE6,SOCIAUG12A8C130F7F,ARO7DTP1187B9A1D2B,The Puppini Sisters,Don't Sit Under The Apple Tree,jazz,Danity Kane - Hold Me Down (Album Version),Lauryn Hill - Interlude 5,Nelly - Splurge,Danity Kane - Hold Me Down (Album Version),Nelly - Splurge,Lauryn Hill - Interlude 5,Jackson 5 - (You Were Made) Especially For Me,Confederate Railroad - I Don't Want To Hang Out With Me (LP Version),Republica - Don't You Ever,Jackson 5 - (You Were Made) Especially For Me,Confederate Railroad - I Don't Want To Hang Out With Me (LP Version),Republica - Don't You Ever,Jackson 5 - (You Were Made) Especially For Me,Julia Fordham - Where Does The Time Go?,Irma Thomas - Anyone Who Knows What Love Is (Will Understand),Jackson 5 - (You Were Made) Especially For Me,Julia Fordham - Where Does The Time Go?,Irma Thomas - Anyone Who Knows What Love Is (Will Understand),Jackson 5 - (You Were Made) Especially For Me,Irma Thomas - Anyone Who Knows What Love Is (Will Understand),Nina Simone - In Love In Vain,Jackson 5 - (You Were Made) Especially For Me,Irma Thomas - Anyone Who Knows What Love Is (Will Understand),Nina Simone - In Love In Vain
TRSPEPD128F147AD9A,SOCFSHN12A6D4F73B2,ARO7DTP1187B9A1D2B,The Puppini Sisters,Falling In Love Again,jazz,Lauryn Hill - Interlude 5,Twista - I'm A Winner (Amended Album Version),Beastie Boys - B-Boy Bouillabaisse: A.W.O.L. (2009 Digital Remaster),Lauryn Hill - Interlude 5,Twista - I'm A Winner (Amended Album Version),Beastie Boys - B-Boy Bouillabaisse: A.W.O.L. (2009 Digital Remaster),Danni Carlos - Falling In Love Again,Marilyn Monroe - When I Fall In Love,Bananarama - Lovebite,Danni Carlos - Falling In Love Again,Marilyn Monroe - When I Fall In Love,Bananarama - Lovebite,Danni Carlos - Falling In Love Again,Beastie Boys - B-Boy Bouillabaisse: A.W.O.L. (2009 Digital Remaster),Lauryn Hill - Interlude 5,Danni Carlos - Falling In Love Again,Eminem - If I Had,Lisa Stansfield - Never Gonna Fall,Danni Carlos - Falling In Love Again,Skip James - I'm So Glad,Lisa Stansfield - Never Gonna Fall,Danni Carlos - Falling In Love Again,Lisa Stansfield - Never Gonna Fall,Ella Fitzgerald - Taking A Chance On Love
TRAQUUU128F147A689,SOEYNMS12A6D4F7BC8,ARO7DTP1187B9A1D2B,The Puppini Sisters,Heebie Jeebies,jazz,Lauryn Hill - Interlude 5,Beastie Boys - B-Boy Bouillabaisse: A.W.O.L. (2009 Digital Remaster),R. Kelly - I Mean (I Don't Mean It),Lauryn Hill - Interlude 5,Beastie Boys - B-Boy Bouillabaisse: A.W.O.L. (2009 Digital Remaster),Erykah Badu - I Want You,Martin Sexton - In the Journey,Linda Ronstadt - Lovesick Blues,G-Unit - I Don't Want To Talk About It,Martin Sexton - In the Journey,Linda Ronstadt - Lovesick Blues,G-Unit - I Don't Want To Talk About It,Lauryn Hill - Interlude 5,The Simpsons - Do The Bartman,Murs - The Dance,Eddie Rabbitt - I Wanna Dance With You,The Simpsons - Do The Bartman,Billy Paul - Your Song,Stacey Kent - Shall We Dance,Eddie Rabbitt - I Wanna Dance With You,Telepopmusik - Dance Me,Eddie Rabbitt - I Wanna Dance With You,Stacey Kent - Shall We Dance,Telepopmusik - Dance Me
TREIANS128F147AD97,SOLJYMK12A6D4F73B0,ARO7DTP1187B9A1D2B,The Puppini Sisters,I Will Survive,jazz,Lauryn Hill - Interlude 5,Beastie Boys - B-Boy Bouillabaisse: A.W.O.L. (2009 Digital Remaster),Twista - I'm A Winner (Amended Album Version),Lauryn Hill - Interlude 5,Beastie Boys - B-Boy Bouillabaisse: A.W.O.L. (2009 Digital Remaster),Twista - I'm A Winner (Amended Album Version),Alexandra Burke - Overcome,Mario Vazquez - Everytime I...,Next - I Still Love You,Alexandra Burke - Overcome,Mario Vazquez - Everytime I...,Next - I Still Love You,Lauryn Hill - Interlude 5,Beastie Boys - B-Boy Bouillabaisse: A.W.O.L. (2009 Digital Remaster),Gang Starr - The Illest Brother,Lauryn Hill - Interlude 5,Gang Starr - The Illest Brother,Alexandra Burke - Overcome,Emanon - She Thinks,Rhonda Vincent - Forever Ain't That Long Anymore,Lesley Gore - I Won't Love You Anymore (Sorry),Emanon - She Thinks,Rhonda Vincent - Forever Ain't That Long Anymore,Gang Starr - The Illest Brother
TRPWTNZ128F147AD9F,SOOTOZG12A6D4F73B5,ARO7DTP1187B9A1D2B,The Puppini Sisters,In The Mood,jazz,Lauryn Hill - Interlude 5,Beastie Boys - B-Boy Bouillabaisse: A.W.O.L. (2009 Digital Remaster),Twista - I'm A Winner (Amended Album Version),Lauryn Hill - Interlude 5,Beastie Boys - B-Boy Bouillabaisse: A.W.O.L. (2009 Digital Remaster),Twista - I'm A Winner (Amended Album Version),The Pharcyde - Pack The Pipe,Sage Francis - Keep Moving,Johnny Cash - I Was There When It Happened,The Pharcyde - Pack The Pipe,Sage Francis - Keep Moving,Johnny Cash - I Was There When It Happened,Lauryn Hill - Interlude 5,Beastie Boys - B-Boy Bouillabaisse: A.W.O.L. (2009 Digital Remaster),Biz Markie - Vapors,Five - That's What You Told Me,TLC - Shock Dat Monkey,Booty Luv - Don't Mess With My Man (Extended),Joy Electric - The Cobbler,Bill Withers - Who Is He? (And What Is He To You?),Kathy Troccoli - I Call Him Love,Joy Electric - The Cobbler,Bill Withers - Who Is He? (And What Is He To You?),Porter Wagoner - Skid row Joe
TRNDNKN12903CC8A4C,SOQIBZY12AB018A208,ARIFGKC1187B9B04D5,Dean Martin,Kiss,jazz,Lauryn Hill - Interlude 5,Twista - I'm A Winner (Amended Album Version),Beastie Boys - B-Boy Bouillabaisse: A.W.O.L. (2009 Digital Remaster),Lauryn Hill - Interlude 5,Twista - I'm A Winner (Amended Album Version),Erykah Badu - I Want You,The Handful - Memorial Day,Hieroglyphics - You Never Knew,Boyz II Men - 4 Seasons Of Loneliness,Hieroglyphics - You Never Knew,The Handful - Memorial Day,Boyz II Men - 4 Seasons Of Loneliness,Lauryn Hill - Interlude 5,R. Kelly - Kickin' It With Your Girlfriend,Beastie Boys - B-Boy Bouillabaisse: A.W.O.L. (2009 Digital Remaster),R. Kelly - Kickin' It With Your Girlfriend,Lauryn Hill - Interlude 5,Aretha Franklin - Jim,Paul Potts - La Prima Volta (First Time Ever I Saw Your Face),R. Kelly - Kickin' It With Your Girlfriend,Con Funk Shun - Electric Lady,Paul Potts - La Prima Volta (First Time Ever I Saw Your Face),R. Kelly - Kickin' It With Your Girlfriend,Con Funk Shun - Electric Lady
TRJALGV12903D0447E,SOOCHTW12AC468DF40,ARIFGKC1187B9B04D5,Dean Martin,Let Me Go Lover,jazz,Danity Kane - Hold Me Down (Album Version),Five - That's What You Told Me,Lauryn Hill - Interlude 5,Danity Kane - Hold Me Down (Album Version),Five - That's What You Told Me,Lauryn Hill - Interlude 5,Jessica Mauboy - Let Me Be Me,Diana Krall - Peel Me A Grape,Jill Scott - He Loves Me (Lyzel In E Flat),Jessica Mauboy - Let Me Be Me,Diana Krall - Peel Me A Grape,Jill Scott - He Loves Me (Lyzel In E Flat),Lauryn Hill - Interlude 5,Beastie Boys - B-Boy Bouillabaisse: A.W.O.L. (2009 Digital Remaster),Jessica Simpson - The Lover In Me,Jessica Simpson - The Lover In Me,Spinners - Cupid/I've Loved You For A Long Time (Remastered Single Version),Cinderella Effect - Clone Your Lover,Cinderella Effect - Clone Your Lover,Mercury Rev - The Climbing Rose,Gregory Isaac - My Only Lover,Cinderella Effect - Clone Your Lover,Mercury Rev - The Climbing Rose,Gregory Isaac - My Only Lover
TRPQFJA128F145AC60,SOLLBAY12AF72A5F48,ARIFGKC1187B9B04D5,Dean Martin,On An Evening In Roma (Sott'er Celo De Roma),jazz,Lauryn Hill - Interlude 5,Beastie Boys - B-Boy Bouillabaisse: A.W.O.L. (2009 Digital Remaster),The Pharcyde - Otha Fish,Lauryn Hill - Interlude 5,Beastie Boys - B-Boy Bouillabaisse: A.W.O.L. (2009 Digital Remaster),The Pharcyde - Otha Fish,Blind Pilot - Paint or Pollen,Amici Forever - Vita Mia,Robbie Williams - Never Touch That Switch (Dark Horse Dub Mix),Blind Pilot - Paint or Pollen,Amici Forever - Vita Mia,Robbie Williams - Never Touch That Switch (Dark Horse Dub Mix),Fabrizio De Andrè - Sinan Capudan Pascià,Gemelli Diversi - Istruzioni Per L'(Ill)uso,Andrea Bocelli - E Chiove,Fabrizio De Andrè - Sinan Capudan Pascià,Gemelli Diversi - Istruzioni Per L'(Ill)uso,Vinicio Capossela - L'uomo vivo (inno al gioia),Alessandro Safina - Canto La Vita,Après La Classe - Libero liberi libera,Marlene Kuntz - Una Canzone Arresa,Alessandro Safina - Canto La Vita,Après La Classe - Libero liberi libera,Marlene Kuntz - Una Canzone Arresa
TRHBSKB128E07924CB,SOOEYBB12D021B0EAA,ARDCFNZ1187FB3DDB0,Enrique Iglesias,No Puedo Mas Sin Ti (I'm Your Man),latin,Violadores del Verso - Dale tiempo al rumor,Gilberto Santa Rosa - Desde Que No Estas,Tego Calderon - Al Natural (Amended Version),Violadores del Verso - Dale tiempo al rumor,Gilberto Santa Rosa - Desde Que No Estas,Tego Calderon - Al Natural (Amended Version),Gilberto Santa Rosa - Desde Que No Estas,Beatriz Luengo - Precisamente Ahora,La 5A Estacion - Algo Mas,Gilberto Santa Rosa - Desde Que No Estas,Beatriz Luengo - Precisamente Ahora,La 5A Estacion - Algo Mas,Violadores del Verso - Dale tiempo al rumor,Violadores del Verso - Cantando,Johnny Prez - Entra,Violadores del Verso - Dale tiempo al rumor,Violadores del Verso - Cantando,Johnny Prez - Entra,Ana Gabriel - Y Aqui Estoy,Selena - Amame,Intocable - Te Extrano,Ana Gabriel - Y Aqui Estoy,Selena - Amame,Intocable - Te Extrano
TRBSLQC128F9333C5D,SOIOBWT12A8C14075B,AR6PJ8R1187FB5AD70,Shakira,En Tus Pupilas,latin,Violadores del Verso - Dale tiempo al rumor,Violadores del Verso - Cantando,Victor Manuelle - Lloré Lloré,Violadores del Verso - Dale tiempo al rumor,Violadores del Verso - Cantando,Victor Manuelle - Lloré Lloré,Ricardo Arjona - Amor de Tele,Juana Molina - Yo se que,Love Of Lesbian - El ectoplasta,Ricardo Arjona - Amor de Tele,Juana Molina - Yo se que,Love Of Lesbian - El ectoplasta,Violadores del Verso - Dale tiempo al rumor,Violadores del Verso - Cantando,Violadores del Verso - La ciudad nunca duerme,Violadores del Verso - Dale tiempo al rumor,Violadores del Verso - Cantando,Beatriz Luengo - Pretendo Hablarte,Alejandro Fernandez - Quisiera,Yanni - Desire,Gilberto Santa Rosa - Te Propongo,Alejandro Fernandez - Quisiera,Yanni - Desire,Obie Bermudez - Celos
TRGJXTC128F4278ECC,SONTHAL12A8C135908,AR6PJ8R1187FB5AD70,Shakira,Que Me Quedes Tu,latin,Violadores del Verso - Dale tiempo al rumor,Violadores del Verso - Cantando,Tego Calderon - Al Natural (Amended Version),Violadores del Verso - Dale tiempo al rumor,Violadores del Verso - Cantando,Tego Calderon - Al Natural (Amended Version),El Gran Combo De Puerto Rico - No Hay Manera,Huey Dunbar - Amor De Siempre,Tito El Bambino - Grito Latino,El Gran Combo De Puerto Rico - No Hay Manera,Huey Dunbar - Amor De Siempre,Tito El Bambino - Grito Latino,Violadores del Verso - Dale tiempo al rumor,Violadores del Verso - Cantando,Violadores del Verso - La ciudad nunca duerme,Violadores del Verso - Dale tiempo al rumor,Violadores del Verso - Cantando,Violadores del Verso - La ciudad nunca duerme,Violadores del Verso - No Paseis Por Alto A Los Genios,Los Jaivas - Pregon Para Iluminarse,Diego Torres - Después De Ti,Violadores del Verso - No Paseis Por Alto A Los Genios,Los Jaivas - Pregon Para Iluminarse,Diego Torres - Después De Ti
TRQEQHH12903CA6CE5,SODBAHE12A8C132D34,AR6PJ8R1187FB5AD70,Shakira,Sombra De Ti,latin,Violadores del Verso - Dale tiempo al rumor,Los Van Van - El Negro Está Cocinando,Victor Manuelle - Lloré Lloré,Violadores del Verso - Dale tiempo al rumor,Los Van Van - El Negro Está Cocinando,Victor Manuelle - Lloré Lloré,La 5A Estacion - Ahora Que Te Vas,Beatriz Luengo - Precisamente Ahora,Juniper Moon - Cosas Que Nunca Te Dije,La 5A Estacion - Ahora Que Te Vas,Beatriz Luengo - Precisamente Ahora,Juniper Moon - Cosas Que Nunca Te Dije,Violadores del Verso - Dale tiempo al rumor,Daddy Yankee - Todos Quieren A Raymond,Violadores del Verso - Cantando,Violadores del Verso - Dale tiempo al rumor,Daddy Yankee - Todos Quieren A Raymond,Violadores del Verso - Cantando,Luz Casal - No Te Vayas,Los Van Van - Quien No Ha Dicho Una Mentira,Karamelo Santo - Tu Pa Mi,Luz Casal - No Te Vayas,Los Van Van - Quien No Ha Dicho Una Mentira,Karamelo Santo - Tu Pa Mi
TRXMTST12903CCD9E1,SOPVLJP12A8C1358F4,AR6PJ8R1187FB5AD70,Shakira,Te Dejo Madrid,latin,Violadores del Verso - Dale tiempo al rumor,Violadores del Verso - Cantando,Tryo - Yakamonéyé,Violadores del Verso - Dale tiempo al rumor,Violadores del Verso - Cantando,Fonky Family - Sans Rémission,Sanalejo - Mujer Calavera,Natalia Oreiro - Basta De Ti,Ana Gabriel - Miedo,Sanalejo - Mujer Calavera,Natalia Oreiro - Basta De Ti,Ana Gabriel - Miedo,Violadores del Verso - Cantando,Beatriz Luengo - Pretendo Hablarte,Daddy Yankee - Todos Quieren A Raymond,Violadores del Verso - Cantando,Beatriz Luengo - Pretendo Hablarte,Gilberto Santa Rosa - Amor Mio No Te Vayas,Elvis Crespo - Suavemente,Gilberto Santa Rosa - Amor Mio No Te Vayas,Carlos Ponce - Quiero,Gilberto Santa Rosa - Amor Mio No Te Vayas,Elvis Crespo - Suavemente,Carlos Ponce - Quiero
TRAQEOP12903CA65E2,SONPFMD12AB017C1B3,AR6PJ8R1187FB5AD70,Shakira,Tú,latin,Violadores del Verso - Dale tiempo al rumor,Violadores del Verso - Cantando,Daddy Yankee - Como Y Vete,Violadores del Verso - Dale tiempo al rumor,Violadores del Verso - Cantando,Daddy Yankee - Como Y Vete,Carlos Vives - 19 De Noviembre,Jerry Rivera - Tierra Sin Sol,Camila - Entre Tus Alas,Carlos Vives - 19 De Noviembre,Jerry Rivera - Tierra Sin Sol,Camila - Entre Tus Alas,Violadores del Verso - Dale tiempo al rumor,Violadores del Verso - Cantando,Violadores del Verso - La ciudad nunca duerme,Violadores del Verso - Dale tiempo al rumor,Violadores del Verso - Cantando,Violadores del Verso - La ciudad nunca duerme,Carlos Vives - 19 De Noviembre,Reik - Sin Conocerte,Gilberto Santa Rosa - Ni Te Llamo Ni Te Busco,Carlos Vives - 19 De Noviembre,Reik - Sin Conocerte,Selena - Amame
TRSRORJ128E0791C74,SOMBFMU12A670214E6,ARDCFNZ1187FB3DDB0,Enrique Iglesias,La Chica De Ayer,latin,Abba - Move On,Horace Andy - Horse With No Name,Violadores del Verso - Dale tiempo al rumor,Abba - Move On,Horace Andy - Horse With No Name,Violadores del Verso - Dale tiempo al rumor,Grupo Niche - Miserable,Illya Kuryaki And The Valderramas - Abarajame,Alejandra Guzman - Tu Eres Mi Luz,Grupo Niche - Miserable,Illya Kuryaki And The Valderramas - Abarajame,Alejandra Guzman - Tu Eres Mi Luz,Violadores del Verso - Dale tiempo al rumor,Violadores del Verso - Cantando,David Bisbal - Quien Me Iba A Decir,Violadores del Verso - Dale tiempo al rumor,Violadores del Verso - Cantando,David Bisbal - Quien Me Iba A Decir,Alejandro Fernandez - Eres,Vittorio Grigolo - Magia De Amor,Café Quijano - Lágrimas De Miel,Alejandro Fernandez - Eres,Vittorio Grigolo - Magia De Amor,Café Quijano - Lágrimas De Miel
TRYDDZE128F92F3B79,SOFBLLI12A58A7D19C,ARDCFNZ1187FB3DDB0,Enrique Iglesias,Adicto,latin,Violadores del Verso - Dale tiempo al rumor,Violadores del Verso - Cantando,Victor Manuelle - Lloré Lloré,Violadores del Verso - Dale tiempo al rumor,Violadores del Verso - Cantando,Victor Manuelle - Lloré Lloré,Aventura - Obsesion (English Remix_ Album Version),Niña Pastori - Cartita de amor,Ricardo Arjona - Animal Nocturno,Aventura - Obsesion (English Remix_ Album Version),Niña Pastori - Cartita de amor,Ricardo Arjona - Animal Nocturno,Violadores del Verso - Cantando,Violadores del Verso - Dale tiempo al rumor,Daddy Yankee - Todos Quieren A Raymond,Violadores del Verso - Cantando,Violadores del Verso - Dale tiempo al rumor,Daddy Yankee - Todos Quieren A Raymond,Fito Paez - Giros,David Bisbal - Como La Primera Vez,Aventura - Obsesion (English Remix_ Album Version),Fito Paez - Giros,David Bisbal - Como La Primera Vez,Aventura - Obsesion (English Remix_ Album Version)
TREGBAS128F145EC8B,SOERVFF12A6D4F790F,ARDCFNZ1187FB3DDB0,Enrique Iglesias,Al Despertar,latin,Victor Manuelle - Lloré Lloré,Violadores del Verso - Dale tiempo al rumor,Violadores del Verso - Cantando,Victor Manuelle - Lloré Lloré,Violadores del Verso - Dale tiempo al rumor,Violadores del Verso - Cantando,Bebe - La Coqueta,Intocable - Te Extrano,Panteón Rococó - Buscándote,Bebe - La Coqueta,Intocable - Te Extrano,Panteón Rococó - Buscándote,Violadores del Verso - Dale tiempo al rumor,Violadores del Verso - Cantando,Daddy Yankee - Todos Quieren A Raymond,Violadores del Verso - Dale tiempo al rumor,Violadores del Verso - Cantando,Daddy Yankee - Todos Quieren A Raymond,Fanny Lu - Es Por Ti,Bebe - La Coqueta,Shakira - Te Necesito,Fanny Lu - Es Por Ti,Bebe - La Coqueta,Shakira - Te Necesito
TRXQFEE128F145EC9A,SOJXCPV12A6D4F791D,ARDCFNZ1187FB3DDB0,Enrique Iglesias,Alguien Como Tú,latin,Violadores del Verso - Dale tiempo al rumor,Violadores del Verso - Cantando,Victor Manuelle - Lloré Lloré,Violadores del Verso - Dale tiempo al rumor,Violadores del Verso - Cantando,Victor Manuelle - Lloré Lloré,Huey Dunbar - Amor De Siempre,Panteón Rococó - Buscándote,Camilo Sesto - No Sabes Cuanto Te Quiero,Huey Dunbar - Amor De Siempre,Panteón Rococó - Buscándote,Camilo Sesto - No Sabes Cuanto Te Quiero,Willie Colon - Gitana,Violadores del Verso - Dale tiempo al rumor,Violadores del Verso - Cantando,Willie Colon - Gitana,Violadores del Verso - Dale tiempo al rumor,Violadores del Verso - Cantando,Juan Luis Guerra - Como Yo,Mago de Oz - Desde mi cielo,Illya Kuryaki And The Valderramas - Virgen De Riña,Juan Luis Guerra - Como Yo,Mago de Oz - Desde mi cielo,Illya Kuryaki And The Valderramas - Virgen De Riña
TRZGBAF128F145ECA8,SOFAZCL12A58A79B38,ARDCFNZ1187FB3DDB0,Enrique Iglesias,Inalcanzable,latin,Violadores del Verso - Dale tiempo al rumor,Violadores del Verso - Cantando,Danity Kane - Hold Me Down (Album Version),Violadores del Verso - Dale tiempo al rumor,Violadores del Verso - Cantando,Alain Clark - Heerlijk,Café Quijano - Vete De Mi,Chavela Vargas - Tu Me Acostumbraste,Enrique Iglesias - Lloro Por Ti,Café Quijano - Vete De Mi,Chavela Vargas - Tu Me Acostumbraste,Enrique Iglesias - Lloro Por Ti,Violadores del Verso - Dale tiempo al rumor,Violadores del Verso - Cantando,Daddy Yankee - Todos Quieren A Raymond,Violadores del Verso - Dale tiempo al rumor,Violadores del Verso - Cantando,Daddy Yankee - Todos Quieren A Raymond,José José - Cosas Imposibles,Ekhymosis - Una Flor En El Desierto,Enrique Iglesias - Adicto,Ekhymosis - Una Flor En El Desierto,José José - Cosas Imposibles,Enrique Iglesias - Adicto
TRUQGGJ128F427E02B,SOOHKUS12A8C13AB12,ARDCFNZ1187FB3DDB0,Enrique Iglesias,Lloro Por Ti,latin,Violadores del Verso - Dale tiempo al rumor,Violadores del Verso - Cantando,Victor Manuelle - Lloré Lloré,Violadores del Verso - Dale tiempo al rumor,Violadores del Verso - Cantando,Victor Manuelle - Lloré Lloré,Café Quijano - Vete De Mi,Reik - Fui,Il Divo - Por Ti Seré (You Raise Me Up),Café Quijano - Vete De Mi,Reik - Fui,Il Divo - Por Ti Seré (You Raise Me Up),Violadores del Verso - Dale tiempo al rumor,Daddy Yankee - Todos Quieren A Raymond,Willie Colon - Gitana,Violadores del Verso - Dale tiempo al rumor,Daddy Yankee - Todos Quieren A Raymond,Willie Colon - Gitana,Ricardo Arjona - Amor de Tele,Terranova - De Oro,Sanalejo - Mujer Calavera,Terranova - De Oro,Ricardo Arjona - Amor de Tele,Sanalejo - Mujer Calavera
TRDEKRZ128E0791C7A,SOCPKAV12A670214EC,ARDCFNZ1187FB3DDB0,Enrique Iglesias,Mamacita,latin,Violadores del Verso - Dale tiempo al rumor,Violadores del Verso - Cantando,Los Van Van - El Negro Está Cocinando,Violadores del Verso - Dale tiempo al rumor,Violadores del Verso - Cantando,Los Van Van - El Negro Está Cocinando,Fonseca - Sueño,Willie Colon - Guaracha,Cabas - La Quejosa,Fonseca - Sueño,Willie Colon - Guaracha,Cabas - La Quejosa,Violadores del Verso - Cantando,Violadores del Verso - Dale tiempo al rumor,Wilfrido Vargas - El Semáforo,Violadores del Verso - Cantando,Violadores del Verso - Dale tiempo al rumor,Wilfrido Vargas - El Semáforo,Love Of Lesbian - El ectoplasta,Elvis Crespo - Vuelve Conmigo,Buena Vista Social Club - Buena Vista Social Club,Love Of Lesbian - El ectoplasta,Buena Vista Social Club - Buena Vista Social Club,Elvis Crespo - Vuelve Conmigo
TRFFSMS128F428BC88,SOEMVNF12A8C13C53A,ARDCFNZ1187FB3DDB0,Enrique Iglesias,Miss You,latin,Lauryn Hill - Interlude 5,Twista - I'm A Winner (Amended Album Version),Erykah Badu - I Want You,Lauryn Hill - Interlude 5,Twista - I'm A Winner (Amended Album Version),Erykah Badu - I Want You,The Airborne Toxic Event - The Girls In Their Summer Dresses,Tracey Ullman - Breakaway,KeKe Wyatt - Never Do It Again,The Airborne Toxic Event - The Girls In Their Summer Dresses,Tracey Ullman - Breakaway,KeKe Wyatt - Never Do It Again,Lauryn Hill - Interlude 5,Eminem - 8 Mile,Prince - I Love U In Me ( LP Version),Johnny Winter - Miss Ann,Michael Bublé - You'll Never Find Another Love Like Mine (Album Version),The Dells - I Miss You,The Dells - I Miss You,Johnny Winter - Miss Ann,Joe Nichols - Freedom Feels Like Lonely,The Dells - I Miss You,Johnny Winter - Miss Ann,Joe Nichols - Freedom Feels Like Lonely
TRUPWID128F4215874,SOPTXAZ12AF729F789,ARDCFNZ1187FB3DDB0,Enrique Iglesias,Para De Jugar,latin,Violadores del Verso - Dale tiempo al rumor,Violadores del Verso - Cantando,Wisin & Yandel - Por Mi Reggae Muero,Violadores del Verso - Dale tiempo al rumor,Violadores del Verso - Cantando,Wisin & Yandel - Por Mi Reggae Muero,Los Calzones - Libre,Sanalejo - Mujer Calavera,Gipsy Kings - Madre Mia,Los Calzones - Libre,Sanalejo - Mujer Calavera,Gipsy Kings - Madre Mia,Violadores del Verso - Dale tiempo al rumor,Violadores del Verso - Cantando,Wisin & Yandel - Por Mi Reggae Muero,Wisin & Yandel - Por Mi Reggae Muero,Violadores del Verso - Cantando,Violadores del Verso - Dale tiempo al rumor,Enrique Iglesias - Al Despertar,Pablo Milanés - Te Quiero Porque Te Quiero,Luis Miguel - La Media Vuelta,Enrique Iglesias - Al Despertar,Pablo Milanés - Te Quiero Porque Te Quiero,Luis Miguel - La Media Vuelta
TRIIBVP128E0792750,SOWFIVV12A6701FFBF,ARDCFNZ1187FB3DDB0,Enrique Iglesias,She Be The One,latin,Lauryn Hill - Interlude 5,Twista - I'm A Winner (Amended Album Version),Michael Jackson - Man In The Mirror,Lauryn Hill - Interlude 5,Twista - I'm A Winner (Amended Album Version),Michael Jackson - Man In The Mirror,Billy Squier - She's A Runner (24-Bit Digitally Remastered 02),The Bluetones - Carnt Be Trusted,Robert Palmer - Too Good To Be True,Billy Squier - She's A Runner (24-Bit Digitally Remastered 02),The Bluetones - Carnt Be Trusted,Robert Palmer - Too Good To Be True,Beastie Boys - B-Boy Bouillabaisse: A.W.O.L. (2009 Digital Remaster),Twiztid - She Ain't Afraid,Daft Punk - Touch It / Technologic,Daft Punk - Touch It / Technologic,Twiztid - She Ain't Afraid,Ying Yang Twins - 1st Booty On Duty,Billy Squier - She's A Runner (24-Bit Digitally Remastered 02),Fear - Beef Bologna,Daft Punk - Touch It / Technologic,Billy Squier - She's A Runner (24-Bit Digitally Remastered 02),Daft Punk - Touch It / Technologic,Mutya Buena - Not Your Baby
TRQMXBD128F145ECA2,SONBQQE12A6D4F7922,ARDCFNZ1187FB3DDB0,Enrique Iglesias,Trapecista,latin,Violadores del Verso - Dale tiempo al rumor,Violadores del Verso - Cantando,Daddy Yankee - Como Y Vete,Violadores del Verso - Dale tiempo al rumor,Violadores del Verso - Cantando,Daddy Yankee - Como Y Vete,Cabas - Guacamaya,El sueño de Morfeo - Sonrisa especial,Kudai - Volar,Cabas - Guacamaya,El sueño de Morfeo - Sonrisa especial,Kudai - Volar,Violadores del Verso - Dale tiempo al rumor,Violadores del Verso - Cantando,Daddy Yankee - Todos Quieren A Raymond,Violadores del Verso - Dale tiempo al rumor,Violadores del Verso - Cantando,Toby Love - Amores Como El Tuyo,Enrique Iglesias - Tu Vacio,Cabas - Guacamaya,Jennifer Lopez - Amarte Es Todo,Enrique Iglesias - Tu Vacio,Cabas - Guacamaya,Jennifer Lopez - Amarte Es Todo
TREGRRQ128F145EC8D,SOMRUDM12A6D4F7911,ARDCFNZ1187FB3DDB0,Enrique Iglesias,Tu Vacio,latin,Violadores del Verso - Dale tiempo al rumor,Violadores del Verso - Cantando,Victor Manuelle - Lloré Lloré,Violadores del Verso - Dale tiempo al rumor,Violadores del Verso - Cantando,Victor Manuelle - Lloré Lloré,Aventura - Todavía Me Amas,Los Van Van - Quien No Ha Dicho Una Mentira,Camilo Sesto - No Sabes Cuanto Te Quiero,Aventura - Todavía Me Amas,Los Van Van - Quien No Ha Dicho Una Mentira,Camilo Sesto - No Sabes Cuanto Te Quiero,Violadores del Verso - Dale tiempo al rumor,Violadores del Verso - Cantando,Violadores del Verso - La ciudad nunca duerme,Violadores del Verso - Dale tiempo al rumor,Violadores del Verso - La ciudad nunca duerme,Violadores del Verso - Cantando,Cabas - Llega La Noche,Enrique Iglesias - Trapecista,Gilberto Santa Rosa - Desde Que No Estas,Cabas - Llega La Noche,Gilberto Santa Rosa - Desde Que No Estas,Enrique Iglesias - Trapecista
TRLILBA128F42158A3,SOPPWVJ12A6D4F7915,ARDCFNZ1187FB3DDB0,Enrique Iglesias,Volveré,latin,Violadores del Verso - Dale tiempo al rumor,Victor Manuelle - Lloré Lloré,Tego Calderon - Al Natural (Amended Version),Violadores del Verso - Dale tiempo al rumor,Victor Manuelle - Lloré Lloré,Tego Calderon - Al Natural (Amended Version),Joe Veras - Intentalo tu,Raulin Rodriguez - ya No,Natalia Oreiro - Gitano Corazon,Joe Veras - Intentalo tu,Raulin Rodriguez - ya No,Natalia Oreiro - Gitano Corazon,Violadores del Verso - Dale tiempo al rumor,Violadores del Verso - Cantando,Willie Colon - Gitana,Violadores del Verso - Dale tiempo al rumor,Violadores del Verso - Cantando,Willie Colon - Gitana,Aventura - Obsesion (English Remix_ Album Version),Victor Manuelle - Lloré Lloré,Karamelo Santo - Tu Pa Mi,Aventura - Obsesion (English Remix_ Album Version),Karamelo Santo - Tu Pa Mi,Victor Manuelle - Lloré Lloré
TRBFJPO128F4295BE3,SOZOEJC12CF5CFAD99,AR6PJ8R1187FB5AD70,Shakira,Estoy Aquí,latin,Violadores del Verso - Dale tiempo al rumor,Johnny Prez - Te Vuelvo Loca,Tego Calderon - Al Natural (Amended Version),Violadores del Verso - Dale tiempo al rumor,Johnny Prez - Te Vuelvo Loca,Tego Calderon - Al Natural (Amended Version),Móveis Coloniais de Acaju - Receio do remorso,Ana Carolina - Rosas,Raimundos - Nêga Jurema,Móveis Coloniais de Acaju - Receio do remorso,Ana Carolina - Rosas,Raimundos - Nêga Jurema,Ana Carolina - Rosas,O Rappa - Eu Quero Ver Gol,Expensive Soul - O Show Não Vai Parar,Ana Carolina - Rosas,O Rappa - Eu Quero Ver Gol,Expensive Soul - O Show Não Vai Parar,Ana Carolina - Rosas,João Gilberto - Sampa,Mombojó - splash shine,Ana Carolina - Rosas,João Gilberto - Sampa,Mombojó - splash shine
TRCLERB12903CBBC8D,SODKNST12D02193AD7,ARB054P1187B9AD32E,Santana,Life Is Anew,latin,Lauryn Hill - Interlude 5,Twista - I'm A Winner (Amended Album Version),Beastie Boys - B-Boy Bouillabaisse: A.W.O.L. (2009 Digital Remaster),Lauryn Hill - Interlude 5,Twista - I'm A Winner (Amended Album Version),Beastie Boys - B-Boy Bouillabaisse: A.W.O.L. (2009 Digital Remaster),Tony Bennett - Because Of You,Assemblage 23 - MAPS OF REALITY,Dawn of Relic - The Awakening,Tony Bennett - Because Of You,Assemblage 23 - MAPS OF REALITY,Dawn of Relic - The Awakening,Lauryn Hill - Interlude 5,Beastie Boys - B-Boy Bouillabaisse: A.W.O.L. (2009 Digital Remaster),Savatage - The Hourglass,Lauryn Hill - Interlude 5,Janet Jackson - Because Of Love,Beastie Boys - B-Boy Bouillabaisse: A.W.O.L. (2009 Digital Remaster),Tony Bennett - Because Of You,Janet Jackson - Because Of Love,Alison Krauss / Union Station - New Favorite,Tony Bennett - Because Of You,Janet Jackson - Because Of Love,Alison Krauss / Union Station - New Favorite
TRNXCMJ128F4295BC6,SOCYFSR12AB018C4AF,AR6PJ8R1187FB5AD70,Shakira,Donde Estas Corazon,latin,Violadores del Verso - Dale tiempo al rumor,Violadores del Verso - La ciudad nunca duerme,Rey Ruiz - No Existe Un Lugar,Violadores del Verso - Dale tiempo al rumor,Violadores del Verso - La ciudad nunca duerme,Rey Ruiz - No Existe Un Lugar,Rosana - Nadie mas que yo (directo Las Ventas),Todos Tus Muertos - No Mas Apartheid,Mecano - Cenando En Paris,Rosana - Nadie mas que yo (directo Las Ventas),Todos Tus Muertos - No Mas Apartheid,Mecano - Cenando En Paris,Violadores del Verso - La ciudad nunca duerme,Daddy Yankee - Todos Quieren A Raymond,Violadores del Verso - Dale tiempo al rumor,Violadores del Verso - La ciudad nunca duerme,Daddy Yankee - Todos Quieren A Raymond,Violadores del Verso - Dale tiempo al rumor,La Oreja de Van Gogh - El 28,Joan Manuel Serrat - Mediterraneo,Carlos Vives - 19 De Noviembre,La Oreja de Van Gogh - El 28,Joan Manuel Serrat - Mediterraneo,Carlos Vives - 19 De Noviembre
TRNXJGR128F93044E7,SOUGMXP12AB017C76C,AR6PJ8R1187FB5AD70,Shakira,Octavo Día,latin,Violadores del Verso - Dale tiempo al rumor,Violadores del Verso - Cantando,Victor Manuelle - Lloré Lloré,Violadores del Verso - Dale tiempo al rumor,Violadores del Verso - Cantando,Victor Manuelle - Lloré Lloré,Malu - Agua De Mayo,Malu - Y Sigo Preguntandome,Joan Manuel Serrat - Mediterraneo,Malu - Agua De Mayo,Malu - Y Sigo Preguntandome,Joan Manuel Serrat - Mediterraneo,Violadores del Verso - Cantando,Violadores del Verso - Dale tiempo al rumor,Daddy Yankee - Todos Quieren A Raymond,Violadores del Verso - Cantando,Violadores del Verso - Dale tiempo al rumor,Aventura - Enséñame A Olvidar,Malu - Agua De Mayo,Diego Torres - Como Un Haz De Luna,Violadores del Verso - Cantando,Malu - Agua De Mayo,Diego Torres - Como Un Haz De Luna,Violadores del Verso - Cantando
TRJHDIB128F92E5849,SOVJQJJ12A8C1448E7,AR6PJ8R1187FB5AD70,Shakira,Te Necesito,latin,Violadores del Verso - Dale tiempo al rumor,Violadores del Verso - Cantando,Johnny Prez - Te Vuelvo Loca,Violadores del Verso - Dale tiempo al rumor,Violadores del Verso - Cantando,Johnny Prez - Te Vuelvo Loca,Aventura - Todavía Me Amas,Aventura - Obsesion (English Remix_ Album Version),Luz Casal - No Te Vayas,Aventura - Todavía Me Amas,Aventura - Obsesion (English Remix_ Album Version),Luz Casal - No Te Vayas,Violadores del Verso - Dale tiempo al rumor,Daddy Yankee - Todos Quieren A Raymond,Violadores del Verso - Cantando,Violadores del Verso - Dale tiempo al rumor,Daddy Yankee - Todos Quieren A Raymond,Violadores del Verso - Cantando,Fanny Lu - Es Por Ti,La Oreja de Van Gogh - El 28,Diego Torres - Volver,Fanny Lu - Es Por Ti,La Oreja de Van Gogh - El 28,Joan Manuel Serrat - Mediterraneo
TRYQVKS128F4259A11,SOXVXZS12AF72ABF9F,ARB054P1187B9AD32E,Santana,Evil Ways,latin,Lauryn Hill - Interlude 5,Beastie Boys - B-Boy Bouillabaisse: A.W.O.L. (2009 Digital Remaster),Michael Jackson - Man In The Mirror,Lauryn Hill - Interlude 5,Beastie Boys - B-Boy Bouillabaisse: A.W.O.L. (2009 Digital Remaster),Michael Jackson - Man In The Mirror,Fat Joe - Preacher On A Sunday Morning,Amel Larrieux - Sweet Misery,The Monkees - I'll Spend My Life With You,Fat Joe - Preacher On A Sunday Morning,Atmosphere - Happymess,Westside Connection - Superstar (Double Murder = Double Platinum),Beastie Boys - B-Boy Bouillabaisse: A.W.O.L. (2009 Digital Remaster),Lauryn Hill - Interlude 5,Michael Jackson - Man In The Mirror,Mississippi Fred McDowell - Shake 'Em On Down,Michael Jackson - Man In The Mirror,The Isley Brothers - Contagious,Swans - Can't Find My Way Home,Stevie Wonder - If You Really Love Me,Shannon Curfman - If You Change Your Mind,Swans - Can't Find My Way Home,Stevie Wonder - If You Really Love Me,Shannon Curfman - If You Change Your Mind
TRSOTQI128E0789132,SOURGXB12A6701F9E5,ARJW1SP1187FB4CA51,Pink Martini,Anna (el negro zumbon),latin,Lauryn Hill - Interlude 5,Danity Kane - Hold Me Down (Album Version),Beastie Boys - B-Boy Bouillabaisse: A.W.O.L. (2009 Digital Remaster),Lauryn Hill - Interlude 5,Danity Kane - Hold Me Down (Album Version),Five - That's What You Told Me,Inti Illimani - El Arado,Rosana - A fuego lento (directo Las Ventas),Thomas Dybdahl - U,Inti Illimani - El Arado,Rosana - A fuego lento (directo Las Ventas),Gloria Estefan - Nuevo Dia (New Day),Violadores del Verso - La ciudad nunca duerme,Violadores del Verso - Cantando,Juanes - Tu Y Yo,Violadores del Verso - La ciudad nunca duerme,Juanes - Tu Y Yo,Daddy Yankee - Grito Mundial,Mecano - La Estación,Thievery Corporation - Exilio,El sueño de Morfeo - Ven,Mecano - La Estación,El sueño de Morfeo - Ven,Thievery Corporation - Exilio
TRZHOUV128F9316269,SOIYPYO12AB017C8BE,ARJW1SP1187FB4CA51,Chavela Vargas,Piensa en mi,latin,Abba - Move On,Violadores del Verso - Dale tiempo al rumor,Horace Andy - Horse With No Name,Abba - Move On,Violadores del Verso - Dale tiempo al rumor,Horace Andy - Horse With No Name,Enrique Iglesias - La Chica De Ayer,Maelo Ruiz - Asi Eres Tu,Shakira - Tú,Enrique Iglesias - La Chica De Ayer,Maelo Ruiz - Asi Eres Tu,Shakira - Tú,Violadores del Verso - Dale tiempo al rumor,Frank Reyes - Que Voy A hacer Sin Tí,Willie Colon - Gitana,Violadores del Verso - Dale tiempo al rumor,Frank Reyes - Que Voy A hacer Sin Tí,Victor Manuelle - Como Duele,Diego Torres - Después De Ti,Malu - No Voy A Cambiar,Frank Reyes - Que Voy A hacer Sin Tí,Diego Torres - Después De Ti,Malu - No Voy A Cambiar,Frank Reyes - Que Voy A hacer Sin Tí
TRPXMGA128F42A98BA,SOGHCII12D021B3225,ARB054P1187B9AD32E,Santana,Esperando,latin,Beastie Boys - B-Boy Bouillabaisse: A.W.O.L. (2009 Digital Remaster),The Roots - Mellow My Man,Nina Simone - My Baby Just Cares For Me,Nina Simone - My Baby Just Cares For Me,The Roots - Mellow My Man,Beastie Boys - B-Boy Bouillabaisse: A.W.O.L. (2009 Digital Remaster),Nina Simone - My Baby Just Cares For Me,Patty Griffin - Waiting For My Child,Doyle Bramhall - Cryin',Patty Griffin - Waiting For My Child,Nina Simone - My Baby Just Cares For Me,Doyle Bramhall - Cryin',Violadores del Verso - Cantando,Tego Calderon - Al Natural (Amended Version),Daddy Yankee - Todos Quieren A Raymond,Tego Calderon - Al Natural (Amended Version),Wilfrido Vargas - El Semáforo,Estopa - Gulere Gulere,Estopa - Gulere Gulere,Tito Rojas - He Chocado Con La Vida,Aterciopelados - El Diablo,Estopa - Gulere Gulere,Tito Rojas - He Chocado Con La Vida,Aterciopelados - El Diablo
TRBYMWR128F425DD8E,SOMNTDT12A8AE47628,AR65K7A1187FB4DAA4,Beyoncé,Beautiful Liar (Bello Embustero),latin,Enrique Iglesias - Miss You,Violadores del Verso - Dale tiempo al rumor,Tracey Ullman - Breakaway,Enrique Iglesias - Miss You,Tracey Ullman - Breakaway,Violadores del Verso - Dale tiempo al rumor,Frank Reyes - Vine A Decirte Adios,Rey Ruiz - No Existe Un Lugar,Shakira - Años Luz,Frank Reyes - Vine A Decirte Adios,Rey Ruiz - No Existe Un Lugar,Shakira - Años Luz,Violadores del Verso - Cantando,Violadores del Verso - Dale tiempo al rumor,Daddy Yankee - Todos Quieren A Raymond,Violadores del Verso - Cantando,Violadores del Verso - Dale tiempo al rumor,Daddy Yankee - Todos Quieren A Raymond,Violadores del Verso - Cantando,Grupo Niche - Buenaventura Y Caney,Ana Torroja - Cruz De Navajas,Violadores del Verso - Cantando,Grupo Niche - Buenaventura Y Caney,Ana Torroja - Cruz De Navajas
TRPAZDJ128F42881A1,SOGAFMO12D02199AD2,ARYN2M61187B995BD6,Juanes,Rosario Tijeras,latin,Abba - Move On,Horace Andy - Horse With No Name,Violadores del Verso - Dale tiempo al rumor,Abba - Move On,Horace Andy - Horse With No Name,Violadores del Verso - Dale tiempo al rumor,Joan Manuel Serrat - La Aristocracia del Barrio,Tito El Bambino - Sol_ Playa Y Arena,Mercedes Sosa - El Cosechero,Joan Manuel Serrat - La Aristocracia del Barrio,Tito El Bambino - Sol_ Playa Y Arena,Mercedes Sosa - El Cosechero,Violadores del Verso - La ciudad nunca duerme,Gilberto Santa Rosa - Un Montón de Estrellas,Violadores del Verso - Dale tiempo al rumor,Gilberto Santa Rosa - Un Montón de Estrellas,Violadores del Verso - La ciudad nunca duerme,Victor Manuelle - Como Duele,Café Quijano - En Algún Rincón,Abuela Coca - Se Duerme,Aventura - Me Voy,Café Quijano - En Algún Rincón,Abuela Coca - Se Duerme,Aventura - Me Voy
TRHZGZO128F9341C4A,SOAUETF12D02199708,ARLUF1T1187FB3603B,Ricardo Arjona,Animal Nocturno,latin,Violadores del Verso - Dale tiempo al rumor,Violadores del Verso - Cantando,Violadores del Verso - La ciudad nunca duerme,Violadores del Verso - Dale tiempo al rumor,Violadores del Verso - Cantando,Los Van Van - El Negro Está Cocinando,Los Van Van - Quien No Ha Dicho Una Mentira,El Barrio - Don Manuel Sr. Molina,Juan Carlos Baglietto - Cuando,Los Van Van - Quien No Ha Dicho Una Mentira,El Barrio - Don Manuel Sr. Molina,Juan Carlos Baglietto - Cuando,Violadores del Verso - Dale tiempo al rumor,Violadores del Verso - Cantando,Violadores del Verso - La ciudad nunca duerme,Violadores del Verso - Dale tiempo al rumor,Violadores del Verso - Cantando,Violadores del Verso - La ciudad nunca duerme,Natalia Oreiro - Rio De La Plata,Silvio Rodríguez - Santiago de Chile,Juan Carlos Baglietto - Cuando,Natalia Oreiro - Rio De La Plata,Silvio Rodríguez - Santiago de Chile,Juan Carlos Baglietto - Cuando
TRDFNLR12903CB0FE4,SOFDJSB12AB0183B5B,ARGN0KR1187B991A99,Camila,Alejate De Mi,latin,Violadores del Verso - Dale tiempo al rumor,Victor Manuelle - Lloré Lloré,Los Van Van - El Negro Está Cocinando,Violadores del Verso - Dale tiempo al rumor,Victor Manuelle - Lloré Lloré,Los Van Van - El Negro Está Cocinando,Aventura - Obsesion (English Remix_ Album Version),Bebe - La Coqueta,Edurne - Aqui Se Termino (Never Forever),Aventura - Obsesion (English Remix_ Album Version),Bebe - La Coqueta,Edurne - Aqui Se Termino (Never Forever),Violadores del Verso - Dale tiempo al rumor,Daddy Yankee - Como Y Vete,Violadores del Verso - Cantando,Violadores del Verso - Dale tiempo al rumor,Daddy Yankee - Como Y Vete,Violadores del Verso - Cantando,Il Divo - Enamorado,Aventura - Enséñame A Olvidar,Illya Kuryaki And The Valderramas - Virgen De Riña,Il Divo - Enamorado,Aventura - Enséñame A Olvidar,Illya Kuryaki And The Valderramas - Virgen De Riña
TROBWIG12903CB0FD7,SODWRNB12AB0183B3B,ARGN0KR1187B991A99,Camila,Entre Tus Alas,latin,Violadores del Verso - Dale tiempo al rumor,Violadores del Verso - Cantando,Victor Manuelle - Lloré Lloré,Violadores del Verso - Dale tiempo al rumor,Violadores del Verso - Cantando,Victor Manuelle - Lloré Lloré,Carlos Vives - 19 De Noviembre,Fanny Lu - Es Por Ti,Carlos Vives - Amor Latino,Carlos Vives - 19 De Noviembre,Fanny Lu - Es Por Ti,Carlos Vives - Amor Latino,Violadores del Verso - Dale tiempo al rumor,Violadores del Verso - Cantando,Panteón Rococó - La Dosis Perfecta,Violadores del Verso - Dale tiempo al rumor,Violadores del Verso - Cantando,Panteón Rococó - La Dosis Perfecta,Enrique Iglesias - Lloro Por Ti,Malu - Llanto Lloro,Luis Miguel - Pensar En Ti,Enrique Iglesias - Lloro Por Ti,Malu - Llanto Lloro,Luis Miguel - Pensar En Ti
TRDWUTF12903CA9249,SODRAIV12A8C1430AB,ARGN0KR1187B991A99,Camila,Me Basto,latin,Violadores del Verso - Dale tiempo al rumor,Violadores del Verso - Cantando,Daddy Yankee - Como Y Vete,Violadores del Verso - Dale tiempo al rumor,Violadores del Verso - Cantando,Daddy Yankee - Como Y Vete,Luz Casal - No Te Vayas,Intocable - Te Extrano,Enrique Iglesias - Al Despertar,Luz Casal - No Te Vayas,Intocable - Te Extrano,Enrique Iglesias - Al Despertar,Violadores del Verso - Dale tiempo al rumor,Violadores del Verso - Cantando,Jowell & Randy - Te Ando Buscando,Violadores del Verso - Dale tiempo al rumor,Violadores del Verso - Cantando,Jowell & Randy - Te Ando Buscando,Julieta Venegas - Despedida,Nena Daconte - Pierdo El Tiempo,Rey Ruiz - No Me Acostumbro,Julieta Venegas - Despedida,Nena Daconte - Pierdo El Tiempo,Rey Ruiz - No Me Acostumbro
TRCRNBS128F9347F55,SOTOLCQ12AF729AC84,ARGN0KR1187B991A99,Camila,Va Para Ti,latin,Enrique Iglesias - Miss You,Tracey Ullman - Breakaway,Los Van Van - El Negro Está Cocinando,Enrique Iglesias - Miss You,Tracey Ullman - Breakaway,Los Van Van - El Negro Está Cocinando,Moenia - Manto Estelar,Mecano - La Estación,Rey Ruiz - No Me Acostumbro,Moenia - Manto Estelar,Mecano - La Estación,Rey Ruiz - No Me Acostumbro,Violadores del Verso - Cantando,Willie Colon - Gitana,Violadores del Verso - Dale tiempo al rumor,Violadores del Verso - Cantando,Willie Colon - Gitana,Violadores del Verso - Dale tiempo al rumor,Moenia - Manto Estelar,Pablo Milanés - Te Quiero Porque Te Quiero,Ricardo Montaner - La Novia Del Sol (La Canción de Evaluna),Moenia - Manto Estelar,Pablo Milanés - Te Quiero Porque Te Quiero,Ricardo Montaner - La Novia Del Sol (La Canción de Evaluna)
TRDYKYQ12903CAD2B8,SOCDZHG12A58A81315,AR81DGA1187B9A0A43,Reik,Fui,latin,Violadores del Verso - Dale tiempo al rumor,Violadores del Verso - Cantando,Violadores del Verso - La ciudad nunca duerme,Violadores del Verso - Dale tiempo al rumor,Violadores del Verso - Cantando,Violadores del Verso - La ciudad nunca duerme,Enrique Iglesias - Lloro Por Ti,Gilberto Santa Rosa - No Pense Enamorarme Otra Vez,Canteca de macao - La rabia,Enrique Iglesias - Lloro Por Ti,Gilberto Santa Rosa - No Pense Enamorarme Otra Vez,Canteca de macao - La rabia,Violadores del Verso - La ciudad nunca duerme,Violadores del Verso - Cantando,Violadores del Verso - Dale tiempo al rumor,Violadores del Verso - La ciudad nunca duerme,Violadores del Verso - No Paseis Por Alto A Los Genios,Violadores del Verso - Cantando,Rey Ruiz - Enamorado,Il Divo - Por Ti Seré (You Raise Me Up),Shakira - Que Me Quedes Tu,Rey Ruiz - Enamorado,Shakira - Que Me Quedes Tu,Il Divo - Por Ti Seré (You Raise Me Up)
TRAYQRI12903CAD2A1,SOFPPPB12AB018BB18,AR81DGA1187B9A0A43,Reik,Ilusionado,latin,Violadores del Verso - Dale tiempo al rumor,Los Van Van - El Negro Está Cocinando,Violadores del Verso - Cantando,Violadores del Verso - Dale tiempo al rumor,Los Van Van - El Negro Está Cocinando,Violadores del Verso - Cantando,Bebe - La Coqueta,Daddy Yankee - Todos Quieren A Raymond,Fonseca - Sueño,Bebe - La Coqueta,Daddy Yankee - Todos Quieren A Raymond,Fonseca - Sueño,Daddy Yankee - Todos Quieren A Raymond,Violadores del Verso - Dale tiempo al rumor,Violadores del Verso - Cantando,Daddy Yankee - Todos Quieren A Raymond,Violadores del Verso - Dale tiempo al rumor,Violadores del Verso - Cantando,Tego Calderon - Llévatelo Todo (Album Version),Plastilina Mosh - Enzo,Daddy Yankee - Todos Quieren A Raymond,Tego Calderon - Llévatelo Todo (Album Version),Plastilina Mosh - Enzo,Daddy Yankee - Todos Quieren A Raymond
TRGFMTT12903CAD2A2,SOIKGCB12AF72A11C6,AR81DGA1187B9A0A43,Reik,Piel De Ciudad,latin,Violadores del Verso - Cantando,Violadores del Verso - Dale tiempo al rumor,Victor Manuelle - Lloré Lloré,Violadores del Verso - Cantando,Victor Manuelle - Lloré Lloré,Violadores del Verso - Dale tiempo al rumor,Lynda - Voy A Seguir,Juanes - Tu Y Yo,Camila - Alejate De Mi,Lynda - Voy A Seguir,Juanes - Tu Y Yo,Camila - Alejate De Mi,Violadores del Verso - Cantando,Juanes - Tu Y Yo,Daddy Yankee - Todos Quieren A Raymond,Violadores del Verso - Cantando,Juanes - Tu Y Yo,Daddy Yankee - Todos Quieren A Raymond,Juanes - Tu Y Yo,Love Of Lesbian - El ectoplasta,Victor Manuelle - Hazme Sentir,Juanes - Tu Y Yo,Love Of Lesbian - El ectoplasta,Victor Manuelle - Hazme Sentir
TRJXNZL128F92E54EE,SOQUZCC12A8C140463,AR81DGA1187B9A0A43,Reik,Quedate,latin,Violadores del Verso - Dale tiempo al rumor,Los Van Van - El Negro Está Cocinando,Violadores del Verso - Cantando,Violadores del Verso - Dale tiempo al rumor,Los Van Van - El Negro Está Cocinando,Violadores del Verso - Cantando,Gilberto Santa Rosa - Ni Te Llamo Ni Te Busco,Aventura - Todavía Me Amas,Edurne - Aqui Se Termino (Never Forever),Gilberto Santa Rosa - Ni Te Llamo Ni Te Busco,Aventura - Todavía Me Amas,Edurne - Aqui Se Termino (Never Forever),Violadores del Verso - Dale tiempo al rumor,Violadores del Verso - Cantando,Violadores del Verso - La ciudad nunca duerme,Violadores del Verso - Dale tiempo al rumor,Violadores del Verso - Cantando,Johnny Prez - Entra,Malu - No Voy A Cambiar,KALIMBA - Se Te Olvido,Elvis Crespo - Vuelve Conmigo,Malu - No Voy A Cambiar,KALIMBA - Se Te Olvido,Elvis Crespo - Vuelve Conmigo
TRDOVAF128F93112F7,SOLRFDT12AB0183B0D,ARU3BQ91187FB5A3D6,Animal Collective,Brother Sport,latin,Lauryn Hill - Interlude 5,Michael Jackson - Man In The Mirror,Marques Houston - Cancel (Album Version),Lauryn Hill - Interlude 5,Marques Houston - Cancel (Album Version),Fatboy Slim - Acid 8000,Fergie - Get Your Hands Up,Ignite - In Moderation,Depeche Mode - Freestate,Fergie - Get Your Hands Up,Ignite - In Moderation,Depeche Mode - Freestate,Gang Starr - The Illest Brother,Twiztid - She Ain't Afraid,Lauryn Hill - Interlude 5,Gang Starr - The Illest Brother,Us3 - Just Another Brother,Twiztid - She Ain't Afraid,Praga Khan - Far Beyond The Sun,Depeche Mode - Freestate,Buddy Holly - Door To My Heart,Praga Khan - Far Beyond The Sun,Depeche Mode - Freestate,Buddy Holly - Door To My Heart
TRVPMSA128F9331D03,SOJQZHG12AB0185EAB,ART5MUE1187B98C961,Metallica,The Prince,metal,Beastie Boys - B-Boy Bouillabaisse: A.W.O.L. (2009 Digital Remaster),Lauryn Hill - Interlude 5,Erykah Badu - I Want You,Beastie Boys - B-Boy Bouillabaisse: A.W.O.L. (2009 Digital Remaster),Erykah Badu - I Want You,Lauryn Hill - Interlude 5,Diana Krall - I've Grown Accustomed To His Face,Gil Scott-Heron - Me And The Devil,The Pietasters - Crime,Diana Krall - I've Grown Accustomed To His Face,Gil Scott-Heron - Me And The Devil,The Pietasters - Crime,Beastie Boys - B-Boy Bouillabaisse: A.W.O.L. (2009 Digital Remaster),Savatage - The Hourglass,Ja Rule - One of Us,Scapegoat - Marry the Devil,Jamiroquai - Corner Of The Earth,Insane Clown Posse - Piggy Pie,Stoa - I Wish You Could Smile,Stoa - Autumn,Scapegoat - Marry the Devil,Stoa - I Wish You Could Smile,Stoa - Autumn,Scapegoat - Marry the Devil
TRPCZPE12903CAF5BD,SOAVPPJ12A8C13EFBC,ARC9CR51187FB51A13,Avenged Sevenfold,Second Heartbeat,metal,Lauryn Hill - Interlude 5,Beastie Boys - B-Boy Bouillabaisse: A.W.O.L. (2009 Digital Remaster),Twista - I'm A Winner (Amended Album Version),Lauryn Hill - Interlude 5,Twista - I'm A Winner (Amended Album Version),Beastie Boys - B-Boy Bouillabaisse: A.W.O.L. (2009 Digital Remaster),Rufio - Just a Memory,Leon Jackson - A Song For You,Musiq - Whereareyougoing,Rufio - Just a Memory,Leon Jackson - A Song For You,Musiq - Whereareyougoing,Savatage - The Hourglass,Eminem - 8 Mile,Beastie Boys - B-Boy Bouillabaisse: A.W.O.L. (2009 Digital Remaster),Savatage - The Hourglass,Eminem - 8 Mile,Wolverine - Towards Loss,John Lee Hooker - It Serves Me Right To Suffer,Wolverine - Towards Loss,Mest - Can't Take This (Album Version),Wolverine - Towards Loss,Mest - Can't Take This (Album Version),Keith Whitley - A Day In The Life Of A Fool
TRNUDHG12903CAF56B,SOLFXQT12A8C13E06C,ARC9CR51187FB51A13,Avenged Sevenfold,To End The Rapture,metal,Lauryn Hill - Interlude 5,Ja Rule - One of Us,Pain of Salvation - Spitfall,Lauryn Hill - Interlude 5,Pain of Salvation - Spitfall,Ja Rule - One of Us,Theatres Des Vampires - Throne Of Dark Immortals,Anacrusis - What You Became,Incantation - Apocalyptic Destroyer of Angels,Theatres Des Vampires - Throne Of Dark Immortals,Anacrusis - What You Became,Bad Religion - Chimaera (Album Version),Savatage - The Hourglass,Josh Groban - It Came Upon A Midnight Clear (Album Version),Recoil - Curse,Josh Groban - It Came Upon A Midnight Clear (Album Version),Nik Kershaw - City Of Angels,Savatage - The Hourglass,Natalie Cole - Ev'ry Time We Say Goodbye,Josh Groban - It Came Upon A Midnight Clear (Album Version),Incantation - Apocalyptic Destroyer of Angels,Natalie Cole - Ev'ry Time We Say Goodbye,Josh Groban - It Came Upon A Midnight Clear (Album Version),Incantation - Apocalyptic Destroyer of Angels
TRJAABI12903CF759F,SOKACRK12AC90759DA,ARJ94571187B98C352,blessthefall,Witness,metal,Lauryn Hill - Interlude 5,Twista - I'm A Winner (Amended Album Version),Eminem - My Darling,Lauryn Hill - Interlude 5,Twista - I'm A Winner (Amended Album Version),Eminem - My Darling,"Brand New Heavies_ The - You Are The Universe (Roger's Universal 7"" Edit)",Chiasm - Incision,Kevin Devine - It's Only Your Life,Chiasm - Incision,"Brand New Heavies_ The - You Are The Universe (Roger's Universal 7"" Edit)",Kevin Devine - It's Only Your Life,Ja Rule - One of Us,Lauryn Hill - Interlude 5,Beastie Boys - B-Boy Bouillabaisse: A.W.O.L. (2009 Digital Remaster),Ja Rule - One of Us,Toni Braxton - Breathe Again,Beverley Knight - Till I See Ya,Combichrist - without emotions,Milk Inc. - Breathe Without You,Toni Braxton - Breathe Again,Toni Braxton - Breathe Again,Milk Inc. - Breathe Without You,Beverley Craven - Say You're Sorry
TRREMAP128F42983BD,SOWEDJU12D02198FF6,ARU6HMT1187FB38801,HIM,Heartache Every Moment,metal,Lauryn Hill - Interlude 5,Vanilla Ice - Ice Is Workin' It,Beastie Boys - B-Boy Bouillabaisse: A.W.O.L. (2009 Digital Remaster),Lauryn Hill - Interlude 5,Vanilla Ice - Ice Is Workin' It,Daft Punk - Touch It / Technologic,Final Fantasy - The Miner Becomes Forgetful,Reckless Kelly - Broken Heart,Classified - All About U,Final Fantasy - The Miner Becomes Forgetful,Classified - All About U,Reckless Kelly - Broken Heart,Keith Anderson - Lost In This Moment,Sebadoh - Showtape '91,Lauryn Hill - Interlude 5,Keith Anderson - Lost In This Moment,T Bone Burnett - I'm Going On A Long Journey Never To Return,Avant - Heaven,Keith Anderson - Lost In This Moment,Josh Groban - When You Say You Love Me (Album Version),Dark Fortress - Hirudineans,Keith Anderson - Lost In This Moment,Josh Groban - When You Say You Love Me (Album Version),Dark Fortress - Hirudineans
TRFRDZW128F429C337,SOAVNID12A8C13B197,ARU6HMT1187FB38801,HIM,Sigillum Diaboli,metal,Lauryn Hill - Interlude 5,Erykah Badu - I Want You,Beastie Boys - B-Boy Bouillabaisse: A.W.O.L. (2009 Digital Remaster),Lauryn Hill - Interlude 5,Erykah Badu - I Want You,Beastie Boys - B-Boy Bouillabaisse: A.W.O.L. (2009 Digital Remaster),Bouncing Souls_ The - Pervert,Joe Henry - Sold,Gang Starr - Gotta Get Over (Taking Loot) (Explicit),Bouncing Souls_ The - Pervert,Joe Henry - Sold,Gang Starr - Gotta Get Over (Taking Loot) (Explicit),Eminem - My Darling,Beastie Boys - B-Boy Bouillabaisse: A.W.O.L. (2009 Digital Remaster),Lauryn Hill - Interlude 5,Eminem - My Darling,Sonique - You're The Reason,Carole King - Child Of Mine,The Cardigans - Explode,Harry Connick_ Jr. - We Are In Love,The Mick Fleetwood Blues Band - Black Magic Woman,The Cardigans - Explode,Harry Connick_ Jr. - We Are In Love,The Mick Fleetwood Blues Band - Black Magic Woman
TRHVUCJ128F934B68C,SOPDMDM12A8C132ABD,ARWMY7E1187B9B7049,As I Lay Dying,Refined By Your Embrace,metal,Twista - I'm A Winner (Amended Album Version),Lauryn Hill - Interlude 5,Beastie Boys - B-Boy Bouillabaisse: A.W.O.L. (2009 Digital Remaster),Twista - I'm A Winner (Amended Album Version),Lauryn Hill - Interlude 5,Beastie Boys - B-Boy Bouillabaisse: A.W.O.L. (2009 Digital Remaster),Jay-Jay Johanson - I fantasize of you,Eminem - Rabbit Run,KATAKLYSM - Beyond Salvation,Jay-Jay Johanson - I fantasize of you,Eminem - Rabbit Run,KATAKLYSM - Beyond Salvation,Patrizio Buanne - A Man Without Love,Juice Newton - Lay Back In The Arms Of Someone,Eminem - My Darling,Juice Newton - Lay Back In The Arms Of Someone,Patrizio Buanne - A Man Without Love,Toni Braxton - Breathe Again,Juice Newton - Lay Back In The Arms Of Someone,Patrizio Buanne - A Man Without Love,Annihilator - Hunter killer,Juice Newton - Lay Back In The Arms Of Someone,Patrizio Buanne - A Man Without Love,Annihilator - Hunter killer
TRIBZVH128F934B68D,SOWJVZY12A8C132AC2,ARWMY7E1187B9B7049,As I Lay Dying,The Innocence Spilled,metal,Lauryn Hill - Interlude 5,Beastie Boys - B-Boy Bouillabaisse: A.W.O.L. (2009 Digital Remaster),Eminem - My Darling,Lauryn Hill - Interlude 5,Beastie Boys - B-Boy Bouillabaisse: A.W.O.L. (2009 Digital Remaster),Eminem - My Darling,Dashboard Confessional - The End Of An Anchor,Robben Ford - Something For The Pain,Dominici - So Help Me God,Dashboard Confessional - The End Of An Anchor,Robben Ford - Something For The Pain,Onyx - Feel Me,Hollywood Undead - Pain,Ja Rule - One of Us,Tech N9ne - One Good Time,Hollywood Undead - Pain,Bon Jovi - This Ain't A Love Song,My Dying Bride - Grace Unhearing,Hollywood Undead - Pain,My Dying Bride - Grace Unhearing,Lorrie Morgan - Tears On My Pillow,Hollywood Undead - Pain,My Dying Bride - Grace Unhearing,Bon Jovi - This Ain't A Love Song
TRZOLOQ128F428FA00,SOHEPVU12A8C13A03D,ARMGBBW1187FB4A7A0,August Burns Red,An American Dream,metal,Lauryn Hill - Interlude 5,Ja Rule - One of Us,The Pharcyde - Otha Fish,Lauryn Hill - Interlude 5,Ja Rule - One of Us,Jennifer Lopez - The Way It Is,Silje Nergaard - This Is Not America,Poisonblack - Bear The Cross,Against All Authority - Threat,Silje Nergaard - This Is Not America,Poisonblack - Bear The Cross,Against All Authority - Threat,The Streets - Weak Become Heroes,Ja Rule - One of Us,Lauryn Hill - Interlude 5,The Streets - Weak Become Heroes,Ja Rule - One of Us,Pain of Salvation - Kingdom of Loss,Knapsack - Simple Favor,Good Riddance - Torches and Tragedies,Lard - Moths,Knapsack - Simple Favor,Good Riddance - Torches and Tragedies,Lard - Moths
TRFQWAQ128F14B084D,SOLXNXB12A6D4FBCDA,ARPFK3E1187B9A43BF,Underoath,The Changing Of Times,metal,Lauryn Hill - Interlude 5,Twista - I'm A Winner (Amended Album Version),Beastie Boys - B-Boy Bouillabaisse: A.W.O.L. (2009 Digital Remaster),Lauryn Hill - Interlude 5,Twista - I'm A Winner (Amended Album Version),Beastie Boys - B-Boy Bouillabaisse: A.W.O.L. (2009 Digital Remaster),Musiq - Whereareyougoing,Ginuwine - Only When ur Lonely,Hello Saferide - Get Sick Soon,Musiq - Whereareyougoing,Ginuwine - Only When ur Lonely,Hello Saferide - Get Sick Soon,Lauryn Hill - Interlude 5,Beastie Boys - B-Boy Bouillabaisse: A.W.O.L. (2009 Digital Remaster),Recoil - Curse,REO Speedwagon - Wherever You're Goin' (It's Alright),Kelly Price - Don't Say Goodbye,Eternal - Good Thing,Enya - Someone Said Goodbye,John Mayer - All We Ever Do Is Say Goodbye,REO Speedwagon - Wherever You're Goin' (It's Alright),Enya - Someone Said Goodbye,Kelly Price - Don't Say Goodbye,REO Speedwagon - Wherever You're Goin' (It's Alright)
TRLKWJA128F92E154E,SOFDWFR12A58A77D46,ARLHB6B1187B9B1B14,Haste The Day,Autumn,metal,Beastie Boys - B-Boy Bouillabaisse: A.W.O.L. (2009 Digital Remaster),Daft Punk - Touch It / Technologic,The Roots - Mellow My Man,Daft Punk - Touch It / Technologic,Slick Rick - Let's Get Crazy,Beastie Boys - B-Boy Bouillabaisse: A.W.O.L. (2009 Digital Remaster),Texta - Sprachbarrieren,Jupiter Jones - Auf das Leben,Samy Deluxe - Viel Mehr,Texta - Sprachbarrieren,Jupiter Jones - Auf das Leben,Samy Deluxe - Viel Mehr,Blumentopf - Von Disco Zu Disco,Rapsoul - Gott schenk ihr Flügel,Olli Banjo - Toastbrot,Blumentopf - Von Disco Zu Disco,Rapsoul - Gott schenk ihr Flügel,Olli Banjo - Toastbrot,Jupiter Jones - Auf das Leben,Ohrbooten - Dschungelpartei,Rammstein - ROSENROT,Jupiter Jones - Auf das Leben,Ohrbooten - Dschungelpartei,Rammstein - ROSENROT
TRNQSWR128EF34375F,SOWHMAY12A67ADD2E3,ARLHB6B1187B9B1B14,Haste The Day,Chorus Of Angels,metal,Ja Rule - One of Us,Lauryn Hill - Interlude 5,Röyksopp - Remind Me (Live),Röyksopp - Remind Me (Live),Fatboy Slim - Right Here Right Now,Ja Rule - One of Us,Ed Harcourt - Fireflies Take Flight,Röyksopp - Remind Me (Live),Vienna Teng - Now Three,Ed Harcourt - Fireflies Take Flight,Vienna Teng - Now Three,Röyksopp - Remind Me (Live),Prince - I Love U In Me ( LP Version),Lauryn Hill - Interlude 5,The Streets - Weak Become Heroes,Josh Groban - It Came Upon A Midnight Clear (Album Version),Lemar - Lullaby,Fatboy Slim - Right Here Right Now,Josh Groban - It Came Upon A Midnight Clear (Album Version),The Prodigy - Wake Up Call (Album Version),Little Big Town - From This Dream,Josh Groban - It Came Upon A Midnight Clear (Album Version),Lemar - Lullaby,Little Big Town - From This Dream
TRGQLSE128F93257D8,SOUZNST12A58A7EF1D,ARQETJY1187FB3FE74,Demon Hunter,Follow The Wolves,metal,Ja Rule - One of Us,Eminem - If I Had,Lauryn Hill - Interlude 5,Ja Rule - One of Us,Eminem - If I Had,BAL-SAGOTH - The chronicle of shadows,Goatwhore - Vengeance of Demonic Fury,Sandy Denny - Full Moon,Akercocke - Son Of The Morning,Sandy Denny - Full Moon,Goatwhore - Vengeance of Demonic Fury,Akercocke - Son Of The Morning,Cross Canadian Ragweed - 17,Savatage - The Hourglass,Lard - The Power Of Lard,Cross Canadian Ragweed - 17,Amon Amarth - Abandoned,Lard - The Power Of Lard,Cross Canadian Ragweed - 17,Amon Amarth - Abandoned,Neil Young - Stayin' Power (Remastered Album Version),Cross Canadian Ragweed - 17,Amon Amarth - Abandoned,Dismantled - Extirpation
TRCAWAA128F93257D1,SOCLOSW12AB0187E07,ARQETJY1187FB3FE74,Demon Hunter,I Am You,metal,Lauryn Hill - Interlude 5,Beastie Boys - B-Boy Bouillabaisse: A.W.O.L. (2009 Digital Remaster),Twista - I'm A Winner (Amended Album Version),Lauryn Hill - Interlude 5,Beastie Boys - B-Boy Bouillabaisse: A.W.O.L. (2009 Digital Remaster),Twista - I'm A Winner (Amended Album Version),Kingston Falls - The Weak Shall Prevail,For Today - Redemption,Seventh Day Slumber - Burning Bridges,Kingston Falls - The Weak Shall Prevail,For Today - Redemption,Seventh Day Slumber - Burning Bridges,Flobots - Rise,R. Kelly - Rise Up,Eminem - My Darling,Flobots - Rise,R. Kelly - Rise Up,Cannibal Corpse - Sentenced to Burn,Skinlab - No Sympathy (for The Devil),Flobots - Rise,Cannibal Corpse - Sentenced to Burn,Skinlab - No Sympathy (for The Devil),Flobots - Rise,Cannibal Corpse - Sentenced to Burn
TRWPRIF128EF34B8F8,SOXZKPU12AF72AAB3B,ARQETJY1187FB3FE74,Demon Hunter,The Science Of Lies,metal,Lauryn Hill - Interlude 5,Ja Rule - One of Us,Beastie Boys - B-Boy Bouillabaisse: A.W.O.L. (2009 Digital Remaster),Lauryn Hill - Interlude 5,Ja Rule - One of Us,Beastie Boys - B-Boy Bouillabaisse: A.W.O.L. (2009 Digital Remaster),Immortal Technique - The 4th Branch,Sebadoh - Showtape '91,Andrew Lloyd Webber - Masquerade,Immortal Technique - The 4th Branch,Sebadoh - Showtape '91,Andrew Lloyd Webber - Masquerade,Lauryn Hill - Interlude 5,Ja Rule - One of Us,Aceyalone - Mr. Outsider,Ja Rule - One of Us,Twiztid - Buckets of Blood,Nothingface - Incarnadine,Depeche Mode - Freestate,Beverley Craven - Phoenix From The Fire,Our Last Night - Forecasting,Beverley Craven - Phoenix From The Fire,Depeche Mode - Freestate,Nothingface - Incarnadine
TRKLLYD128F4273FF4,SOHRFIP12A8C12FFD1,AR8DTVF1187B9AA292,Ozzy Osbourne,Slow Down,metal,Lauryn Hill - Interlude 5,Twista - I'm A Winner (Amended Album Version),Eminem - My Darling,Lauryn Hill - Interlude 5,Twista - I'm A Winner (Amended Album Version),Eminem - My Darling,Field Music - You're Not Supposed To,Harry Belafonte - Angelina,The Plasmatics - You're A Zombie,Harry Belafonte - Angelina,The Plasmatics - You're A Zombie,Kevin Devine - It's Only Your Life,Beastie Boys - B-Boy Bouillabaisse: A.W.O.L. (2009 Digital Remaster),OutKast - Mainstream,UGK (Underground Kingz) - She Luv It,Mariah Carey - Joy Ride,UGK (Underground Kingz) - She Luv It,Michelle Williams - Stop This Car,Massive Attack - Saturday Come Slow,Wolverine - Towards Loss,Room Eleven - Swimmer,Wolverine - Towards Loss,Massive Attack - Saturday Come Slow,Room Eleven - Swimmer
TRQJQNX128F4266704,SOEVNLW12A8C13401E,AR8DTVF1187B9AA292,Ozzy Osbourne,Steal Away (The Night),metal,Lauryn Hill - Interlude 5,Beastie Boys - B-Boy Bouillabaisse: A.W.O.L. (2009 Digital Remaster),Eminem - My Darling,Lauryn Hill - Interlude 5,Beastie Boys - B-Boy Bouillabaisse: A.W.O.L. (2009 Digital Remaster),Eminem - My Darling,Manic Street Preachers - Further Away,Incognito - Chase The Clouds Away,Burt Bacharach - The Look Of Love,Manic Street Preachers - Further Away,Incognito - Chase The Clouds Away,Burt Bacharach - The Look Of Love,The Brand New Heavies - Last to Know,Beastie Boys - B-Boy Bouillabaisse: A.W.O.L. (2009 Digital Remaster),Joe Cocker - Chain Of Fools,The Brand New Heavies - Last to Know,Joe Cocker - Chain Of Fools,the bird and the bee - I'm a Broken Heart,Julie Roberts - That Ain't A Crime,Toni Braxton - Snowflakes Of Love,Joe Cocker - Chain Of Fools,Julie Roberts - That Ain't A Crime,Toni Braxton - Snowflakes Of Love,G4 - Remember Me
TRYIKZR128E0783C64,SOBEOHW12AF72A5BFC,AR98JLC1187B9ADE23,Megadeth,Black Curtains (2004 Digital Remaster),metal,Beastie Boys - B-Boy Bouillabaisse: A.W.O.L. (2009 Digital Remaster),Lauryn Hill - Interlude 5,The Roots - Mellow My Man,Beastie Boys - B-Boy Bouillabaisse: A.W.O.L. (2009 Digital Remaster),Lauryn Hill - Interlude 5,The Roots - Mellow My Man,Ima Robot - Black Jettas,Martin Sexton - Black Sheep,Joan Baez - Black Is The Color,Ima Robot - Black Jettas,Martin Sexton - Black Sheep,Joan Baez - Black Is The Color,Beastie Boys - B-Boy Bouillabaisse: A.W.O.L. (2009 Digital Remaster),Jeru The Damaja - Me Or The Papes,Aceyalone - Mr. Outsider,Joan Baez - Black Is The Color,Anatomy Of A Ghost - Last Transmission,Goatwhore - Bloodletting Upon The Cloven Hoof,Joan Baez - Black Is The Color,Public Image Ltd - Bags,Nevermore - C.b.f.,Joan Baez - Black Is The Color,Public Image Ltd - Bags,Nevermore - C.b.f.
TRIOZOZ128F92FA0C2,SOVOXQN12A3F1EC5FA,AR98JLC1187B9ADE23,Megadeth,Die Dead Enough,metal,Beastie Boys - B-Boy Bouillabaisse: A.W.O.L. (2009 Digital Remaster),Eminem - 8 Mile,Mario Vazquez - Everytime I...,Beastie Boys - B-Boy Bouillabaisse: A.W.O.L. (2009 Digital Remaster),Mario Vazquez - Everytime I...,Eminem - 8 Mile,Manafest - Runaway,Deep Dish - Awake Enough,Joe Bonamassa - Ball Peen Hammer,Manafest - Runaway,Deep Dish - Awake Enough,Joe Bonamassa - Ball Peen Hammer,Onyx - Face Down,Twista - Overdose (Album Version),Recoil - Curse,Onyx - Face Down,Deep Dish - Awake Enough,Recoil - Curse,Poisonblack - Never Enough,Shamen - Lightspan,Chris Garneau - Hymn,Poisonblack - Never Enough,Shamen - Lightspan,Chris Garneau - Hymn
TRUHHWN128F93045BA,SOKAEJQ12AB0181294,ARVSQHB1187B992FF0,Drowning Pool,Bodies,metal,Danity Kane - Hold Me Down (Album Version),Akon - Locked Up,Lauryn Hill - Interlude 5,Danity Kane - Hold Me Down (Album Version),Akon - Locked Up,Jessica Mauboy - Let Me Be Me,Lisa Lisa & Cult Jam - Let The Beat Hit 'Em,Dean Martin - Let Me Go Lover,Jessica Mauboy - Let Me Be Me,Lisa Lisa & Cult Jam - Let The Beat Hit 'Em,Dean Martin - Let Me Go Lover,Jessica Mauboy - Let Me Be Me,Will Smith - Switch,Marques Houston - Naked,Kurtis Blow - AJ Scratch,Will Smith - Switch,Kurtis Blow - AJ Scratch,Marques Houston - Naked,As Cities Burn - Wrong Body,Mountain Goats - Have To Explode,Marques Houston - Naked,Marques Houston - Naked,Mountain Goats - Have To Explode,Will Smith - Switch
TRJHNLI128F934B2CA,SONCWXR12D021B1283,AR5Z3L01187B99C5A9,Cannibal Corpse,Rotting Head,metal,Ja Rule - One of Us,Beastie Boys - B-Boy Bouillabaisse: A.W.O.L. (2009 Digital Remaster),Lauryn Hill - Interlude 5,Ja Rule - One of Us,Life Without Buildings - New Town,The Pharcyde - Otha Fish,Moonsorrow - Tuleen Ajettu Maa,Goatwhore - Vengeance of Demonic Fury,Goatwhore - Bloodletting Upon The Cloven Hoof,Moonsorrow - Tuleen Ajettu Maa,Goatwhore - Vengeance of Demonic Fury,Kurt Elling - Resolution,Beastie Boys - B-Boy Bouillabaisse: A.W.O.L. (2009 Digital Remaster),Insane Clown Posse - Piggy Pie,Recoil - Curse,Fun Lovin' Criminals - Blues For Suckers,Us3 - Just Another Brother,Insane Clown Posse - Piggy Pie,Cannibal Corpse - Mummified in Barbed Wire,Bauhaus - The Sanity Assassin,One Way System - Gutter Boy,Cannibal Corpse - Mummified in Barbed Wire,Bauhaus - The Sanity Assassin,Rory Gallagher - Bourbon
TRQGFHN128F428643E,SOVKLCX12A8C13860D,AR0KBXO1187B996460,Slipknot,Gehenna,metal,Lauryn Hill - Interlude 5,Twista - I'm A Winner (Amended Album Version),Erykah Badu - I Want You,Lauryn Hill - Interlude 5,Twista - I'm A Winner (Amended Album Version),Erykah Badu - I Want You,Common - I Want You,Jonny Lang - Breakin Me,Psapp - I Want That,Common - I Want You,Jonny Lang - Breakin Me,Psapp - I Want That,Jill Scott - Brotha,Lyfe Jennings - She Got Kids,Big Brovaz - Find A Way,Jill Scott - Brotha,Lyfe Jennings - She Got Kids,Mariah Carey - Sprung,Jill Scott - Brotha,Blink-182 - GO,999 - Me And My Desire,Jill Scott - Brotha,Blink-182 - GO,999 - Me And My Desire
TRHCDHI128F92C4B9B,SOOHRVS12AF729C881,AR0KBXO1187B996460,Slipknot,[sic] [Explicit],metal,Lauryn Hill - Interlude 5,Twista - I'm A Winner (Amended Album Version),Erykah Badu - I Want You,Lauryn Hill - Interlude 5,Twista - I'm A Winner (Amended Album Version),Erykah Badu - I Want You,Clawfinger - Revenge,Shayne Ward - Tangled Up,Weeping Willows - Your Eyes,Clawfinger - Revenge,Shayne Ward - Tangled Up,Weeping Willows - Your Eyes,Twista - Overdose (Album Version),Twiztid - She Ain't Afraid,Ying Yang Twins - 1st Booty On Duty,Twiztid - She Ain't Afraid,Twista - Overdose (Album Version),Ying Yang Twins - 1st Booty On Duty,Pissed Jeans - I'm Sick,Cavalera Conspiracy - Nevertrust [Explicit],Twiztid - She Ain't Afraid,Twiztid - She Ain't Afraid,Eminem - Rabbit Run,Pissed Jeans - I'm Sick
TRVHKNP128F429DDCE,SOENNBZ12A58A7B5A7,ARK9TRQ1187B99C095,Nine Inch Nails,Gunshots by Computer,metal,Lauryn Hill - Interlude 5,Twista - I'm A Winner (Amended Album Version),Beastie Boys - B-Boy Bouillabaisse: A.W.O.L. (2009 Digital Remaster),Lauryn Hill - Interlude 5,Twista - I'm A Winner (Amended Album Version),Beastie Boys - B-Boy Bouillabaisse: A.W.O.L. (2009 Digital Remaster),Lauryn Hill - Ex-Factor,Grace Jones - Nipple To The Bottle,Above The Law - Untouchable,Lauryn Hill - Ex-Factor,Binary Star - Honest Expression,Above The Law - Untouchable,Lauryn Hill - Interlude 5,Afroman - Let's All Get Drunk,Houston - Twizala,Houston - Twizala,Afroman - Let's All Get Drunk,Rupaul - Tranny Chaser,Rupaul - Tranny Chaser,Houston - Twizala,The Adicts - Disco,Rupaul - Tranny Chaser,Houston - Twizala,Billy Currington - Here I Am
TREFLCZ128F4236589,SOJKLWM12A81C23BBC,ARDQ9AP1187B9BA3F6,Killswitch Engage,Hope Is... (Album Version),metal,Lauryn Hill - Interlude 5,Röyksopp - Remind Me (Live),Enrique Iglesias - Miss You,Röyksopp - Remind Me (Live),Lauryn Hill - Interlude 5,Enrique Iglesias - Miss You,Supreme Majesty - Heroes Of Our Land,Ella Fitzgerald - Manhattan,Alexisonfire - We Are the End,Supreme Majesty - Heroes Of Our Land,Ella Fitzgerald - Manhattan,Alexisonfire - We Are the End,R. Kelly - Rise Up,Jamiroquai - (Don't) Give Hate A Chance,Keith Anderson - Lost In This Moment,R. Kelly - Rise Up,Jamiroquai - (Don't) Give Hate A Chance,Keith Anderson - Lost In This Moment,Animal Collective - No More Runnin,Keith Anderson - Lost In This Moment,R. Kelly - Rise Up,Animal Collective - No More Runnin,Keith Anderson - Lost In This Moment,R. Kelly - Rise Up
TRQFRJG128F4260199,SOVJLIF12A8C137957,ARHXK5N1187B98F942,Opeth,The Moor,metal,Lauryn Hill - Interlude 5,Beastie Boys - B-Boy Bouillabaisse: A.W.O.L. (2009 Digital Remaster),Twista - I'm A Winner (Amended Album Version),Lauryn Hill - Interlude 5,Beastie Boys - B-Boy Bouillabaisse: A.W.O.L. (2009 Digital Remaster),Twista - I'm A Winner (Amended Album Version),Saul Williams - Elohim (1972),Autopsy - Skullptures,Snoop Dogg - Snoopafella (Edited),Saul Williams - Elohim (1972),Autopsy - Skullptures,Snoop Dogg - Snoopafella (Edited),Beastie Boys - B-Boy Bouillabaisse: A.W.O.L. (2009 Digital Remaster),Lauryn Hill - Interlude 5,Company Flow - The Fire In Which You Burn (feat. J-Treds & The Brewin From The Juggaknots),Cinderella Effect - Standing,Jazzamor - fly,T Bone Burnett - I'm Going On A Long Journey Never To Return,Motion City Soundtrack - Cambridge (Album Version),Cinderella Effect - Standing,Maria McKee - Turn Away,Motion City Soundtrack - Cambridge (Album Version),Cinderella Effect - Standing,Maria McKee - Turn Away
TRMFSTL128F427B6C1,SOIXQXH12A8C135FC8,ARMOHN71187FB3959F,Atreyu,This Flesh A Tomb (Instrumental Version),metal,Lauryn Hill - Interlude 5,Beastie Boys - B-Boy Bouillabaisse: A.W.O.L. (2009 Digital Remaster),Twista - I'm A Winner (Amended Album Version),Lauryn Hill - Interlude 5,Beastie Boys - B-Boy Bouillabaisse: A.W.O.L. (2009 Digital Remaster),Twista - I'm A Winner (Amended Album Version),Crotchduster - Let Me Into Starfish Land,Matt Nathanson - Bent,Manafest - Runaway,Crotchduster - Let Me Into Starfish Land,Matt Nathanson - Bent,Manafest - Runaway,Eminem - 8 Mile,Lauryn Hill - Interlude 5,Beastie Boys - B-Boy Bouillabaisse: A.W.O.L. (2009 Digital Remaster),Eric Carmen - Make Me Lose Control,Eminem - 8 Mile,Recoil - Curse,Enrique Iglesias - Little Girl,Enrique Iglesias - Heroe,Michael Jackson - Baby Be Mine,Michael Jackson - Baby Be Mine,Enrique Iglesias - Little Girl,Alice Smith - Dream
TRALERK12903CDCAFD,SOZABYO12A8C143546,ARWMFZH11C8A4219E0,For Today,A Higher Standard,metal,Lauryn Hill - Interlude 5,Vanilla Ice - Ice Is Workin' It,Daft Punk - Touch It / Technologic,Lauryn Hill - Interlude 5,Daft Punk - Touch It / Technologic,Vanilla Ice - Ice Is Workin' It,MxPx - It's Undeniable,Basia - Prime Time TV,Robbie Williams - It's De-Lovely,MxPx - It's Undeniable,Basia - Prime Time TV,Robbie Williams - It's De-Lovely,Ja Rule - One of Us,Beastie Boys - B-Boy Bouillabaisse: A.W.O.L. (2009 Digital Remaster),Michael Jackson - Man In The Mirror,Ja Rule - One of Us,Michael Jackson - Man In The Mirror,Kurt Elling - Resolution,Innocence Mission - Migration,The Vision Bleak - By Our Brotherhood With Seth,Bad Religion - Automatic Man (Album Version),Ja Rule - One of Us,Innocence Mission - Migration,Bad Religion - Automatic Man (Album Version)
TRDIJKP12903CDCAF4,SOATHYW12A8C143527,ARWMFZH11C8A4219E0,For Today,Redemption,metal,Lauryn Hill - Interlude 5,Beastie Boys - B-Boy Bouillabaisse: A.W.O.L. (2009 Digital Remaster),Eminem - My Darling,Lauryn Hill - Interlude 5,Beastie Boys - B-Boy Bouillabaisse: A.W.O.L. (2009 Digital Remaster),Eminem - My Darling,I Am Ghost - So_ I Guess This Is Goodbye,Atmosphere - Happymess,Despised Icon - Furtive Monologue,I Am Ghost - So_ I Guess This Is Goodbye,Atmosphere - Happymess,Despised Icon - Furtive Monologue,Lauryn Hill - Interlude 5,Twista - Overdose (Album Version),John Denver - Let It Be,John Denver - Let It Be,Spearhead - Wayfarin' Stranger,Jah Cure - Sticky,Marvin Gaye - God Is My Friend,Biohazard - Domination,Cinderella Effect - Call the Ships to Port,Biohazard - Domination,Marvin Gaye - God Is My Friend,Cinderella Effect - Call the Ships to Port
TRZQYIJ128F92E7F49,SOYPYRU12AB017F852,ARVJR1N1187FB4144A,Lamb Of God,We Die Alone (Bonus Track),metal,Lauryn Hill - Interlude 5,The Prodigy - We Gonna Rock,Hollywood Undead - Undead,Lauryn Hill - Interlude 5,The Prodigy - We Gonna Rock,Hollywood Undead - Undead,Lifetime - Daneurysm,Kaizers Orchestra - Die Polizei,Suicide Commando - Dead March,Lifetime - Daneurysm,Kaizers Orchestra - Die Polizei,Tommy James & The Shondells - I Think We're Alone Now (Single/LP Version),Savatage - The Hourglass,Beastie Boys - B-Boy Bouillabaisse: A.W.O.L. (2009 Digital Remaster),Watch Them Die - Resurrection,P.o.d - Rise Against,Madonna - Die Another Day [Live],Savatage - The Hourglass,UnsraW - -9-,Sunk Loto - 5 Years Of Silence,P.o.d - Rise Against,Sunk Loto - 5 Years Of Silence,P.o.d - Rise Against,UnsraW - -9-
TRMYVVL128F92E865E,SODLQJO12A8C139576,ARWIA8D1187B990A0C,STRATOVARIUS,Elements,metal,Lauryn Hill - Interlude 5,Ja Rule - One of Us,Beastie Boys - B-Boy Bouillabaisse: A.W.O.L. (2009 Digital Remaster),Ja Rule - One of Us,Lauryn Hill - Interlude 5,Beastie Boys - B-Boy Bouillabaisse: A.W.O.L. (2009 Digital Remaster),Spiral Architect - Fountainhead,Ziggy Marley And The Melody Makers - 13 Months Of Sunshine,BAL-SAGOTH - The chronicle of shadows,Spiral Architect - Fountainhead,Ziggy Marley And The Melody Makers - 13 Months Of Sunshine,BAL-SAGOTH - The chronicle of shadows,Moonsorrow - Tuleen Ajettu Maa,Joni Mitchell - Paprika Plains  (Remix),Kurt Elling - Resolution,Moonsorrow - Tuleen Ajettu Maa,Ark - Heal The Waters,Ledisi - Joy,Stoa - Infant Joy,Ark - Heal The Waters,Black Uhuru - Utterance,Ark - Heal The Waters,Black Uhuru - Utterance,Stoa - Infant Joy
TRIKFKO128F426A6FC,SORDWWC12A8C13AA28,ARWIA8D1187B990A0C,STRATOVARIUS,Know The Difference,metal,Lauryn Hill - Interlude 5,Beastie Boys - B-Boy Bouillabaisse: A.W.O.L. (2009 Digital Remaster),Michael Jackson - Man In The Mirror,Lauryn Hill - Interlude 5,Beastie Boys - B-Boy Bouillabaisse: A.W.O.L. (2009 Digital Remaster),Michael Jackson - Man In The Mirror,Sara Groves - What Do I Know,Julia Fordham - Genius,John Legend - I Can Change,Sara Groves - What Do I Know,Julia Fordham - Genius,John Legend - I Can Change,Lauryn Hill - Interlude 5,Conjure One - One Word,Lloyd Banks - Make A Move,Conjure One - One Word,Natalie Cole - Don't Get Around Much Anymore,Lauryn Hill - Interlude 5,Natalie Cole - Don't Get Around Much Anymore,Field Music - You're Not Supposed To,Jill Scott - He Loves Me (Lyzel In E Flat),Natalie Cole - Don't Get Around Much Anymore,Jill Scott - He Loves Me (Lyzel In E Flat),Field Music - You're Not Supposed To
TRJAFPP128F426AB25,SOXHFBO12A8C13132A,AR9C8IE1187B9ACC99,System of a Down,Peephole,metal,Twista - I'm A Winner (Amended Album Version),Lauryn Hill - Interlude 5,Life Without Buildings - New Town,Twista - I'm A Winner (Amended Album Version),Lauryn Hill - Interlude 5,Life Without Buildings - New Town,Concrete Blonde - It's Only Money,Jeff Healey - It's Only Money,Ian Van Dahl - Castles In The Sky,Concrete Blonde - It's Only Money,Jeff Healey - It's Only Money,Ian Van Dahl - Castles In The Sky,Marvin Sease - Stuck In The Middle,Saliva - Bleed For Me,Bob Dylan - Stuck Inside Of Mobile With The Memphis Blues Again,Marvin Sease - Stuck In The Middle,Saliva - Bleed For Me,Seventh Day Slumber - Burning Bridges,Saliva - Bleed For Me,Marvin Sease - Stuck In The Middle,Archers Of Loaf - Web In Front,Saliva - Bleed For Me,Marvin Sease - Stuck In The Middle,Archers Of Loaf - Web In Front
TRYMCCD128F421CD27,SOPTZIL12A6D4FD7AC,ARR057Y1187B9A16E7,Children Of Bodom,Hellhounds on My Trail,metal,Lauryn Hill - Interlude 5,Twista - I'm A Winner (Amended Album Version),Beastie Boys - B-Boy Bouillabaisse: A.W.O.L. (2009 Digital Remaster),Lauryn Hill - Interlude 5,Twista - I'm A Winner (Amended Album Version),Erykah Badu - I Want You,The Sundays - My Finest Hour,Good Old War - Tell Me (Acoustic),Permanent Me - Heartattack,The Sundays - My Finest Hour,Good Old War - Tell Me (Acoustic),Permanent Me - Heartattack,Lauryn Hill - Interlude 5,Beastie Boys - B-Boy Bouillabaisse: A.W.O.L. (2009 Digital Remaster),Twista - Overdose (Album Version),Lauryn Hill - Interlude 5,Hollywood Undead - Undead,Marilyn Manson - Para-noir,Marilyn Manson - Para-noir,Alexandra Burke - Gotta Go,The Forces Of Evil - Vague Love Song,Classified - All About U,Alexandra Burke - Gotta Go,Lauryn Hill - Interlude 5
TRVIFKS128F426813A,SOKVYHH12A81C22CC4,ARR057Y1187B9A16E7,Children Of Bodom,No Commands,metal,Lauryn Hill - Interlude 5,Beastie Boys - B-Boy Bouillabaisse: A.W.O.L. (2009 Digital Remaster),Enrique Iglesias - Miss You,Lauryn Hill - Interlude 5,Beastie Boys - B-Boy Bouillabaisse: A.W.O.L. (2009 Digital Remaster),Enrique Iglesias - Miss You,Kosheen - Pride,The Airborne Toxic Event - The Girls In Their Summer Dresses,Animal Collective - No More Runnin,Kosheen - Pride,The Airborne Toxic Event - The Girls In Their Summer Dresses,Animal Collective - No More Runnin,Lauryn Hill - Interlude 5,Beastie Boys - B-Boy Bouillabaisse: A.W.O.L. (2009 Digital Remaster),Conjure One - One Word,Conjure One - One Word,Puressence - It Doesn't Matter Anymore,Lauryn Hill - Interlude 5,Puressence - It Doesn't Matter Anymore,Jon Secada - Take Me,Conjure One - One Word,Puressence - It Doesn't Matter Anymore,Jon Secada - Take Me,Conjure One - One Word
TRLHJMW128F1493BA1,SOZUQLN12A5891F885,AR4KS8C1187FB4CF3D,Tori Amos,Mother (2006 Remastered Alternate Mix),metal,Lauryn Hill - Interlude 5,Beastie Boys - B-Boy Bouillabaisse: A.W.O.L. (2009 Digital Remaster),Twista - I'm A Winner (Amended Album Version),Lauryn Hill - Interlude 5,Beastie Boys - B-Boy Bouillabaisse: A.W.O.L. (2009 Digital Remaster),Twista - I'm A Winner (Amended Album Version),Beastie Boys - B-Boy Bouillabaisse: A.W.O.L. (2009 Digital Remaster),Parliament - Mr. Wiggles,Sage Francis - Clickety Clack,Beastie Boys - B-Boy Bouillabaisse: A.W.O.L. (2009 Digital Remaster),Parliament - Mr. Wiggles,Sage Francis - Clickety Clack,Lauryn Hill - Interlude 5,Beastie Boys - B-Boy Bouillabaisse: A.W.O.L. (2009 Digital Remaster),Eminem - My Darling,Paris Hilton - Not Leaving Without You (Album Version),Coheed and Cambria - The Light & The Glass,Jodeci - It's Alright,Telepopmusik - Dance Me,John Foxx - Plaza,Liza Minnelli - All That Jazz,Coheed and Cambria - The Light & The Glass,Liza Minnelli - All That Jazz,John Foxx - Plaza
TRZGXNM128F1451ADF,SOGGUIK12A6D4F5F5B,ARHTAPO1187FB5AADE,Iron Maiden,Lord Of The Flies (Live In Dortmund),metal,Lauryn Hill - Interlude 5,Beastie Boys - B-Boy Bouillabaisse: A.W.O.L. (2009 Digital Remaster),Ja Rule - One of Us,Lauryn Hill - Interlude 5,Beastie Boys - B-Boy Bouillabaisse: A.W.O.L. (2009 Digital Remaster),Ja Rule - One of Us,The Starting Line - Photography,Pigeon John - Growin' Old,Pretty Maids - Perfect Stranger,The Starting Line - Photography,Pigeon John - Growin' Old,Pretty Maids - Perfect Stranger,Lauryn Hill - Oh Jerusalem,Lauryn Hill - Interlude 5,Recoil - Curse,Lauryn Hill - Oh Jerusalem,Recoil - Curse,Will.I.Am - She's A Star,Old Man's Child - Soul Possessed,Celtic Woman - May It Be,Robert Wyatt - Red Flag,Old Man's Child - Soul Possessed,Celtic Woman - May It Be,Lauryn Hill - Oh Jerusalem
TROGUOT128F147F39A,SOPFDRI12A6D4F83F4,ARHTAPO1187FB5AADE,Iron Maiden,Phantom Of The Opera (Live) (1998 Digital Remaster),metal,Lauryn Hill - Interlude 5,Twista - I'm A Winner (Amended Album Version),Eminem - My Darling,Lauryn Hill - Interlude 5,Twista - I'm A Winner (Amended Album Version),Eminem - My Darling,HELLYEAH - Nausea,Harry Belafonte - Angelina,Delta Goodrem - Predictable,HELLYEAH - Nausea,Harry Belafonte - Angelina,Delta Goodrem - Predictable,Onyx - Slam Harder,Onyx - Slam,Beastie Boys - B-Boy Bouillabaisse: A.W.O.L. (2009 Digital Remaster),Onyx - Slam Harder,Onyx - Slam,Marilyn Monroe - Do It Again,Bunny Wailer - Walk The Proud Land,Bettye Swann - Don't Look Back,Hayseed Dixie - Runnin' With The Devil,Bettye Swann - Don't Look Back,Onyx - Slam,Onyx - Slam Harder
TRJYSJS128EF356B75,SOTFXJB12A58A7692B,ARQATWU1187B98EE26,Ill Niño,Re-Birth,metal,Lauryn Hill - Interlude 5,Twista - I'm A Winner (Amended Album Version),Five - That's What You Told Me,Lauryn Hill - Interlude 5,Twista - I'm A Winner (Amended Album Version),Five - That's What You Told Me,Sean Lennon - Into The Sun,The Berzerker - All About You,Avant - Out of Character,Sean Lennon - Into The Sun,Avant - Out of Character,The Berzerker - All About You,Lauryn Hill - Interlude 5,Beastie Boys - B-Boy Bouillabaisse: A.W.O.L. (2009 Digital Remaster),Savatage - The Hourglass,Lauryn Hill - Interlude 5,N-Dubz - Shoulda Put Something On,Aceyalone - Mr. Outsider,Sean Lennon - Into The Sun,No Use For A Name - Undefeated,Nine Inch Nails - Burn,Sean Lennon - Into The Sun,No Use For A Name - Undefeated,Nine Inch Nails - Burn
TRSUANW128F930BD52,SOHWQLM12AB017E46B,ARDZQ7Z1187B99711A,Kamelot,This Pain,metal,Lauryn Hill - Interlude 5,Beastie Boys - B-Boy Bouillabaisse: A.W.O.L. (2009 Digital Remaster),Eminem - 8 Mile,Lauryn Hill - Interlude 5,Beastie Boys - B-Boy Bouillabaisse: A.W.O.L. (2009 Digital Remaster),Eminem - 8 Mile,Organized Konfusion - Releasing Hypnotical Gases,Bob Dylan - Ballad In Plain D,Less Than Jake - Abandon Ship,Organized Konfusion - Releasing Hypnotical Gases,Bob Dylan - Ballad In Plain D,Less Than Jake - Abandon Ship,Lauryn Hill - Interlude 5,Twista - Overdose (Album Version),Twiztid - She Ain't Afraid,Floetry - Blessed 2 Have,Twiztid - She Ain't Afraid,Twista - Overdose (Album Version),Mansun - Witness To A Murder (Part 2),Willie Dixon - Pain in My Heart,Floetry - Blessed 2 Have,Mansun - Witness To A Murder (Part 2),Floetry - Blessed 2 Have,Willie Dixon - Pain in My Heart
TRRIRCF128F426A606,SOFRVOH12A8C132F50,ARXPPEY1187FB51DF4,Michael Jackson,You Are Not Alone,pop,Lauryn Hill - Interlude 5,Twista - I'm A Winner (Amended Album Version),Eminem - My Darling,Lauryn Hill - Interlude 5,Twista - I'm A Winner (Amended Album Version),Eminem - My Darling,New Found Glory - Dressed To Kill,Royksopp - You Don't Have A Clue,G4 - To Where You Are,New Found Glory - Dressed To Kill,Royksopp - You Don't Have A Clue,G4 - To Where You Are,Lauryn Hill - Interlude 5,Nivea - So Far,Savatage - The Hourglass,Nivea - So Far,The Cure - Apart,Girls Aloud - Stay Another Day,Girls Aloud - Stay Another Day,Nivea - So Far,Frank Sinatra - From Here To Eternity,Girls Aloud - Stay Another Day,Nivea - So Far,Frank Sinatra - From Here To Eternity
TREUPHA128F4278F34,SOTLPVB12CF5CFD7F3,ARXPPEY1187FB51DF4,Michael Jackson,Baby Be Mine,pop,Lauryn Hill - Interlude 5,Twista - I'm A Winner (Amended Album Version),Beastie Boys - B-Boy Bouillabaisse: A.W.O.L. (2009 Digital Remaster),Lauryn Hill - Interlude 5,Twista - I'm A Winner (Amended Album Version),Erykah Badu - I Want You,Kelly Clarkson - Anytime,Alice Smith - Dream,Fat Joe - Preacher On A Sunday Morning,Kelly Clarkson - Anytime,Alice Smith - Dream,Fat Joe - Preacher On A Sunday Morning,Ryan Leslie - Just Right,Beastie Boys - B-Boy Bouillabaisse: A.W.O.L. (2009 Digital Remaster),Lauryn Hill - Interlude 5,Ryan Leslie - Just Right,Shai - Waiting For The Day,East 17 - Hey Child,OTT - Be My Girl,Kelly Clarkson - Anytime,Chanté Moore - Give Me Time,OTT - Be My Girl,Kelly Clarkson - Anytime,Chanté Moore - Give Me Time
TRQAWKR128F425EEC3,SOFHEBR12CF5F892C7,ARXPPEY1187FB51DF4,Michael Jackson,Man In The Mirror,pop,Lauryn Hill - Interlude 5,Twista - I'm A Winner (Amended Album Version),Beastie Boys - B-Boy Bouillabaisse: A.W.O.L. (2009 Digital Remaster),Lauryn Hill - Interlude 5,Twista - I'm A Winner (Amended Album Version),Beastie Boys - B-Boy Bouillabaisse: A.W.O.L. (2009 Digital Remaster),Petey Pablo - Show Me The Money,Bow Wow - Sunshine,Lucy Pearl - LaLa,Petey Pablo - Show Me The Money,Bow Wow - Sunshine,Souls Of Mischief - One,Lauryn Hill - Interlude 5,Nelly - Say Now,Black Eyed Peas - A8,Nelly - Say Now,Fun Lovin' Criminals - Blues For Suckers,Tiziano Ferro - Universal Prayer,Sentidos Opuestos - Oh Na Na Na,Kayah - Dla Niego,Tiziano Ferro - Universal Prayer,Tiziano Ferro - Universal Prayer,Black Eyed Peas - A8,Fun Lovin' Criminals - Blues For Suckers
TRCYAYD128F92F3758,SODIHGW12CF5F88001,ARXPPEY1187FB51DF4,Michael Jackson,Why You Wanna Trip On Me,pop,Lauryn Hill - Interlude 5,Danity Kane - Hold Me Down (Album Version),Five - That's What You Told Me,Danity Kane - Hold Me Down (Album Version),Lauryn Hill - Interlude 5,Five - That's What You Told Me,Thomas Dybdahl - U,Bessie Smith - Thinking Blues,George Ducas - Shame On Me,Thomas Dybdahl - U,Bessie Smith - Thinking Blues,George Ducas - Shame On Me,Lauryn Hill - Interlude 5,Michael Jackson - Man In The Mirror,Beastie Boys - B-Boy Bouillabaisse: A.W.O.L. (2009 Digital Remaster),Lauryn Hill - Interlude 5,Michael Jackson - Man In The Mirror,Billy Paul - Your Song,Hooverphonic - Everytime We Live Together We Die A Bit More,Keith Sweat - Give Me What I Want (LP Version),The Living End - What's On Your Radio?,Hooverphonic - Everytime We Live Together We Die A Bit More,Keith Sweat - Give Me What I Want (LP Version),Spice Girls - Ain't No Stopping Us Now
TRGJXNX128F92F8757,SOEURRQ12D02194749,ARORMBJ1241B9CDB1A,Ke$ha,TiK ToK,pop,Lauryn Hill - Interlude 5,Beastie Boys - B-Boy Bouillabaisse: A.W.O.L. (2009 Digital Remaster),Twista - I'm A Winner (Amended Album Version),Beastie Boys - B-Boy Bouillabaisse: A.W.O.L. (2009 Digital Remaster),Lauryn Hill - Interlude 5,Twista - I'm A Winner (Amended Album Version),Mobb Deep - Trife Life,Spice Girls - Ain't No Stopping Us Now,Warren G - We Brings Heat,Mobb Deep - Trife Life,Spice Girls - Ain't No Stopping Us Now,Warren G - We Brings Heat,Lauryn Hill - Interlude 5,Beastie Boys - B-Boy Bouillabaisse: A.W.O.L. (2009 Digital Remaster),Twista - I'm A Winner (Amended Album Version),Afroman - Let's All Get Drunk,Twista - I'm A Winner (Amended Album Version),Vanilla Ice - It's A Party,Banaroo - Ringa Ding Ding,Radio 4 - Party Crashers,Vanilla Ice - It's A Party,Banaroo - Ringa Ding Ding,Vanilla Ice - It's A Party,Afroman - Let's All Get Drunk
TRNQDAJ128F92F4AE0,SOQDMKM12A58A7A9B2,ARF5M7Q1187FB501E8,Maroon 5,Nothing Lasts Forever,pop,Lauryn Hill - Interlude 5,Twista - I'm A Winner (Amended Album Version),Erykah Badu - I Want You,Lauryn Hill - Interlude 5,Twista - I'm A Winner (Amended Album Version),Erykah Badu - I Want You,Useless I.D. - It's Alright,Angela Bofill - I Try,Nelly - Splurge,Useless I.D. - It's Alright,Lou Reed - So Alone,Nelly - Splurge,Lauryn Hill - Interlude 5,Beastie Boys - B-Boy Bouillabaisse: A.W.O.L. (2009 Digital Remaster),Babyface - I Love You Babe,Babyface - I Love You Babe,The Jacksons - The Hurt,Mayday Parade - I'd Hate To Be You When People Find Out What This Song Is About (Album),Babyface - I Love You Babe,The Jacksons - The Hurt,Mayday Parade - I'd Hate To Be You When People Find Out What This Song Is About (Album),Babyface - I Love You Babe,The Jacksons - The Hurt,Mayday Parade - I'd Hate To Be You When People Find Out What This Song Is About (Album)
TRHKYKI128E07921BC,SOPOYAC12D021B2BE2,ARDCFNZ1187FB3DDB0,Enrique Iglesias,Roamer,pop,Beastie Boys - B-Boy Bouillabaisse: A.W.O.L. (2009 Digital Remaster),Eminem - 8 Mile,Lauryn Hill - Interlude 5,Beastie Boys - B-Boy Bouillabaisse: A.W.O.L. (2009 Digital Remaster),Eminem - 8 Mile,Rufio - Over It (Acoustic),Us3 - It's Like That,Eminem - 8 Mile,Dead Prez - Fucked Up,Us3 - It's Like That,Eminem - 8 Mile,Dead Prez - Fucked Up,Beastie Boys - B-Boy Bouillabaisse: A.W.O.L. (2009 Digital Remaster),Eminem - 8 Mile,Murs - The Dance,Eminem - 8 Mile,Beastie Boys - B-Boy Bouillabaisse: A.W.O.L. (2009 Digital Remaster),Daft Punk - Touch It / Technologic,Martina Topley Bird - I Still Feel,JET - Let Me Out,LMFAO - I Am Not A Whore,JET - Let Me Out,Martina Topley Bird - I Still Feel,Beastie Boys - B-Boy Bouillabaisse: A.W.O.L. (2009 Digital Remaster)
TRTJYFF128F9340CA9,SOYXNXN12A8C131F3D,ARML3X41187FB35F2E,Jason Mraz,Live High (Album Version),pop,Lauryn Hill - Interlude 5,Daft Punk - Touch It / Technologic,Vanilla Ice - Ice Is Workin' It,Lauryn Hill - Interlude 5,Daft Punk - Touch It / Technologic,Vanilla Ice - Ice Is Workin' It,Blackstreet - Black & White,Jolie Holland - Mexico City,The Brian Setzer Orchestra - Let's Live It Up,Blackstreet - Black & White,Jolie Holland - Mexico City,Jamiroquai - Virtual Insanity,Beastie Boys - B-Boy Bouillabaisse: A.W.O.L. (2009 Digital Remaster),Lauryn Hill - Interlude 5,Prince - I Love U In Me ( LP Version),Kelly Price - Someday,The Corrs - Queen Of Hollywood ( LP Version ),Beastie Boys - B-Boy Bouillabaisse: A.W.O.L. (2009 Digital Remaster),Boyz II Men - Easy,Felt - Penelope Tree,Billie Holiday - Easy Living,Boyz II Men - Easy,Felt - Penelope Tree,Billie Holiday - Easy Living
TRMBGMX128F92FD769,SOREOCT12AB0184E18,ARKSZW81187B9B695D,Mariah Carey,Did I Do That?,pop,Lauryn Hill - Interlude 5,Twista - I'm A Winner (Amended Album Version),Eminem - My Darling,Lauryn Hill - Interlude 5,Twista - I'm A Winner (Amended Album Version),Erykah Badu - I Want You,Charlie Wilson - What You Do To Me,"Brand New Heavies_ The - You Are The Universe (Roger's Universal 7"" Edit)",A Tribe Called Quest - The Hop,Charlie Wilson - What You Do To Me,A Tribe Called Quest - The Hop,Kevin Devine - It's Only Your Life,Lauryn Hill - Interlude 5,Beastie Boys - B-Boy Bouillabaisse: A.W.O.L. (2009 Digital Remaster),Eric B. & Rakim - What's On Your Mind,Lauryn Hill - Interlude 5,Simply Red - So Not Over You,Eric B. & Rakim - What's On Your Mind,Simply Red - So Not Over You,Joss Stone - Killing Time,Grace Jones - Use Me,Simply Red - So Not Over You,Clipse - Freedom,Eric B. & Rakim - What's On Your Mind
TRWMZQL128F9306DCB,SOQWWOQ12AAF3B22EA,ARKSZW81187B9B695D,Mariah Carey,I'll Be There,pop,Lauryn Hill - Interlude 5,Twista - I'm A Winner (Amended Album Version),Beastie Boys - B-Boy Bouillabaisse: A.W.O.L. (2009 Digital Remaster),Lauryn Hill - Interlude 5,Twista - I'm A Winner (Amended Album Version),Erykah Badu - I Want You,RyanDan - I'll Be There,Ben Harper And The Blind Boys Of Alabama - There Will Be A Light,The Dells - It's All Up To You,RyanDan - I'll Be There,Ben Harper And The Blind Boys Of Alabama - There Will Be A Light,The Dells - It's All Up To You,RyanDan - I'll Be There,Beastie Boys - B-Boy Bouillabaisse: A.W.O.L. (2009 Digital Remaster),Lauryn Hill - Interlude 5,RyanDan - I'll Be There,Tree63 - All Over The World,Machinemade God - With You,RyanDan - I'll Be There,The Brand New Heavies - Worlds Keep Spinning,Phil Collins - You'll Be In My Heart,RyanDan - I'll Be There,The Brand New Heavies - Worlds Keep Spinning,Phil Collins - You'll Be In My Heart
TRRIZDV128F92C1F17,SOBQRXD12A8C13FB26,ARBAW9R1187B98FB6B,Natasha Bedingfield,I Think They're Thinking - Interlude,pop,Beastie Boys - B-Boy Bouillabaisse: A.W.O.L. (2009 Digital Remaster),Lauryn Hill - Interlude 5,Nelly - Splurge,Beastie Boys - B-Boy Bouillabaisse: A.W.O.L. (2009 Digital Remaster),Nelly - Splurge,Mario Vazquez - Everytime I...,The Bastard Fairies - Guns And Dolls,Whitney Houston - Thinking About You,Cherish - Oooh,The Bastard Fairies - Guns And Dolls,Whitney Houston - Thinking About You,Cherish - Oooh,Lauryn Hill - Interlude 5,Hollywood Undead - Undead,Beastie Boys - B-Boy Bouillabaisse: A.W.O.L. (2009 Digital Remaster),Cibelle - Hate,Hollywood Undead - Undead,Lauryn Hill - Interlude 5,Reel Big Fish - Your Guts (I Hate 'em) (Live),Cibelle - Hate,Bouncing Souls - Better Life,Reel Big Fish - Your Guts (I Hate 'em) (Live),Cibelle - Hate,Bouncing Souls - Better Life
TREXAZN128F425A825,SOUPUNL12A8AE48502,ARBAW9R1187B98FB6B,Natasha Bedingfield,Silent Movie,pop,Lauryn Hill - Interlude 5,Twista - I'm A Winner (Amended Album Version),Danity Kane - Hold Me Down (Album Version),Lauryn Hill - Interlude 5,Twista - I'm A Winner (Amended Album Version),Danity Kane - Hold Me Down (Album Version),Ricky Nelson - Mighty Good,Delta Goodrem - Predictable,Royksopp - You Don't Have A Clue,Ricky Nelson - Mighty Good,Delta Goodrem - Predictable,Royksopp - You Don't Have A Clue,Lauryn Hill - Interlude 5,Beastie Boys - B-Boy Bouillabaisse: A.W.O.L. (2009 Digital Remaster),Pain of Salvation - Spitfall,Lauryn Hill - Interlude 5,Beastie Boys - B-Boy Bouillabaisse: A.W.O.L. (2009 Digital Remaster),Pain of Salvation - Spitfall,Beverley Craven - Phoenix From The Fire,The Jacksons - Enjoy Yourself,Depeche Mode - Freestate,Beverley Craven - Phoenix From The Fire,The Jacksons - Enjoy Yourself,Depeche Mode - Freestate
TRFYGMB128F425A7A2,SOXDIRH12A8AE45FD5,ARBAW9R1187B98FB6B,Natasha Bedingfield,Stumble,pop,Lauryn Hill - Interlude 5,Twista - I'm A Winner (Amended Album Version),Erykah Badu - I Want You,Lauryn Hill - Interlude 5,Twista - I'm A Winner (Amended Album Version),Erykah Badu - I Want You,Chris Brown - Ain't No Way (You Won't Love Me),Clawfinger - Revenge,Anastacia - Club Megamix,Chris Brown - Ain't No Way (You Won't Love Me),Clawfinger - Revenge,Anastacia - Club Megamix,Lauryn Hill - Interlude 5,Beastie Boys - B-Boy Bouillabaisse: A.W.O.L. (2009 Digital Remaster),Hollywood Undead - Undead,Lauryn Hill - Interlude 5,Heather Headley - What's Not Being Said,Anastacia - Club Megamix,Matt Nathanson - More Than This,Heather Headley - What's Not Being Said,Westlife - More Than Words,Matt Nathanson - More Than This,Heather Headley - What's Not Being Said,Westlife - More Than Words
TRSRDVR128F92E6CF4,SOIXPFM12AF72A3189,ARDCFNZ1187FB3DDB0,Enrique Iglesias,Heroe,pop,Twista - I'm A Winner (Amended Album Version),Lauryn Hill - Interlude 5,Erykah Badu - I Want You,Twista - I'm A Winner (Amended Album Version),Lauryn Hill - Interlude 5,Erykah Badu - I Want You,Enrique Iglesias - Little Girl,Hello Saferide - Get Sick Soon,Level 42 - To Be With You Again,Enrique Iglesias - Little Girl,Hello Saferide - Get Sick Soon,Level 42 - To Be With You Again,Enrique Iglesias - Little Girl,Ja Rule - One of Us,Afroman - Let's All Get Drunk,Enrique Iglesias - Little Girl,Louise - One Kiss From Heaven,Afroman - Let's All Get Drunk,Enrique Iglesias - Little Girl,The Hurt Process - Tuesday,Blackstreet - Billie Jean,Enrique Iglesias - Little Girl,The Hurt Process - Tuesday,Blackstreet - Billie Jean
TRNHATG128F428BC8A,SOVSGRO12A8C138859,ARDCFNZ1187FB3DDB0,Enrique Iglesias,Little Girl,pop,Twista - I'm A Winner (Amended Album Version),Lauryn Hill - Interlude 5,Erykah Badu - I Want You,Twista - I'm A Winner (Amended Album Version),Lauryn Hill - Interlude 5,Erykah Badu - I Want You,Enrique Iglesias - Heroe,Hello Saferide - Get Sick Soon,Level 42 - To Be With You Again,Enrique Iglesias - Heroe,Hello Saferide - Get Sick Soon,Level 42 - To Be With You Again,Enrique Iglesias - Heroe,Ja Rule - One of Us,Afroman - Let's All Get Drunk,Enrique Iglesias - Heroe,Louise - One Kiss From Heaven,Blackstreet - Billie Jean,Enrique Iglesias - Heroe,The Hurt Process - Tuesday,Dottie West - Forever Yours,Enrique Iglesias - Heroe,The Hurt Process - Tuesday,Louise - One Kiss From Heaven
TREMCSO128F4215877,SOSVMLR12A6D4F7921,ARDCFNZ1187FB3DDB0,Enrique Iglesias,Ruleta Rusa,pop,Violadores del Verso - Dale tiempo al rumor,Johnny Prez - Te Vuelvo Loca,Tego Calderon - Al Natural (Amended Version),Violadores del Verso - Dale tiempo al rumor,Johnny Prez - Te Vuelvo Loca,Tego Calderon - Al Natural (Amended Version),Luis Miguel - La Media Vuelta,Karamelo Santo - Sacrificio,Johnny Prez - Entra,Karamelo Santo - Sacrificio,Luis Miguel - La Media Vuelta,Johnny Prez - Entra,Violadores del Verso - Cantando,Violadores del Verso - Dale tiempo al rumor,Daddy Yankee - Todos Quieren A Raymond,Violadores del Verso - Cantando,Violadores del Verso - Dale tiempo al rumor,Daddy Yankee - Todos Quieren A Raymond,Aventura - Obsesion (English Remix_ Album Version),Aventura - Mi Corazoncito,Maelo Ruiz - Me Lo Estas Poniendo Dificil,Aventura - Obsesion (English Remix_ Album Version),Aventura - Mi Corazoncito,Maelo Ruiz - Me Lo Estas Poniendo Dificil
TRMMVPU128F145EC99,SOTTMRS12A6D4F791C,ARDCFNZ1187FB3DDB0,Enrique Iglesias,Contigo,pop,Violadores del Verso - Dale tiempo al rumor,Tego Calderon - Al Natural (Amended Version),Violadores del Verso - Cantando,Violadores del Verso - Dale tiempo al rumor,Tego Calderon - Al Natural (Amended Version),Violadores del Verso - Cantando,Buena Vista Social Club - Candela,Ricardo Montaner - En el último lugar del mundo,Atahualpa Yupanqui - Milonga Del Solitario,Buena Vista Social Club - Candela,Ricardo Montaner - En el último lugar del mundo,Atahualpa Yupanqui - Milonga Del Solitario,Violadores del Verso - Dale tiempo al rumor,Violadores del Verso - Cantando,Wilfrido Vargas - El Semáforo,Violadores del Verso - Dale tiempo al rumor,Violadores del Verso - Cantando,Wilfrido Vargas - El Semáforo,Joan Manuel Serrat - Mediterraneo,Carlos Vives - 19 De Noviembre,Diego Torres - Sueños,Joan Manuel Serrat - Mediterraneo,Diego Torres - Sueños,Carlos Vives - 19 De Noviembre
TRFKPYW128F92F21C5,SOJHZAT12D02198B73,AR6PJ8R1187FB5AD70,Shakira,Años Luz,pop,Violadores del Verso - Dale tiempo al rumor,Violadores del Verso - Cantando,Los Van Van - El Negro Está Cocinando,Violadores del Verso - Dale tiempo al rumor,Violadores del Verso - Cantando,Los Van Van - El Negro Está Cocinando,Aventura - Obsesion (English Remix_ Album Version),Ana Gabriel - Clemencia,La 5A Estacion - Algo Mas,Aventura - Obsesion (English Remix_ Album Version),Ana Gabriel - Clemencia,La 5A Estacion - Algo Mas,Violadores del Verso - Cantando,Violadores del Verso - Dale tiempo al rumor,Daddy Yankee - Todos Quieren A Raymond,Violadores del Verso - Cantando,Violadores del Verso - Dale tiempo al rumor,Daddy Yankee - Todos Quieren A Raymond,Bebe - La Coqueta,Juan Carlos Baglietto - Mirta_ De Regreso,Victor Manuelle - Hazme Sentir,Bebe - La Coqueta,Juan Carlos Baglietto - Mirta_ De Regreso,Victor Manuelle - Hazme Sentir
TRCUKHR128F92DF656,SOCWCZN12A8C14388F,ARQ32IT1187FB589D3,Sara Bareilles,Love Song,pop,Lauryn Hill - Interlude 5,Twista - I'm A Winner (Amended Album Version),Eminem - My Darling,Lauryn Hill - Interlude 5,Twista - I'm A Winner (Amended Album Version),Erykah Badu - I Want You,Chris Brown - Ain't No Way (You Won't Love Me),Clawfinger - Revenge,Jeff Timmons - Can't You See,Chris Brown - Ain't No Way (You Won't Love Me),Clawfinger - Revenge,Mutya Buena - Not Your Baby,Lauryn Hill - Interlude 5,Beastie Boys - B-Boy Bouillabaisse: A.W.O.L. (2009 Digital Remaster),Billy Paul - Your Song,Billy Paul - Your Song,Michael Jackson - Man In The Mirror,Twista - I'm A Winner (Amended Album Version),Hazel O'Connor - Calls The Tune,Joe Henry - I Will Write My Book,Van Morrison - Rolling Hills,Joe Henry - I Will Write My Book,Hazel O'Connor - Calls The Tune,Guttermouth - Vacation
TRDLWAP128F428F6B9,SORXKZB12AF72A1F72,AR0S7TA1187FB4D024,Christina Aguilera,Candyman,pop,Lauryn Hill - Interlude 5,Beastie Boys - B-Boy Bouillabaisse: A.W.O.L. (2009 Digital Remaster),Ja Rule - One of Us,Lauryn Hill - Interlude 5,Ja Rule - One of Us,Beastie Boys - B-Boy Bouillabaisse: A.W.O.L. (2009 Digital Remaster),Binary Star - Wolfman Jack,Bellamy Brothers - Old Hippie,Bad Religion - Automatic Man (Album Version),Binary Star - Wolfman Jack,Bellamy Brothers - Old Hippie,Bad Religion - Automatic Man (Album Version),KMD - Plumskinzz (Loose Hoe_ God & Cupid),The Chi-Lites - Have You Seen Her,Beastie Boys - B-Boy Bouillabaisse: A.W.O.L. (2009 Digital Remaster),The Chi-Lites - Have You Seen Her,KMD - Plumskinzz (Loose Hoe_ God & Cupid),Aretha Franklin - Jump To It,Zapp & Roger - Computer Love,Aaron Neville - Such A Night,KMD - Plumskinzz (Loose Hoe_ God & Cupid),KMD - Plumskinzz (Loose Hoe_ God & Cupid),Zapp & Roger - Computer Love,Aaron Neville - Such A Night
TRPEWXU12903CE6EA2,SONLEKN12AC9618818,ARVOZXD12454A4CC66,Selena Gomez & The Scene,Tell Me Something I Don't Know,pop,Lauryn Hill - Interlude 5,R. Kelly - I Mean (I Don't Mean It),Beastie Boys - B-Boy Bouillabaisse: A.W.O.L. (2009 Digital Remaster),Lauryn Hill - Interlude 5,R. Kelly - I Mean (I Don't Mean It),Nelly - Splurge,Faithless - Salva Mea,Willie Nelson - All Of Me,Nancy Sinatra - Flowers On The Wall,Faithless - Salva Mea,Willie Nelson - All Of Me,Nancy Sinatra - Flowers On The Wall,Lauryn Hill - Interlude 5,Eminem - 8 Mile,Alicia Keys - Tell You Something (Nana's Reprise),Lauryn Hill - Interlude 5,Alicia Keys - Tell You Something (Nana's Reprise),Thalia - Alguien Real (Baby_ I'm In Love),João Gilberto - You Do Something To Me,Brownstone - Kiss And Tell,Elastica - Stutter,Shannon McNally - Miracle Mile,Brownstone - Kiss And Tell,Elastica - Stutter
TRAYJOF128F92F9EEA,SOAYXCJ12AB0183822,ARJGIOD1187B9AE920,Kelly Clarkson,Cry,pop,Lauryn Hill - Interlude 5,Twista - I'm A Winner (Amended Album Version),Beastie Boys - B-Boy Bouillabaisse: A.W.O.L. (2009 Digital Remaster),Lauryn Hill - Interlude 5,Twista - I'm A Winner (Amended Album Version),Erykah Badu - I Want You,Mario Vazquez - Everytime I...,Corinne Bailey Rae - I'd Like To,Less Than Jake - I Think I Love You,Mario Vazquez - Everytime I...,Corinne Bailey Rae - I'd Like To,Bouncing Souls_ The - Pervert,Lauryn Hill - Interlude 5,Eminem - My Darling,Eminem - 8 Mile,Eminem - My Darling,Lauryn Hill - Interlude 5,Sia - Lentil (Live),Sia - Lentil (Live),Tony Bennett - Don't Cry Baby,The Decemberists - I Was Meant For the Stage,Sia - Lentil (Live),Fantasia - Bump What Your Friends Say,Atmosphere - Happymess
TRARKBB128F92E9468,SORUPLB12A8C14211F,ARFWL8S1187B9B4B44,Céline Dion,Zora sourit,pop,Lauryn Hill - Interlude 5,Twiztid - She Ain't Afraid,Sniper - Panam All Star,Lauryn Hill - Interlude 5,Fonky Family - L'Amour Du Risque,Sniper - Panam All Star,Jacques Dutronc - Laquelle Des Deux Est La Plus Snob,Miss Kittin - 3ème Sexe,Raine Maida - Earthless,Miss Kittin - 3ème Sexe,Jacques Dutronc - Laquelle Des Deux Est La Plus Snob,Raine Maida - Earthless,Sniper - Panam All Star,Fonky Family - L'Amour Du Risque,Fonky Family - Sans Rémission,Sniper - Panam All Star,Fonky Family - L'Amour Du Risque,Fonky Family - Sans Rémission,Miss Kittin - 3ème Sexe,Jacques Dutronc - Laquelle Des Deux Est La Plus Snob,Jacques Brel - Au Printemps,Miss Kittin - 3ème Sexe,Jacques Dutronc - Laquelle Des Deux Est La Plus Snob,Dominique A - Le Commerce De L'eau
TRFBXJZ128F92D25C0,SOZGQFY12A8C140D8B,ARUFTTR1187FB3A4B0,Newsboys,Dance,pop,Lauryn Hill - Interlude 5,Beastie Boys - B-Boy Bouillabaisse: A.W.O.L. (2009 Digital Remaster),Twista - I'm A Winner (Amended Album Version),Lauryn Hill - Interlude 5,Twista - I'm A Winner (Amended Album Version),Beastie Boys - B-Boy Bouillabaisse: A.W.O.L. (2009 Digital Remaster),Pete Rock & C.L. Smooth - Act Like You Know (LP Version),Bahamadia - WordPlay,Dilated Peoples - Ruggedness,Pete Rock & C.L. Smooth - Act Like You Know (LP Version),Bahamadia - WordPlay,Dilated Peoples - Ruggedness,Lauryn Hill - Interlude 5,Eminem - My Darling,Beastie Boys - B-Boy Bouillabaisse: A.W.O.L. (2009 Digital Remaster),Martin Jondo - Hold You,The Manhattan Transfer - Goodnight,Eric B. & Rakim - I Know You Got Soul,UnsraW - -9-,Martin Jondo - Hold You,The Planet Smashers - Police The Nation,Martin Jondo - Hold You,Supreme Majesty - Heroes Of Our Land,W.A.S.P. - Mercy
TRICXDK128F92CBC3C,SOXWHWP12A8C1440F8,ARFWL8S1187B9B4B44,Céline Dion,Partout Je Vois,pop,Lauryn Hill - Interlude 5,Twista - I'm A Winner (Amended Album Version),Beastie Boys - B-Boy Bouillabaisse: A.W.O.L. (2009 Digital Remaster),Twista - I'm A Winner (Amended Album Version),Lauryn Hill - Interlude 5,Erykah Badu - I Want You,Ledisi - Best Friend,Angie Stone - Snowflakes,Next - I Still Love You,Ledisi - Best Friend,Angie Stone - Snowflakes,Dixie Chicks - Mississippi,Fonky Family - Sans Rémission,Sniper - Panam All Star,Tryo - Yakamonéyé,Fonky Family - Sans Rémission,Tryo - Yakamonéyé,Sniper - Panam All Star,Amandine Bourgeois - L'Homme De La Situation,Pascal Obispo - Assassine,Katerine - Titanic,Amandine Bourgeois - L'Homme De La Situation,Pascal Obispo - Assassine,Katerine - Titanic
TRZNHJN128F4293FC2,SOVODWN12D02199268,ARJGIOD1187B9AE920,Kelly Clarkson,Anytime,pop,Lauryn Hill - Interlude 5,Twista - I'm A Winner (Amended Album Version),Eminem - My Darling,Lauryn Hill - Interlude 5,Twista - I'm A Winner (Amended Album Version),Erykah Badu - I Want You,Thalia - Alguien Real (Baby_ I'm In Love),Alice Smith - Dream,Anastacia - Club Megamix,Thalia - Alguien Real (Baby_ I'm In Love),Anastacia - Club Megamix,Alice Smith - Dream,Lauryn Hill - Interlude 5,Danity Kane - Hold Me Down (Album Version),Twiztid - She Ain't Afraid,Danity Kane - Hold Me Down (Album Version),Thalia - Alguien Real (Baby_ I'm In Love),Barry White - Never Gonna Give You Up,Percy Sledge - Baby Help Me,Robin Thicke - Dreamworld,Charlie Wilson - What You Do To Me,Robin Thicke - Dreamworld,Charlie Wilson - What You Do To Me,Thalia - Alguien Real (Baby_ I'm In Love)
TRPKKZG128F92E495A,SOODGZY12A8C141F44,ARQEBGJ122E6447D2B,Edward Sharpe & The Magnetic Zeros,Simplest Love,pop,Stevie Wonder - All Day Sucker,Brick & Lace - Love Is Wicked,Dilated Peoples - Love And War,Stevie Wonder - All Day Sucker,Brick & Lace - Love Is Wicked,Dilated Peoples - Love And War,Manhattan Transfer - Love For Sale (LP Version),Ryan Adams - My Love For You Is Real,Caetano Veloso - Love For Sale,Manhattan Transfer - Love For Sale (LP Version),Ryan Adams - My Love For You Is Real,Caetano Veloso - Love For Sale,Billy Paul - Your Song,Atmosphere - Hair,Beastie Boys - B-Boy Bouillabaisse: A.W.O.L. (2009 Digital Remaster),Doyle Bramhall II & Smokestack - Green Light Girl,The Detroit Cobras - Green Light,Billy Paul - Your Song,Doyle Bramhall II & Smokestack - Green Light Girl,Leonard Cohen - Leaving Green Sleeves,Jenny Lewis - Sing A Song,Doyle Bramhall II & Smokestack - Green Light Girl,Leonard Cohen - Leaving Green Sleeves,Jenny Lewis - Sing A Song
TRVPPSC128F92EC9C2,SORRVTP12A8C13FFAF,ARQ2I6K1187FB59949,Colbie Caillat,Midnight Bottle,pop,Lauryn Hill - Interlude 5,Twista - I'm A Winner (Amended Album Version),Beastie Boys - B-Boy Bouillabaisse: A.W.O.L. (2009 Digital Remaster),Lauryn Hill - Interlude 5,Twista - I'm A Winner (Amended Album Version),Beastie Boys - B-Boy Bouillabaisse: A.W.O.L. (2009 Digital Remaster),Dina Carroll - Don't Be A Stranger,In Flames - Only For The Weak,Alicia Keys - Try Sleeping With A Broken Heart,Dina Carroll - Don't Be A Stranger,Onyx - Feel Me,In Flames - Only For The Weak,Lauryn Hill - Interlude 5,Afroman - Let's All Get Drunk,Beastie Boys - B-Boy Bouillabaisse: A.W.O.L. (2009 Digital Remaster),Afroman - Let's All Get Drunk,R. Kelly - Don't You Say No,American Steel - Emergency House Party,George Jones - Drive Me To Drink,American Steel - Emergency House Party,The Flying Burrito Brothers - Tonight The Bottle Let Me Down,George Jones - Drive Me To Drink,The Flying Burrito Brothers - Tonight The Bottle Let Me Down,American Steel - Emergency House Party
TRCJADX128F428D3E0,SOKPSGM12A8C1381DE,AR03BDP1187FB5B324,Britney Spears,Let Me Be,pop,Lauryn Hill - Interlude 5,Twista - I'm A Winner (Amended Album Version),Beastie Boys - B-Boy Bouillabaisse: A.W.O.L. (2009 Digital Remaster),Lauryn Hill - Interlude 5,Erykah Badu - I Want You,Twista - I'm A Winner (Amended Album Version),Alison Krauss / Union Station - Baby Now That I've Found You,Anastacia - Club Megamix,Toni Braxton - Love Affair,Alison Krauss / Union Station - Baby Now That I've Found You,Anastacia - Club Megamix,Toni Braxton - Love Affair,Eminem - 8 Mile,Lauryn Hill - Interlude 5,Beastie Boys - B-Boy Bouillabaisse: A.W.O.L. (2009 Digital Remaster),Eminem - 8 Mile,Whitney Houston - Thinking About You,Chrisette Michele - All I Ever Think About,Aaron Neville - Ain't No Way,Jonny Lang - Bump In The Road,Chris Brown - Ain't No Way (You Won't Love Me),Aaron Neville - Ain't No Way,Jonny Lang - Bump In The Road,Chris Brown - Ain't No Way (You Won't Love Me)
TRKJKJV128F425E247,SOEMDUJ12A8AE460E2,ARW9FP41187B98C2A7,Annie Lennox,Big Sky,pop,Lauryn Hill - Interlude 5,Twista - I'm A Winner (Amended Album Version),Beastie Boys - B-Boy Bouillabaisse: A.W.O.L. (2009 Digital Remaster),Lauryn Hill - Interlude 5,Twista - I'm A Winner (Amended Album Version),Beastie Boys - B-Boy Bouillabaisse: A.W.O.L. (2009 Digital Remaster),Fat Joe - Preacher On A Sunday Morning,the bird and the bee - Witch,Angie Stone - Snowflakes,Fat Joe - Preacher On A Sunday Morning,the bird and the bee - Witch,Angie Stone - Snowflakes,Lauryn Hill - Interlude 5,Beastie Boys - B-Boy Bouillabaisse: A.W.O.L. (2009 Digital Remaster),Olivia Newton-John - Don't Stop Believin',Olivia Newton-John - Don't Stop Believin',N-Dubz - Shoulda Put Something On,Lauryn Hill - Interlude 5,Venus Hum - Alice,Paul Potts - La Prima Volta (First Time Ever I Saw Your Face),System of a Down - Peephole,Venus Hum - Alice,Paul Potts - La Prima Volta (First Time Ever I Saw Your Face),Nothingface - Incarnadine
TRXMQNH128F4287D61,SOSHPHO12A58A7D1F5,AR30R5E1187B9AD78A,Whitney Houston,Thinking About You,pop,Lauryn Hill - Interlude 5,Twista - I'm A Winner (Amended Album Version),Erykah Badu - I Want You,Lauryn Hill - Interlude 5,Twista - I'm A Winner (Amended Album Version),Erykah Badu - I Want You,Less Than Jake - I Think I Love You,Cherish - Oooh,Chrisette Michele - All I Ever Think About,Less Than Jake - I Think I Love You,Cherish - Oooh,Chrisette Michele - All I Ever Think About,Mos Def - The Easy Spell,Kurupt - It Ain't About You,Beastie Boys - B-Boy Bouillabaisse: A.W.O.L. (2009 Digital Remaster),Mos Def - The Easy Spell,TLC - Shock Dat Monkey,Brick & Lace - Love Is Wicked,Rory Gallagher - Out On The Western Plain,T.Rex - London Boys,Nirvana - Something In The Way,Rory Gallagher - Out On The Western Plain,T.Rex - London Boys,Buckcherry - Borderline
TRXXPYK128F14805B7,SOYLXQZ12A6D4F99CA,AR9W3X91187FB3994C,Phil Collins,A Groovy Kind Of Love (Live),pop,Lauryn Hill - Interlude 5,Twista - I'm A Winner (Amended Album Version),Erykah Badu - I Want You,Lauryn Hill - Interlude 5,Twista - I'm A Winner (Amended Album Version),Erykah Badu - I Want You,Amel Larrieux - Sweet Misery,Hello Saferide - Get Sick Soon,Anastacia - Club Megamix,Amel Larrieux - Sweet Misery,Hello Saferide - Get Sick Soon,Anastacia - Club Megamix,Michael Jackson - Man In The Mirror,Anastacia - Club Megamix,Lauryn Hill - Interlude 5,Michael Jackson - Man In The Mirror,Barry Manilow - Some Kind Of Friend,UB40 - Red Red Wine (Edit),RODNEY CROWELL - What Kind Of Love,Barry Manilow - Some Kind Of Friend,Toni Braxton - Love Affair,RODNEY CROWELL - What Kind Of Love,Barry Manilow - Some Kind Of Friend,Toni Braxton - Love Affair
TRGQFUZ128F92ED646,SORBUNE12AB017CDD2,AR65K7A1187FB4DAA4,Beyoncé,That's Why You're Beautiful,pop,Lauryn Hill - Interlude 5,Michael Jackson - Man In The Mirror,Beastie Boys - B-Boy Bouillabaisse: A.W.O.L. (2009 Digital Remaster),Lauryn Hill - Interlude 5,Michael Jackson - Man In The Mirror,Beastie Boys - B-Boy Bouillabaisse: A.W.O.L. (2009 Digital Remaster),Selena - Tu Eres,Michael Bublé - That's All (Album Version),CSS - Beautiful Song,Selena - Tu Eres,Michael Bublé - That's All (Album Version),CSS - Beautiful Song,Lauryn Hill - Interlude 5,Michael Jackson - Man In The Mirror,Eminem - My Darling,Ruben Studdard - Make Ya Feel Beautiful,Willard Grant Conspiracy - The Pugilist,Haste The Day - Chorus Of Angels,Willard Grant Conspiracy - The Pugilist,Paul Potts - Cavatina,Bruce Hornsby - Big Swing Face,Willard Grant Conspiracy - The Pugilist,Paul Potts - Cavatina,Bruce Hornsby - Big Swing Face
TRPAJJF128F428D18A,SOIHYXH12D0219A26C,AR30R5E1187B9AD78A,Whitney Houston,Step By Step,pop,Young Jeezy - By The Way,Lauryn Hill - Interlude 5,Beastie Boys - B-Boy Bouillabaisse: A.W.O.L. (2009 Digital Remaster),Young Jeezy - By The Way,Lauryn Hill - Interlude 5,Beastie Boys - B-Boy Bouillabaisse: A.W.O.L. (2009 Digital Remaster),Young Jeezy - By The Way,Tom Waits - Flash Pan Hunter/Intro,Patty Griffin - Every Little Bit,Young Jeezy - By The Way,Patty Griffin - Every Little Bit,Tom Waits - Flash Pan Hunter/Intro,Eminem - 8 Mile,Organized Konfusion - Soundman,Vanilla Ice - Ice Is Workin' It,Lykke Li - Little Bit [CSS Remix],Aretha Franklin - It's Your Thing,Johnny Winter - Stone County,Johnny Winter - Stone County,Lykke Li - Little Bit [CSS Remix],Aretha Franklin - It's Your Thing,Johnny Winter - Stone County,Lykke Li - Little Bit [CSS Remix],Aretha Franklin - It's Your Thing
TRLPDIB128F42289CC,SOOVOWN12A8AE46AA6,AR03BDP1187FB5B324,Britney Spears,Piece Of Me (Main Version),pop,Lauryn Hill - Interlude 5,Twista - I'm A Winner (Amended Album Version),Danity Kane - Hold Me Down (Album Version),Lauryn Hill - Interlude 5,Twista - I'm A Winner (Amended Album Version),Danity Kane - Hold Me Down (Album Version),The Falcon - The Angry Cry Of The Angry Pie,Voxtrot - Kid Gloves,TO/DIE/FOR - Dying Embers,The Falcon - The Angry Cry Of The Angry Pie,Voxtrot - Kid Gloves,TO/DIE/FOR - Dying Embers,DMX - Bring Your Whole Crew,Twista - Overdose (Album Version),Louis Logic - Mischievous,Recoil - Missing Piece,DMX - Bring Your Whole Crew,Enrique Iglesias - Miss You,Recoil - Missing Piece,The Falcon - The Angry Cry Of The Angry Pie,Johnny Winter - Miss Ann,Recoil - Missing Piece,The Falcon - The Angry Cry Of The Angry Pie,Demi Lovato - This Is Me (Acoustic Full Version)
TRJTTMZ128F930924B,SOLDVYF12AB017D892,AR03BDP1187FB5B324,Britney Spears,Can't Make You Love Me,pop,Lauryn Hill - Interlude 5,Twista - I'm A Winner (Amended Album Version),Beastie Boys - B-Boy Bouillabaisse: A.W.O.L. (2009 Digital Remaster),Lauryn Hill - Interlude 5,Twista - I'm A Winner (Amended Album Version),Erykah Badu - I Want You,Anastacia - Club Megamix,Bay City Rollers - Where Will I Be Now,Jonny Lang - Breakin Me,Anastacia - Club Megamix,Bay City Rollers - Where Will I Be Now,Jonny Lang - Breakin Me,Lauryn Hill - Interlude 5,Beastie Boys - B-Boy Bouillabaisse: A.W.O.L. (2009 Digital Remaster),Monica - Hurts The Most,Monica - Hurts The Most,N-Dubz - Don't Get Nine,Aqua - Happy Boys & Girls,Mel & Kim - System,The Dells - It's All Up To You,SR-71 - Politically Correct,Mel & Kim - System,The Dells - It's All Up To You,SR-71 - Politically Correct
TRKGGHK128F42999EF,SOQBVLW12A8C13B29C,AR03BDP1187FB5B324,Britney Spears,Girl In The Mirror,pop,Lauryn Hill - Interlude 5,Beastie Boys - B-Boy Bouillabaisse: A.W.O.L. (2009 Digital Remaster),Twista - I'm A Winner (Amended Album Version),Lauryn Hill - Interlude 5,Beastie Boys - B-Boy Bouillabaisse: A.W.O.L. (2009 Digital Remaster),Twista - I'm A Winner (Amended Album Version),John Denver - El Paso,Corinne Bailey Rae - Emeraldine,Snoop Dogg - Snoopafella (Edited),John Denver - El Paso,Snoop Dogg - Snoopafella (Edited),Corinne Bailey Rae - Emeraldine,Lauryn Hill - Interlude 5,Twiztid - She Ain't Afraid,Eminem - 8 Mile,Just Jack - 253,Chris Brown - Damage,Twiztid - She Ain't Afraid,Modern Lovers - Someone i care about,The Stranglers - Baroque Bordello,Blacklisted - Wish,Modern Lovers - Someone i care about,Chris Brown - Damage,Just Jack - 253
TRLTYLK128F92FE6FF,SOWVIEO12AB0182D10,AR03BDP1187FB5B324,Britney Spears,Radar,pop,Lauryn Hill - Interlude 5,Twista - I'm A Winner (Amended Album Version),Beastie Boys - B-Boy Bouillabaisse: A.W.O.L. (2009 Digital Remaster),Lauryn Hill - Interlude 5,Twista - I'm A Winner (Amended Album Version),Beastie Boys - B-Boy Bouillabaisse: A.W.O.L. (2009 Digital Remaster),Twista - Get It How You Live  (Explicit Chopped & Screwed Version),Brother Firetribe - Lover Tonite,Fat Joe - Preacher On A Sunday Morning,Twista - Get It How You Live  (Explicit Chopped & Screwed Version),Brother Firetribe - Lover Tonite,Fat Joe - Preacher On A Sunday Morning,Beastie Boys - B-Boy Bouillabaisse: A.W.O.L. (2009 Digital Remaster),Lauryn Hill - Interlude 5,Murs - The Dance,Beastie Boys - B-Boy Bouillabaisse: A.W.O.L. (2009 Digital Remaster),Beastie Boys - So What'Cha Want (Butt Naked Version) (Explicit) (2009 Digital Remaster),The Emotions - I Don't Wanna Lose Your Love,Beastie Boys - So What'Cha Want (Butt Naked Version) (Explicit) (2009 Digital Remaster),The Emotions - I Don't Wanna Lose Your Love,Suicidal Tendencies - Possessed To Skate,Beastie Boys - So What'Cha Want (Butt Naked Version) (Explicit) (2009 Digital Remaster),The Emotions - I Don't Wanna Lose Your Love,MIMS - Move (If You Wanna)
TRNEGIP128F4296261,SOGQSNV12A8C139B54,AR03BDP1187FB5B324,Britney Spears,When Your Eyes Say It,pop,Lauryn Hill - Interlude 5,Twista - I'm A Winner (Amended Album Version),Beastie Boys - B-Boy Bouillabaisse: A.W.O.L. (2009 Digital Remaster),Lauryn Hill - Interlude 5,Twista - I'm A Winner (Amended Album Version),Vanilla Ice - Ice Is Workin' It,R. Kelly - Kickin' It With Your Girlfriend,Sara Gazarek - Yours (Live),Bananarama - Lovebite,R. Kelly - Kickin' It With Your Girlfriend,Sara Gazarek - Yours (Live),Bananarama - Lovebite,Lauryn Hill - Interlude 5,Beastie Boys - B-Boy Bouillabaisse: A.W.O.L. (2009 Digital Remaster),Matisyahu - Close My Eyes,En Vogue - Love Don't Love You (LP Version),Hayley Westenra - My Heart Belongs To You,Eric Carmen - Make Me Lose Control,Visage - Whispers,Sharon Jones & The Dap-Kings - Tell Me,Midtown - Is It Me? Is It True?,Visage - Whispers,Sharon Jones & The Dap-Kings - Tell Me,En Vogue - Love Don't Love You (LP Version)
TRUWOUE128F14867BF,SOAEEWF12A6D4FAD71,AR6LZB61187B9AF431,Depeche Mode,Precious (Live In Milan),pop,Lauryn Hill - Interlude 5,Beastie Boys - B-Boy Bouillabaisse: A.W.O.L. (2009 Digital Remaster),Twista - I'm A Winner (Amended Album Version),Lauryn Hill - Interlude 5,Twista - I'm A Winner (Amended Album Version),Beastie Boys - B-Boy Bouillabaisse: A.W.O.L. (2009 Digital Remaster),Maxwell - NoOne,Devo - Soft Things,Hieroglyphics - You Never Knew,Maxwell - NoOne,Hieroglyphics - You Never Knew,Dixie Chicks - Mississippi,Lauryn Hill - Interlude 5,Savatage - The Hourglass,Ja Rule - One of Us,Lauryn Hill - Interlude 5,Ja Rule - One of Us,Maxwell - NoOne,Maxwell - NoOne,Seventh Day Slumber - Broken Buildings,Heideroosjes - If Trust Is Broken...,Maxwell - NoOne,Seventh Day Slumber - Broken Buildings,Heideroosjes - If Trust Is Broken...
TRFJKWU12903CC37B1,SOLXVSH12AB018BE14,AR5K3CW1187FB45B46,Crystal Castles,Insectica,punk,Twista - I'm A Winner (Amended Album Version),Lauryn Hill - Interlude 5,Eminem - My Darling,Twista - I'm A Winner (Amended Album Version),Eminem - My Darling,Lauryn Hill - Interlude 5,Hanne Hukkelberg - Displaced,Chanté Moore - When It Comes To Me,Jonny Lang - Breakin Me,Hanne Hukkelberg - Displaced,Jonny Lang - Breakin Me,Chanté Moore - When It Comes To Me,Beastie Boys - B-Boy Bouillabaisse: A.W.O.L. (2009 Digital Remaster),Snow Patrol - The Lightning Strike,Company Flow - The Fire In Which You Burn (feat. J-Treds & The Brewin From The Juggaknots),Snow Patrol - The Lightning Strike,Common - Soul Power,Akon - Birthmark,Hanne Hukkelberg - Displaced,Diecast - Disrepair,Darude - Feel The Beat,Hanne Hukkelberg - Displaced,Diecast - Disrepair,Analogue Brain - There Must Be More
TRVEUUV128F428AB29,SOEFPNV12A8C13A346,ARACDPV1187FB58DF4,Motion City Soundtrack,Cambridge (Album Version),punk,Lauryn Hill - Interlude 5,Beastie Boys - B-Boy Bouillabaisse: A.W.O.L. (2009 Digital Remaster),The Pharcyde - Otha Fish,Lauryn Hill - Interlude 5,Beastie Boys - B-Boy Bouillabaisse: A.W.O.L. (2009 Digital Remaster),The Pharcyde - Otha Fish,The Fray - Over My Head (Cable Car),Gorillaz - Rhinestone Eyes,Vendetta Red - Opiate Summer,The Fray - Over My Head (Cable Car),Gorillaz - Rhinestone Eyes,Dead Can Dance - I Am Stretched On Your Grave (Live Remastered),Binary Star - Masters Of The Universe,Beastie Boys - B-Boy Bouillabaisse: A.W.O.L. (2009 Digital Remaster),Lauryn Hill - Interlude 5,India.Arie - In My Head,Macy Gray - Relating To A Psychopath,Binary Star - Masters Of The Universe,Opeth - The Moor,Beth Orton - Daybreaker (Roots Manuva Remix),Macy Gray - Relating To A Psychopath,Opeth - The Moor,Beth Orton - Daybreaker (Roots Manuva Remix),Macy Gray - Relating To A Psychopath
TRMZJSE12903D00E60,SOZGAOO12AB017EBA2,ARACDPV1187FB58DF4,Motion City Soundtrack,Disappear,punk,Twista - I'm A Winner (Amended Album Version),Lauryn Hill - Interlude 5,Erykah Badu - I Want You,Twista - I'm A Winner (Amended Album Version),Lauryn Hill - Interlude 5,Erykah Badu - I Want You,Clawfinger - Revenge,Zombie Girl - I Want It,Next - I Still Love You,Clawfinger - Revenge,Zombie Girl - I Want It,Next - I Still Love You,Lauryn Hill - Interlude 5,Murs - The Dance,Company Flow - The Fire In Which You Burn (feat. J-Treds & The Brewin From The Juggaknots),Hayley Westenra - My Heart Belongs To You,Cat Stevens - The Joke,Lori McKenna - Swallows Me Whole,Lori McKenna - Swallows Me Whole,Missing Persons - Destination Unknown,Merle Haggard - Love Me Tender,Lori McKenna - Swallows Me Whole,Missing Persons - Destination Unknown,Hayley Westenra - My Heart Belongs To You
TRIGZIY128F42348C1,SOWMAZE12A58A79390,ARACDPV1187FB58DF4,Motion City Soundtrack,Fell in Love Without You (Cd),punk,Lauryn Hill - Interlude 5,Beastie Boys - B-Boy Bouillabaisse: A.W.O.L. (2009 Digital Remaster),The Pharcyde - Otha Fish,Lauryn Hill - Interlude 5,The Pharcyde - Otha Fish,Beastie Boys - B-Boy Bouillabaisse: A.W.O.L. (2009 Digital Remaster),Level 42 - Lessons In Love,Strung Out - Dead Spaces,Frank Sinatra - In The Blue Of The Evening,Level 42 - Lessons In Love,Strung Out - Dead Spaces,Frank Sinatra - In The Blue Of The Evening,Beastie Boys - B-Boy Bouillabaisse: A.W.O.L. (2009 Digital Remaster),Binary Star - Indy 500,Ms. Dynamite - Back Then,Ms. Dynamite - Back Then,Alexisonfire - We Are the End,Mayday Parade - One Man Drinking Games,Dean Martin - Memories Are Made Of This,Edith Piaf - Dont Cry,Ms. Dynamite - Back Then,Dean Martin - Memories Are Made Of This,Edith Piaf - Dont Cry,Ms. Dynamite - Back Then
TRZGUYI128F42368DF,SOGAERS12A58A7F67D,ARACDPV1187FB58DF4,Motion City Soundtrack,Point Of Extinction (Cd),punk,Lauryn Hill - Interlude 5,Twista - I'm A Winner (Amended Album Version),Beastie Boys - B-Boy Bouillabaisse: A.W.O.L. (2009 Digital Remaster),Lauryn Hill - Interlude 5,Twista - I'm A Winner (Amended Album Version),Beastie Boys - B-Boy Bouillabaisse: A.W.O.L. (2009 Digital Remaster),Blues Traveler - Hook,Eminem - Rabbit Run,Kenickie - I Never Complain,Eminem - Rabbit Run,Blues Traveler - Hook,Elvis Costello - Puck Two,Lauryn Hill - Interlude 5,Eminem - If I Had,N-Dubz - Work Work,Eminem - If I Had,Ziggy Marley And The Melody Makers - We Propose,N-Dubz - Work Work,Shamen - Lightspan,Ziggy Marley And The Melody Makers - We Propose,Skip James - I'm So Glad,Shamen - Lightspan,Ziggy Marley And The Melody Makers - We Propose,Eminem - If I Had
TRJQRJO12903D00E65,SOBMDGH12AC3DF9D80,ARACDPV1187FB58DF4,Motion City Soundtrack,Stand Too Close,punk,Lauryn Hill - Interlude 5,Twista - I'm A Winner (Amended Album Version),Beastie Boys - B-Boy Bouillabaisse: A.W.O.L. (2009 Digital Remaster),Lauryn Hill - Interlude 5,Twista - I'm A Winner (Amended Album Version),Erykah Badu - I Want You,Elin Sigvardsson - If I,Heavenly - Tool,Brian McKnight - The Biggest Part Of Me,Elin Sigvardsson - If I,Heavenly - Tool,David Allan Coe - Just To Prove My Love For You,Binary Star - Indy 500,Lauryn Hill - Interlude 5,Beastie Boys - B-Boy Bouillabaisse: A.W.O.L. (2009 Digital Remaster),Binary Star - Indy 500,Stevie Wonder - Overjoyed,Eminem - Rabbit Run,Stevie Wonder - Overjoyed,Death From Above 1979 - Too Much Love,MU330 - You Win Again,Stevie Wonder - Overjoyed,Binary Star - Indy 500,Death From Above 1979 - Too Much Love
TRQMNKZ12903D00E5B,SOSEINE12AC3DF608E,ARACDPV1187FB58DF4,Motion City Soundtrack,Worker Bee,punk,Beastie Boys - B-Boy Bouillabaisse: A.W.O.L. (2009 Digital Remaster),Eminem - 8 Mile,Lauryn Hill - Interlude 5,Beastie Boys - B-Boy Bouillabaisse: A.W.O.L. (2009 Digital Remaster),Eminem - 8 Mile,R. Kelly - I Mean (I Don't Mean It),Common - Book Of Life,Ella Fitzgerald - I Got It Bad (and That Ain't Good),Mac Lethal - Rotten Apple Pie,Common - Book Of Life,Mac Lethal - Rotten Apple Pie,The Pharcyde - Pack The Pipe,Beastie Boys - B-Boy Bouillabaisse: A.W.O.L. (2009 Digital Remaster),Binary Star - Indy 500,Pain of Salvation - Spitfall,Beastie Boys - B-Boy Bouillabaisse: A.W.O.L. (2009 Digital Remaster),Tori Amos - Winter,Binary Star - Indy 500,Tori Amos - Winter,Kim Richey - Good Day Here,Spandau Ballet - Gold,Tori Amos - Winter,Kim Richey - Good Day Here,Spandau Ballet - Gold
TRMZSJY128F4255BE9,SOGKVVX12A81C224D1,ARNBMT71187B993523,Interpol,Mind Over Time,punk,Lauryn Hill - Interlude 5,Beastie Boys - B-Boy Bouillabaisse: A.W.O.L. (2009 Digital Remaster),Rufio - Over It (Acoustic),Lauryn Hill - Interlude 5,Beastie Boys - B-Boy Bouillabaisse: A.W.O.L. (2009 Digital Remaster),Rufio - Over It (Acoustic),The Associates - Logan Time,Demolition Hammer - Mindrot,The Box Tops - Happy Times,The Associates - Logan Time,Demolition Hammer - Mindrot,The Box Tops - Happy Times,Beastie Boys - B-Boy Bouillabaisse: A.W.O.L. (2009 Digital Remaster),Tree63 - All Over The World,Twista - Overdose (Album Version),Tree63 - All Over The World,P.M. Dawn - Plastic,The Fray - Over My Head (Cable Car),Nasum - I'm Not Silent,General Surgery - Viva ! blunt force trauma,Tree63 - All Over The World,Nasum - I'm Not Silent,General Surgery - Viva ! blunt force trauma,Tree63 - All Over The World
TRVQHEV128F4259AB2,SOYQVWF12D0219A2C4,AR13CXU1187B9AD30A,The Clash,I Fought The Law,punk,Lauryn Hill - Interlude 5,Beastie Boys - B-Boy Bouillabaisse: A.W.O.L. (2009 Digital Remaster),Eminem - 8 Mile,Lauryn Hill - Interlude 5,Beastie Boys - B-Boy Bouillabaisse: A.W.O.L. (2009 Digital Remaster),Eminem - 8 Mile,Manafest - Runaway,The Cat Empire - The Car Song,Ramones - Needles And Pins (Remastered Album Version ),Manafest - Runaway,The Cat Empire - The Car Song,Ramones - Needles And Pins (Remastered Album Version ),Tyrese - All Ghetto Girl,Kurupt - It Ain't About You,Eminem - 8 Mile,Tyrese - All Ghetto Girl,Westlife - Bad Girls,Fleetwood Mac - I Held My Baby Last Night,Fleetwood Mac - I Held My Baby Last Night,Tyrese - All Ghetto Girl,Patricia Barber - My Girl,Fleetwood Mac - I Held My Baby Last Night,Tyrese - All Ghetto Girl,Patricia Barber - My Girl
TRVMLEW128F425A82D,SOFEOUD12D021B1FC4,AR13CXU1187B9AD30A,The Clash,The Magnificent Seven,punk,Lauryn Hill - Interlude 5,Twista - I'm A Winner (Amended Album Version),Michael Jackson - Man In The Mirror,Lauryn Hill - Interlude 5,Twista - I'm A Winner (Amended Album Version),Erykah Badu - I Want You,Kevin Devine - It's Only Your Life,Joss Stone - Killing Time,A Tribe Called Quest - The Hop,Kevin Devine - It's Only Your Life,A Tribe Called Quest - The Hop,Joss Stone - Killing Time,Lauryn Hill - Interlude 5,Beastie Boys - B-Boy Bouillabaisse: A.W.O.L. (2009 Digital Remaster),Michael Jackson - Man In The Mirror,Michael Jackson - Man In The Mirror,Lauryn Hill - Interlude 5,Aceyalone - Mr. Outsider,Tom Waits - Christmas Card From A Hooker In Minneapolis,Norah Jones - Those Sweet Words,The Jeff Healey Band - I Can't Get My Hands On You,Tom Waits - Christmas Card From A Hooker In Minneapolis,Bettye Swann - Willie And Laura Mae Jones,The Jeff Healey Band - I Can't Get My Hands On You
TRWVZBZ128F1462E08,SOKLVHU12A6D4F4778,AR048JZ1187B9AEB85,Yellowcard,Believe,punk,Lauryn Hill - Interlude 5,Beastie Boys - B-Boy Bouillabaisse: A.W.O.L. (2009 Digital Remaster),Twista - I'm A Winner (Amended Album Version),Lauryn Hill - Interlude 5,Beastie Boys - B-Boy Bouillabaisse: A.W.O.L. (2009 Digital Remaster),Ledisi - Alright,Ledisi - Alright,Lauryn Hill - Everything Is Everything,The Enemy - It's Not OK [Live From London],Ledisi - Alright,Lauryn Hill - Everything Is Everything,The Enemy - It's Not OK [Live From London],Lauryn Hill - Interlude 5,Ledisi - Alright,Beastie Boys - B-Boy Bouillabaisse: A.W.O.L. (2009 Digital Remaster),Ledisi - Alright,Lauryn Hill - Interlude 5,Rachelle Ferrell - Welcome To My Love,Ledisi - Alright,Rachelle Ferrell - Welcome To My Love,Bob Marley & The Wailers - One Love / People Get Ready,Ledisi - Alright,Rachelle Ferrell - Welcome To My Love,Bob Marley & The Wailers - One Love / People Get Ready
TRQYGUV128F1462E01,SOTEFLI12A6D4F4771,AR048JZ1187B9AEB85,Yellowcard,Empty Apartment,punk,Lauryn Hill - Interlude 5,Twista - I'm A Winner (Amended Album Version),Danity Kane - Hold Me Down (Album Version),Lauryn Hill - Interlude 5,Twista - I'm A Winner (Amended Album Version),Danity Kane - Hold Me Down (Album Version),Classified - All About U,Kevin Devine - It's Only Your Life,The Zutons - What's Your Problem,Classified - All About U,Kevin Devine - It's Only Your Life,The Zutons - What's Your Problem,Lauryn Hill - Interlude 5,Eminem - 8 Mile,Beastie Boys - B-Boy Bouillabaisse: A.W.O.L. (2009 Digital Remaster),Natalie Cole - Your Eyes,Bouncing Souls_ The - Don't You (Forget About Me),Kenny Lattimore - Forgiveness,Bouncing Souls_ The - Don't You (Forget About Me),Reckless Kelly - Broken Heart,Eliane Elias - Call Me,Bouncing Souls_ The - Don't You (Forget About Me),Reckless Kelly - Broken Heart,Eliane Elias - Call Me
TRBKLDM128F427D0DA,SOMGXHN12A58A7929F,ARZWK2R1187B98F09F,Rise Against,But Tonight We Dance,punk,Lauryn Hill - Interlude 5,Beastie Boys - B-Boy Bouillabaisse: A.W.O.L. (2009 Digital Remaster),Twista - I'm A Winner (Amended Album Version),Lauryn Hill - Interlude 5,Beastie Boys - B-Boy Bouillabaisse: A.W.O.L. (2009 Digital Remaster),Twista - I'm A Winner (Amended Album Version),Vashti Bunyan - Hidden,Atmosphere - Happymess,Elvis Costello - Puck Two,Vashti Bunyan - Hidden,Atmosphere - Happymess,Elvis Costello - Puck Two,Afroman - Let's All Get Drunk,Savatage - The Hourglass,Lauryn Hill - Interlude 5,Afroman - Let's All Get Drunk,Status Quo - Going Down Town Tonight,Ryan Leslie - When We Dance,Ultravox - Private Lives,Silje Nergaard - Dance me love,American Steel - Emergency House Party,Ultravox - Private Lives,Silje Nergaard - Dance me love,American Steel - Emergency House Party
TRKSDBX128F9345DC9,SOZQVQL12AB01860A8,ARZWK2R1187B98F09F,Rise Against,Faint Resemblance,punk,Lauryn Hill - Interlude 5,Beastie Boys - B-Boy Bouillabaisse: A.W.O.L. (2009 Digital Remaster),Erykah Badu - I Want You,Lauryn Hill - Interlude 5,Beastie Boys - B-Boy Bouillabaisse: A.W.O.L. (2009 Digital Remaster),Erykah Badu - I Want You,Tony Sly - On the Outside,Dar Williams - Are You Out There,Alannah Myles - I Love You,Tony Sly - On the Outside,Dar Williams - Are You Out There,Alannah Myles - I Love You,Lauryn Hill - Interlude 5,Eminem - 8 Mile,Beastie Boys - B-Boy Bouillabaisse: A.W.O.L. (2009 Digital Remaster),Lauryn Hill - Interlude 5,Heather Headley - Wait A Minute,Set Your Goals - our ethos: a legacy to pass on,Desaparecidos - Fiesta Loca,Heather Headley - Wait A Minute,Dismantled - Fields,Heather Headley - Wait A Minute,Dismantled - Fields,Desaparecidos - Fiesta Loca
TRMGOLR128F933A7DB,SOYDERO12A6D4F72BC,ARZWK2R1187B98F09F,Rise Against,Survive,punk,Lauryn Hill - Interlude 5,Hollywood Undead - Undead,The Prodigy - We Gonna Rock,Lauryn Hill - Interlude 5,The Prodigy - We Gonna Rock,Hollywood Undead - Undead,The Misfits - Static Age,Modern Life Is War - Destination: Death or Better Days,Thompson Twins - We Are Detective,Modern Life Is War - Destination: Death or Better Days,The Misfits - Static Age,Thompson Twins - We Are Detective,Eminem - 8 Mile,Lauryn Hill - Interlude 5,Beastie Boys - B-Boy Bouillabaisse: A.W.O.L. (2009 Digital Remaster),Eminem - 8 Mile,The Von Bondies - Earthquake,R. Kelly - Kickin' It With Your Girlfriend,Dolly Parton - Highlight Of My Life,Cloud Cult - 2x2x2,The Von Bondies - Earthquake,The Von Bondies - Earthquake,Dolly Parton - Highlight Of My Life,Cloud Cult - 2x2x2
TRFNVPY128F92D2626,SOUKLPY12A8C1451A8,ARZWK2R1187B98F09F,Rise Against,The Dirt Whispered,punk,Beastie Boys - B-Boy Bouillabaisse: A.W.O.L. (2009 Digital Remaster),Lauryn Hill - Interlude 5,Eminem - 8 Mile,Beastie Boys - B-Boy Bouillabaisse: A.W.O.L. (2009 Digital Remaster),Lauryn Hill - Interlude 5,Eminem - 8 Mile,Common - Book Of Life,RODNEY CROWELL - Preachin' To The Choir,Wade Hayes - I'm Still Dancin' With You,Common - Book Of Life,RODNEY CROWELL - Preachin' To The Choir,Wade Hayes - I'm Still Dancin' With You,Ja Rule - One of Us,Dar Williams - Mortal City,Beastie Boys - B-Boy Bouillabaisse: A.W.O.L. (2009 Digital Remaster),Michelle Williams - We Break The Dawn,Ja Rule - One of Us,Dar Williams - Mortal City,Thrice - Digital Sea,Milk Inc. - Breathe Without You,Hey Monday - Josey,Thrice - Digital Sea,Hey Monday - Josey,Michael Jackson - You Are Not Alone
TRPSYVF128F428A446,SOQAAVL12A8C13C158,ARP28RX1187B9AF6C4,The Offspring,Get It Right (Album Version),punk,Lauryn Hill - Interlude 5,Beastie Boys - B-Boy Bouillabaisse: A.W.O.L. (2009 Digital Remaster),Twista - I'm A Winner (Amended Album Version),Lauryn Hill - Interlude 5,Beastie Boys - B-Boy Bouillabaisse: A.W.O.L. (2009 Digital Remaster),Twista - I'm A Winner (Amended Album Version),Veruca Salt - Stoneface,New Found Glory - I'll Never Love Again,Gang Starr - Code Of The Streets (Explicit),Veruca Salt - Stoneface,New Found Glory - I'll Never Love Again,Gang Starr - Code Of The Streets (Explicit),Beastie Boys - B-Boy Bouillabaisse: A.W.O.L. (2009 Digital Remaster),Lauryn Hill - Interlude 5,Eminem - 8 Mile,Beastie Boys - B-Boy Bouillabaisse: A.W.O.L. (2009 Digital Remaster),Michael Jackson - Man In The Mirror,Lauryn Hill - Interlude 5,InMe - All Terrain Vehicle                      	,Nine Inch Nails - Something I Can Never Have,Descendents - When I Get Old,Nine Inch Nails - Something I Can Never Have,Descendents - When I Get Old,InMe - All Terrain Vehicle                      	
TROGTUS128F932D6CB,SOSVNOS12AB01831D7,ARP28RX1187B9AF6C4,The Offspring,Want You Bad,punk,Lauryn Hill - Interlude 5,Twista - I'm A Winner (Amended Album Version),Erykah Badu - I Want You,Lauryn Hill - Interlude 5,Twista - I'm A Winner (Amended Album Version),Erykah Badu - I Want You,Beastie Boys - So What'Cha Want (Butt Naked Version) (Explicit) (2009 Digital Remaster),Clawfinger - Revenge,Angela Bofill - I Try,Beastie Boys - So What'Cha Want (Butt Naked Version) (Explicit) (2009 Digital Remaster),Clawfinger - Revenge,Angela Bofill - I Try,Lauryn Hill - Interlude 5,Beastie Boys - B-Boy Bouillabaisse: A.W.O.L. (2009 Digital Remaster),Westlife - Bad Girls,Westlife - Bad Girls,Kool Moe Dee - Bad Mutha,Anna Abreu - Bad Girl,Frenzal Rhomb - Ballchef,Westlife - Bad Girls,The Ataris - You Need A Hug,Westlife - Bad Girls,Frenzal Rhomb - Ballchef,The Ataris - You Need A Hug
TRZVPFY128F92E19DF,SOPXOZV12AAF3B462D,ARP28RX1187B9AF6C4,The Offspring,Staring At The Sun,punk,Lauryn Hill - Interlude 5,Twista - I'm A Winner (Amended Album Version),Beastie Boys - B-Boy Bouillabaisse: A.W.O.L. (2009 Digital Remaster),Lauryn Hill - Interlude 5,Twista - I'm A Winner (Amended Album Version),Eminem - My Darling,Kevin Devine - Fever Moon,Clawfinger - Revenge,Amanda Jenssen - Don't Worry,Kevin Devine - Fever Moon,Clawfinger - Revenge,Amanda Jenssen - Don't Worry,Beastie Boys - B-Boy Bouillabaisse: A.W.O.L. (2009 Digital Remaster),Recoil - Curse,The Slackers - Close My Eyes,Bis - Punk Rock Points,The Slackers - Close My Eyes,Ocean Colour Scene - Travellers Tune,Bis - Punk Rock Points,The Slackers - Close My Eyes,Joan Baez - Don't Cry For Me Argentina,Bis - Punk Rock Points,The Slackers - Close My Eyes,Joan Baez - Don't Cry For Me Argentina
TRGAEVY128F428BEF6,SOWLEBB12A8C13972F,AR46CAD1187FB4D84B,Bad Religion,Operation Rescue,punk,Lauryn Hill - Interlude 5,Beastie Boys - B-Boy Bouillabaisse: A.W.O.L. (2009 Digital Remaster),Eminem - My Darling,Lauryn Hill - Interlude 5,Beastie Boys - B-Boy Bouillabaisse: A.W.O.L. (2009 Digital Remaster),Eminem - My Darling,Fad Gadget - Plain Clothes,Suffocation - Brood Of Hatred (Album Version),Built To Spill - Planting Seeds,Fad Gadget - Plain Clothes,Suffocation - Brood Of Hatred (Album Version),Built To Spill - Planting Seeds,Lauryn Hill - Interlude 5,Recoil - Curse,N-Dubz - Feva Las Vegas,Lauryn Hill - Interlude 5,N-Dubz - Feva Las Vegas,Recoil - Curse,Third World - World Of Uncertainty,Sneaky Sound System - 16,David Ball - There Stands The Glass,Third World - World Of Uncertainty,Sneaky Sound System - 16,The Streets - The Irony Of It All (Album Version)
TRPTWJT128F422F239,SOAOSYE12A6D4FB832,AR10USD1187B99F3F1,Silverstein,When Broken Is Easily Fixed (Album Version),punk,Lauryn Hill - Interlude 5,Danity Kane - Hold Me Down (Album Version),Five - That's What You Told Me,Lauryn Hill - Interlude 5,Danity Kane - Hold Me Down (Album Version),Five - That's What You Told Me,Jill Scott - He Loves Me (Lyzel In E Flat),Michael Penn - Comfort,Taylor Swift - Crazier,Jill Scott - He Loves Me (Lyzel In E Flat),Michael Penn - Comfort,Taylor Swift - Crazier,Recoil - Curse,Eminem - My Darling,Twista - Overdose (Album Version),Glassjaw - Pretty Lush (Album Version),Emery - Bloodless,Cannibal Corpse - Sentenced to Burn,Glassjaw - Pretty Lush (Album Version),Nevermore - C.b.f.,Hot Water Music - Bottomless Seas,Glassjaw - Pretty Lush (Album Version),Nevermore - C.b.f.,Hot Water Music - Bottomless Seas
TRPYGVQ128E078EFE9,SOEDBQL12A670213B3,ARWA6NT1187FB3F15C,The Cure,Want,punk,Lauryn Hill - Interlude 5,Twista - I'm A Winner (Amended Album Version),Erykah Badu - I Want You,Lauryn Hill - Interlude 5,Twista - I'm A Winner (Amended Album Version),Erykah Badu - I Want You,Beastie Boys - So What'Cha Want (Butt Naked Version) (Explicit) (2009 Digital Remaster),Bouncing Souls_ The - Pervert,Shania Twain - All Fired Up_ No Place To Go,Beastie Boys - So What'Cha Want (Butt Naked Version) (Explicit) (2009 Digital Remaster),Bouncing Souls_ The - Pervert,Shania Twain - All Fired Up_ No Place To Go,Tricky - Tricky Versus Lynx (Live),Ludacris - Ho,Otis Redding - The Dog ( LP Version),Otis Redding - The Dog ( LP Version),Ludacris - Ho,The Specials - Do The Dog,Otis Redding - The Dog ( LP Version),The Specials - Do The Dog,tobyMac - TruDog: The Return,Otis Redding - The Dog ( LP Version),The Specials - Do The Dog,tobyMac - TruDog: The Return
TRJNMGP128F92E0427,SOGXZZI12AAF3B2704,AR8UICP11C8A4154FD,Hey Monday,Josey,punk,Lauryn Hill - Interlude 5,Beastie Boys - B-Boy Bouillabaisse: A.W.O.L. (2009 Digital Remaster),Daft Punk - Touch It / Technologic,Lauryn Hill - Interlude 5,Daft Punk - Touch It / Technologic,Beastie Boys - B-Boy Bouillabaisse: A.W.O.L. (2009 Digital Remaster),The Bluetones - Carnt Be Trusted,Bruce Hornsby and the Range - The Way It Is,Raine Maida - Earthless,The Bluetones - Carnt Be Trusted,Bruce Hornsby and the Range - The Way It Is,Raine Maida - Earthless,Beastie Boys - B-Boy Bouillabaisse: A.W.O.L. (2009 Digital Remaster),Twista - Overdose (Album Version),Eminem - 8 Mile,The Corrs - Queen Of Hollywood ( LP Version ),Dance Hall Crashers - DHC,Slightly Stoopid - Officer,Dance Hall Crashers - DHC,Fear - Beef Bologna,The Coral - She Sings The Mourning,Dance Hall Crashers - DHC,Rise Against - The Dirt Whispered,Mojave 3 - Tinkers Blues
TRVWMAR128F425A2DA,SOMFMFC12A8AE45B47,AR13CXU1187B9AD30A,The Clash,1-2 Crush On You,punk,Twista - I'm A Winner (Amended Album Version),Lauryn Hill - Interlude 5,Erykah Badu - I Want You,Twista - I'm A Winner (Amended Album Version),Lauryn Hill - Interlude 5,Erykah Badu - I Want You,Electric Light Orchestra - Auntie (Ma-Ma-Ma Belle),Brian McKnight - Holdin' On [Missin' U] (Album Version),Mel & Kim - System,Electric Light Orchestra - Auntie (Ma-Ma-Ma Belle),Brian McKnight - Holdin' On [Missin' U] (Album Version),Mel & Kim - System,Lauryn Hill - Interlude 5,Michael Jackson - Man In The Mirror,Us3 - Knowledge Of Self,Michael Jackson - Man In The Mirror,Us3 - Knowledge Of Self,Talib Kweli - Eat To Live (Album Version),Electric Light Orchestra - Auntie (Ma-Ma-Ma Belle),Us3 - Knowledge Of Self,Fleetwood Mac - Hellhound On My Trail,Us3 - Knowledge Of Self,Electric Light Orchestra - Auntie (Ma-Ma-Ma Belle),Talib Kweli - Eat To Live (Album Version)
TRCKZBM128F425A2DD,SOJPDPR12A8AE45B50,AR13CXU1187B9AD30A,The Clash,Brand New Cadillac,punk,Lauryn Hill - Interlude 5,Twiztid - She Ain't Afraid,K-Ci & JoJo - Baby Come Back,Lauryn Hill - Interlude 5,K-Ci & JoJo - Baby Come Back,Twiztid - She Ain't Afraid,Billy Squier - She's A Runner (24-Bit Digitally Remastered 02),Asaf Avidan & the Mojos - Over You Blues,Willie Dixon - That's My Baby,Billy Squier - She's A Runner (24-Bit Digitally Remastered 02),Asaf Avidan & the Mojos - Over You Blues,Willie Dixon - That's My Baby,Jeru The Damaja - Me Or The Papes,Kurupt - It Ain't About You,Junior Senior - C'Mon,Junior Senior - C'Mon,Jeru The Damaja - Me Or The Papes,Blind Willie Johnson - Jesus Is Coming Soon,Nina Simone - He Ain't Comin' Home No More,Junior Senior - C'Mon,Blind Willie Johnson - Jesus Is Coming Soon,Nina Simone - He Ain't Comin' Home No More,Junior Senior - C'Mon,Jackson 5 - Goin' Back To Indiana
TRCFCHA128F4259A75,SORYRRU12A8AE45B60,AR13CXU1187B9AD30A,The Clash,Cool Confusion,punk,Lauryn Hill - Interlude 5,Beastie Boys - B-Boy Bouillabaisse: A.W.O.L. (2009 Digital Remaster),The Pharcyde - Otha Fish,Lauryn Hill - Interlude 5,Beastie Boys - B-Boy Bouillabaisse: A.W.O.L. (2009 Digital Remaster),The Pharcyde - Otha Fish,The Supremes - Stranger In Paradise,The Itals - In Deh,The Be Good Tanyas - Midnight Moonlight,The Supremes - Stranger In Paradise,Wu-Tang Clan - The What,The Itals - In Deh,Beastie Boys - B-Boy Bouillabaisse: A.W.O.L. (2009 Digital Remaster),Big Brovaz - Find A Way,Twista - No Remorse (Album Version),Jill Scott - Brotha,Lyfe Jennings - She Got Kids,Big Brovaz - Find A Way,999 - Me And My Desire,Blink-182 - GO,Jill Scott - Brotha,999 - Me And My Desire,Jackie Greene - Hollywood,Blink-182 - GO
TRYSJKQ128F4259A73,SOKVAFU12A8AE46882,AR13CXU1187B9AD30A,The Clash,First Night Back In London,punk,Lauryn Hill - Interlude 5,Beastie Boys - B-Boy Bouillabaisse: A.W.O.L. (2009 Digital Remaster),Twista - I'm A Winner (Amended Album Version),Beastie Boys - B-Boy Bouillabaisse: A.W.O.L. (2009 Digital Remaster),Lauryn Hill - Interlude 5,Twista - I'm A Winner (Amended Album Version),A Tribe Called Quest - Baby Phife's Return,John Denver - El Paso,Beastie Boys - B-Boy Bouillabaisse: A.W.O.L. (2009 Digital Remaster),A Tribe Called Quest - Baby Phife's Return,John Denver - El Paso,Beastie Boys - B-Boy Bouillabaisse: A.W.O.L. (2009 Digital Remaster),Beastie Boys - B-Boy Bouillabaisse: A.W.O.L. (2009 Digital Remaster),Lauryn Hill - Interlude 5,Twista - Overdose (Album Version),Beastie Boys - B-Boy Bouillabaisse: A.W.O.L. (2009 Digital Remaster),Twista - Overdose (Album Version),Scarlett Johansson - Summertime,Crash Romeo - Minutes to Miles,Lloyd Cole - vin ordinaire,Slim Harpo - One More Day,Crash Romeo - Minutes to Miles,Rehab - Chest Pain,Beastie Boys - B-Boy Bouillabaisse: A.W.O.L. (2009 Digital Remaster)
TRAQKVC128F425E65C,SOUTRYP12A8AE46BC6,AR13CXU1187B9AD30A,The Clash,Inoculated City,punk,Lauryn Hill - Interlude 5,Ja Rule - One of Us,Beastie Boys - B-Boy Bouillabaisse: A.W.O.L. (2009 Digital Remaster),Lauryn Hill - Interlude 5,Ja Rule - One of Us,Beastie Boys - B-Boy Bouillabaisse: A.W.O.L. (2009 Digital Remaster),Immortal Technique - The 4th Branch,Don Francisco - Adam_ Where Are You?,Andrew Lloyd Webber - Masquerade,Immortal Technique - The 4th Branch,Andrew Lloyd Webber - Masquerade,Don Francisco - Adam_ Where Are You?,Beastie Boys - B-Boy Bouillabaisse: A.W.O.L. (2009 Digital Remaster),Pain of Salvation - Spitfall,Hollywood Undead - Undead,Pain of Salvation - Spitfall,Bob Dylan - With God On Our Side,Hollywood Undead - Undead,The Prodigy - Invaders Must Die,Good Riddance - 21 Guns (Good Riddance),Skip James - I'm So Glad,Good Riddance - 21 Guns (Good Riddance),Bob Dylan - With God On Our Side,The Prodigy - Invaders Must Die
TRUASIU128F425A1D7,SOKPHTL12A8AE47058,AR13CXU1187B9AD30A,The Clash,Lost In The Supermarket,punk,Beastie Boys - B-Boy Bouillabaisse: A.W.O.L. (2009 Digital Remaster),Eminem - 8 Mile,Mario Vazquez - Everytime I...,Beastie Boys - B-Boy Bouillabaisse: A.W.O.L. (2009 Digital Remaster),Eminem - 8 Mile,Mario Vazquez - Everytime I...,Mary Black - Raven In The Storm,Patricia Barber - The Moon,Mest - Can't Take This (Album Version),Mary Black - Raven In The Storm,Patricia Barber - The Moon,Mest - Can't Take This (Album Version),Lauryn Hill - Interlude 5,Snoop Dogg - Snoopafella (Edited),EPMD - Knick Knack Patty Wack,Just Jack - 253,Snoop Dogg - Snoopafella (Edited),Fall Out Boy - The Music Or The Misery,VAST - Here's To All The People I Have Lost,Blossom Dearie - Just In Time,SUPREME BEINGS OF LEISURE - So Much More,VAST - Here's To All The People I Have Lost,Blossom Dearie - Just In Time,Autograph - The City
TROLGMC128F4259BB8,SOMAATM12A8AE45E6A,AR13CXU1187B9AD30A,The Clash,Overpowered By Funk,punk,Lauryn Hill - Interlude 5,Beastie Boys - B-Boy Bouillabaisse: A.W.O.L. (2009 Digital Remaster),Twista - I'm A Winner (Amended Album Version),Lauryn Hill - Interlude 5,Beastie Boys - B-Boy Bouillabaisse: A.W.O.L. (2009 Digital Remaster),Twista - I'm A Winner (Amended Album Version),Funkadelic - One Nation Under A Groove,Free - Mr. Big,Anastacia - Club Megamix,Funkadelic - One Nation Under A Groove,Anastacia - Club Megamix,Free - Mr. Big,Fatboy Slim - The Rockafeller Skank,Cameo - Funk Funk,Funkadelic - One Nation Under A Groove,Fatboy Slim - The Rockafeller Skank,Cameo - Funk Funk,Funkadelic - One Nation Under A Groove,Cameo - Funk Funk,The Bar-Kays - Shake Your Rump To The Funk,Fatboy Slim - The Rockafeller Skank,Cameo - Funk Funk,The Bar-Kays - Shake Your Rump To The Funk,Funkadelic - One Nation Under A Groove
TRMQMTC128F428A516,SOSTMID12A8C13A27B,AR46CAD1187FB4D84B,Bad Religion,Automatic Man (Album Version),punk,Lauryn Hill - Interlude 5,Beastie Boys - B-Boy Bouillabaisse: A.W.O.L. (2009 Digital Remaster),Michael Jackson - Man In The Mirror,Lauryn Hill - Interlude 5,Propellerheads - Velvet Pants,Beastie Boys - B-Boy Bouillabaisse: A.W.O.L. (2009 Digital Remaster),Bill Withers - Who Is He? (And What Is He To You?),Bellamy Brothers - Old Hippie,Suicidal Tendencies - Possessed To Skate,Bill Withers - Who Is He? (And What Is He To You?),Bellamy Brothers - Old Hippie,Suicidal Tendencies - Possessed To Skate,Beastie Boys - B-Boy Bouillabaisse: A.W.O.L. (2009 Digital Remaster),Lauryn Hill - Interlude 5,Gang Starr - The Illest Brother,Beastie Boys - B-Boy Bouillabaisse: A.W.O.L. (2009 Digital Remaster),Us3 - Just Another Brother,Gang Starr - The Illest Brother,Big Bad Voodoo Daddy - Reefer Man,Kathy Troccoli - I Call Him Love,Suicidal Tendencies - Possessed To Skate,Big Bad Voodoo Daddy - Reefer Man,Suicidal Tendencies - Possessed To Skate,Kathy Troccoli - I Call Him Love
TRQENBA128F426093C,SOQLMHB12A8C1384BF,AR46CAD1187FB4D84B,Bad Religion,Chimaera (Album Version),punk,Lauryn Hill - Interlude 5,Twista - I'm A Winner (Amended Album Version),Eminem - My Darling,Lauryn Hill - Interlude 5,Twista - I'm A Winner (Amended Album Version),Eminem - My Darling,Small Sins - She's The Source,Anacrusis - What You Became,Bunny Wailer - Roots,Small Sins - She's The Source,Anacrusis - What You Became,Bunny Wailer - Roots,Lauryn Hill - Interlude 5,Beastie Boys - B-Boy Bouillabaisse: A.W.O.L. (2009 Digital Remaster),Petey Pablo - Fool For Love,Monica - Hurts The Most,Lauryn Hill - Interlude 5,Eminem - Ken Kaniff,Monica - Hurts The Most,Frenzal Rhomb - Ballchef,Sopor Aeternus & The Ensemble Of Shadows - Some Men Are Like Chocolate,Monica - Hurts The Most,Sopor Aeternus & The Ensemble Of Shadows - Some Men Are Like Chocolate,Frenzal Rhomb - Ballchef
TRJCXHB128F428AC5B,SOLDKOL12A8C1392D1,AR46CAD1187FB4D84B,Bad Religion,Damned to Be Free (Album Version),punk,Lauryn Hill - Interlude 5,Beastie Boys - B-Boy Bouillabaisse: A.W.O.L. (2009 Digital Remaster),Vanilla Ice - Ice Is Workin' It,Lauryn Hill - Interlude 5,Vanilla Ice - Ice Is Workin' It,Beastie Boys - B-Boy Bouillabaisse: A.W.O.L. (2009 Digital Remaster),Tonedeff - Ridiculous,Dan Le Sac vs Scroobius Pip - Fixed,Bird York - Lovely Thing,Tonedeff - Ridiculous,Dan Le Sac vs Scroobius Pip - Fixed,Bird York - Lovely Thing,Lauryn Hill - Interlude 5,Recoil - Curse,Beastie Boys - B-Boy Bouillabaisse: A.W.O.L. (2009 Digital Remaster),Recoil - Curse,Tonedeff - Ridiculous,Michael Jackson - Man In The Mirror,Skinless - Wicked World,Ill Niño - Re-Birth,Naked Aggression - Plastic World,Tonedeff - Ridiculous,Skinless - Wicked World,Ill Niño - Re-Birth
TRHWAPL128F428BEEE,SOSHLOP12A8C13971C,AR46CAD1187FB4D84B,Bad Religion,Get Off,punk,Lauryn Hill - Interlude 5,Beastie Boys - B-Boy Bouillabaisse: A.W.O.L. (2009 Digital Remaster),Eminem - 8 Mile,Lauryn Hill - Interlude 5,Beastie Boys - B-Boy Bouillabaisse: A.W.O.L. (2009 Digital Remaster),Eminem - 8 Mile,Common - Book Of Life,Manafest - Runaway,The Mighty Mighty Bosstones - Someday I Suppose,Common - Book Of Life,Manafest - Runaway,The Mighty Mighty Bosstones - Someday I Suppose,Lauryn Hill - Interlude 5,Beastie Boys - B-Boy Bouillabaisse: A.W.O.L. (2009 Digital Remaster),OutKast - Mainstream,Kurupt - Who Ride Wit Us,OutKast - Mainstream,Brand Nubian - All For One (Explicit) (2006 Remastered LP Version),Pat Travers - Is This Love,Dru Hill - Share My World,Sophie Milman - (It's Not Easy) Bein' Green,Dru Hill - Share My World,OutKast - Mainstream,Brand Nubian - All For One (Explicit) (2006 Remastered LP Version)
TRHYIAH128F14825EC,SOLIECS12A6310F220,AROBHK51187B9AD82B,Funeral For A Friend,Juneau,punk,Beastie Boys - B-Boy Bouillabaisse: A.W.O.L. (2009 Digital Remaster),Lauryn Hill - Interlude 5,Life Without Buildings - New Town,Beastie Boys - B-Boy Bouillabaisse: A.W.O.L. (2009 Digital Remaster),Life Without Buildings - New Town,Lauryn Hill - Interlude 5,Mary Black - Raven In The Storm,Swollen Members - Switchblade,Gorefest - Super Reality,Swollen Members - Switchblade,Mary Black - Raven In The Storm,Gorefest - Super Reality,Eminem - My Darling,Recoil - Curse,Pain of Salvation - Spitfall,Incognito - Stone Cold Heart,Kylie Minogue - Love At First Sight (The Scumfrog's Beauty And The Beast Vocal Edit),Die Trying - Oxygen's Gone,The Lucksmiths - Guess How Much I Love You,Incognito - Stone Cold Heart,Billie Holiday - More Than You Know,The Lucksmiths - Guess How Much I Love You,Incognito - Stone Cold Heart,Billie Holiday - More Than You Know
TRWMODL128F92E7E2A,SOLOBYS12AB017B614,ARUUP451187B9AF56E,Wire,Another The letter,punk,The Pharcyde - Otha Fish,Michael Jackson - Man In The Mirror,Lauryn Hill - Interlude 5,The Pharcyde - Otha Fish,Michael Jackson - Man In The Mirror,Lauryn Hill - Interlude 5,Ayreon - Prologue,Cinderella Effect - Israel,The Itals - In Deh,Ayreon - Prologue,Cinderella Effect - Israel,Subtle - Requiem for a Dive,Suicidal Tendencies - Where's The Truth,Beastie Boys - B-Boy Bouillabaisse: A.W.O.L. (2009 Digital Remaster),Savatage - The Hourglass,Suicidal Tendencies - Where's The Truth,Belinda Carlisle - Heaven Is A Place On Earth,Michael Jackson - Man In The Mirror,Suicidal Tendencies - Where's The Truth,Elton John - Heart In The Right Place,Freedom Call - Flying high,Suicidal Tendencies - Where's The Truth,Elton John - Heart In The Right Place,Gary Allan - Promise Broken
TRABGYE128E078278A,SODQTSE12A6310D90B,ARUUP451187B9AF56E,Wire,Strange,punk,Public Enemy - Go Cat Go,Beastie Boys - B-Boy Bouillabaisse: A.W.O.L. (2009 Digital Remaster),Lauryn Hill - Interlude 5,Public Enemy - Go Cat Go,Bowling For Soup - Here We Go,The Pharcyde - Otha Fish,Kelis - Trilogy,The Departure - Arms Around Me (BBC 6Music Session),Belleruche - Bought & Sold,Kelis - Trilogy,The Departure - Arms Around Me (BBC 6Music Session),Belleruche - Bought & Sold,Beastie Boys - B-Boy Bouillabaisse: A.W.O.L. (2009 Digital Remaster),The Corrs - Queen Of Hollywood ( LP Version ),Drowning Pool - Bodies,Drowning Pool - Bodies,The Corrs - Queen Of Hollywood ( LP Version ),Dance Hall Crashers - DHC,ANJA GARBAREK - Something Written,Mountain Goats - Have To Explode,Destroyer - Smith,ANJA GARBAREK - Something Written,Mountain Goats - Have To Explode,Dance Hall Crashers - DHC
TRBAQPR128F92F4AB0,SODLLJJ12A8C141D54,ARDT4K91187FB53602,The Wonder Years,Dude_ What Is a Land Pirate?,punk,Lauryn Hill - Interlude 5,Beastie Boys - B-Boy Bouillabaisse: A.W.O.L. (2009 Digital Remaster),Erykah Badu - I Want You,Lauryn Hill - Interlude 5,Erykah Badu - I Want You,Beastie Boys - B-Boy Bouillabaisse: A.W.O.L. (2009 Digital Remaster),Chantal Kreviazuk - Ghosts Of You,Hollywood Undead - Undead,Digable Planets - Slowes' Comb/The May 4th Movement starring Doodlebug,Chantal Kreviazuk - Ghosts Of You,Hollywood Undead - Undead,Digable Planets - Slowes' Comb/The May 4th Movement starring Doodlebug,Lauryn Hill - Interlude 5,Twiztid - She Ain't Afraid,Twista - Overdose (Album Version),Twiztid - She Ain't Afraid,Lauryn Hill - Interlude 5,Eminem - Ken Kaniff,Mayday Parade - I'd Hate To Be You When People Find Out What This Song Is About (Album),Lucie Silvas - Already Gone,Modern Life Is War - Destination: Death or Better Days,Lucie Silvas - Already Gone,Modern Life Is War - Destination: Death or Better Days,Mayday Parade - I'd Hate To Be You When People Find Out What This Song Is About (Album)
TRVOTRF128F148AE44,SOYCTSV12A6D4FB43C,ARMKNC21187FB4696B,Dashboard Confessional,Again I Go Unnoticed,punk,Lauryn Hill - Interlude 5,Beastie Boys - B-Boy Bouillabaisse: A.W.O.L. (2009 Digital Remaster),Eminem - My Darling,Lauryn Hill - Interlude 5,Beastie Boys - B-Boy Bouillabaisse: A.W.O.L. (2009 Digital Remaster),Life Without Buildings - New Town,Dawn of Relic - The Awakening,Bebo Norman - Other Side of Day,Assemblage 23 - MAPS OF REALITY,Bebo Norman - Other Side of Day,Dawn of Relic - The Awakening,Majesty - Lord Of The Damned,Beastie Boys - B-Boy Bouillabaisse: A.W.O.L. (2009 Digital Remaster),Recoil - Curse,Lauryn Hill - Interlude 5,Alicia Keys - Tell You Something (Nana's Reprise),Toni Braxton - Breathe Again,Jodeci - I'm Still Waiting,The Ponys - Another Wound,Left Alone - Lonely Starts & Broken Hearts (Album Version),Toni Braxton - Breathe Again,The Ponys - Another Wound,Jodeci - I'm Still Waiting,Capdown - MV4
TRRERUT128F1477144,SOWSXYV12A58A7CCC3,ARMKNC21187FB4696B,Dashboard Confessional,Carry This Picture,punk,Lauryn Hill - Interlude 5,Beastie Boys - B-Boy Bouillabaisse: A.W.O.L. (2009 Digital Remaster),Eminem - 8 Mile,Lauryn Hill - Interlude 5,Beastie Boys - B-Boy Bouillabaisse: A.W.O.L. (2009 Digital Remaster),Eminem - 8 Mile,Andrea Bocelli - I Believe,The Cat Empire - The Car Song,Lacuna Coil - Soul Into Hades,Andrea Bocelli - I Believe,The Cat Empire - The Car Song,Lacuna Coil - Soul Into Hades,Binary Star - Honest Expression,Kanye West - Diamonds From Sierra Leone,DJ Quik - Safe + Sound,Kanye West - Diamonds From Sierra Leone,Peter Hammill - Accidents,Lyfe Jennings - Stingy,Peter Hammill - Accidents,Joy Electric - The Cobbler,Lyfe Jennings - Stingy,Peter Hammill - Accidents,Lyfe Jennings - Stingy,Joy Electric - The Cobbler
TRHGTHE128F428B4C3,SOVJEHL12A8C13B495,ARPDVPJ1187B9ADBE9,Usher,U R The One,r&b/soul,Lauryn Hill - Interlude 5,Twista - I'm A Winner (Amended Album Version),Beastie Boys - B-Boy Bouillabaisse: A.W.O.L. (2009 Digital Remaster),Lauryn Hill - Interlude 5,Twista - I'm A Winner (Amended Album Version),Erykah Badu - I Want You,Kat DeLuna - Run The Show,Good Old War - Tell Me (Acoustic),Avant - Y.O.U.,Kat DeLuna - Run The Show,Good Old War - Tell Me (Acoustic),Jonny Lang - Breakin Me,Prince - I Love U In Me ( LP Version),N-Dubz - Feva Las Vegas,Prince - Jack U Off (LP Version),Prince - I Love U In Me ( LP Version),Prince - Jack U Off (LP Version),Aztec Camera - Valium Summer,Prince - Jack U Off (LP Version),Jewel - Leave The Lights On (Album Version),Serge Gainsbourg - New York USA,Prince - Jack U Off (LP Version),Jewel - Leave The Lights On (Album Version),Janet Jackson - Never Letchu Go
TREIEOO128F42B0099,SOJPTRM12A8C14003B,ARXOTQH1187FB57084,Chris Brown,Ain't No Way (You Won't Love Me),r&b/soul,Lauryn Hill - Interlude 5,Twista - I'm A Winner (Amended Album Version),Danity Kane - Hold Me Down (Album Version),Lauryn Hill - Interlude 5,Twista - I'm A Winner (Amended Album Version),Danity Kane - Hold Me Down (Album Version),Natasha Bedingfield - Stumble,Michael McDonald - You Don't Know Me,Hilary Duff - Play With Fire,Natasha Bedingfield - Stumble,Michael McDonald - You Don't Know Me,Hilary Duff - Play With Fire,Lauryn Hill - Interlude 5,Beastie Boys - B-Boy Bouillabaisse: A.W.O.L. (2009 Digital Remaster),Binary Star - Honest Expression,Binary Star - Honest Expression,Lauryn Hill - Interlude 5,Marques Houston - Naked,Sean Kingston - Magical,Toni Braxton - Love Affair,Akon - Be With You,Toni Braxton - Love Affair,Sean Kingston - Magical,Binary Star - Honest Expression
TRRZSBO128F428BE44,SOGEKBX12A8C13ACE1,ARPDVPJ1187B9ADBE9,Usher,Nice & Slow,r&b/soul,Lauryn Hill - Interlude 5,Twista - I'm A Winner (Amended Album Version),Erykah Badu - I Want You,Lauryn Hill - Interlude 5,Twista - I'm A Winner (Amended Album Version),Erykah Badu - I Want You,Avant - I Wanna Know,Al Jarreau - Look What You've Done For Me,Hawthorne Heights - Rescue Me,Avant - I Wanna Know,Al Jarreau - Look What You've Done For Me,Ginuwine - Only When ur Lonely,Beastie Boys - B-Boy Bouillabaisse: A.W.O.L. (2009 Digital Remaster),Eminem - 8 Mile,Lauryn Hill - Interlude 5,Chrisette Michele - All I Ever Think About,Marques Houston - Naked,Digital Underground - Sex Packets (LP Version),Digital Underground - Sex Packets (LP Version),Shai - Waiting For The Day,Simon Webbe - Star,Shai - Waiting For The Day,Digital Underground - Sex Packets (LP Version),Simon Webbe - Star
TRMZSRG128F428BE3F,SOPEKWP12A8C138692,ARPDVPJ1187B9ADBE9,Usher,Roni,r&b/soul,Lauryn Hill - Interlude 5,Twista - I'm A Winner (Amended Album Version),Beastie Boys - B-Boy Bouillabaisse: A.W.O.L. (2009 Digital Remaster),Lauryn Hill - Interlude 5,Twista - I'm A Winner (Amended Album Version),Beastie Boys - B-Boy Bouillabaisse: A.W.O.L. (2009 Digital Remaster),Nick Cave & The Bad Seeds - She Passed By My Window,Rickie Lee Jones - My One And Only Love,Mark Wills - She's In Love,Nick Cave & The Bad Seeds - She Passed By My Window,Rickie Lee Jones - My One And Only Love,Mark Wills - She's In Love,Lauryn Hill - Interlude 5,Atmosphere - Hair,Eminem - 8 Mile,Backstreet Boys - She's A Dream,Jack Ingram - Inna From Mexico,Natalie Cole - I'm Catching Hell (Living Here Alone) (Digitally Remastered 02),Leadbelly - Keep Your Hands Off Her,The Jeff Healey Band - My Little Girl,Little Richard - Lucille,Leadbelly - Keep Your Hands Off Her,The Jeff Healey Band - My Little Girl,Rufus Wainwright - Baby
TRENECR128F92DAC48,SOOPTMD12A8AE46BFE,ARXOTQH1187FB57084,Chris Brown,Damage,r&b/soul,Lauryn Hill - Interlude 5,Twista - I'm A Winner (Amended Album Version),Beastie Boys - B-Boy Bouillabaisse: A.W.O.L. (2009 Digital Remaster),Lauryn Hill - Interlude 5,Twista - I'm A Winner (Amended Album Version),Beastie Boys - B-Boy Bouillabaisse: A.W.O.L. (2009 Digital Remaster),R. Kelly - Kickin' It With Your Girlfriend,Mario Vazquez - Everytime I...,Less Than Jake - I Think I Love You,R. Kelly - Kickin' It With Your Girlfriend,The Puppini Sisters - I Will Survive,Mario Vazquez - Everytime I...,Lauryn Hill - Interlude 5,Beastie Boys - B-Boy Bouillabaisse: A.W.O.L. (2009 Digital Remaster),Eminem - My Darling,Michael Jackson - Man In The Mirror,Keith Sweat - Caught Up,Petey Pablo - Fool For Love,Britney Spears - Girl In The Mirror,The Damned - New Rose,Melanie Thornton - I Apologize,The Pharcyde - Passin' Me By,Keith Sweat - Caught Up,Amerie - Higher
TRIAONH128F9340E62,SOCTATF12A58A77508,ARXOTQH1187FB57084,Chris Brown,Gotta Be Ur Man,r&b/soul,Lauryn Hill - Interlude 5,Twista - I'm A Winner (Amended Album Version),Beastie Boys - B-Boy Bouillabaisse: A.W.O.L. (2009 Digital Remaster),Twista - I'm A Winner (Amended Album Version),Lauryn Hill - Interlude 5,Erykah Badu - I Want You,Melanie Thornton - I Apologize,Blackstreet - Happy Song (Tonite),Esmée Denters - Getting Over You,Melanie Thornton - I Apologize,Blackstreet - Happy Song (Tonite),Esmée Denters - Getting Over You,Beastie Boys - B-Boy Bouillabaisse: A.W.O.L. (2009 Digital Remaster),Lauryn Hill - Interlude 5,Michael Jackson - Man In The Mirror,Bow Wow - Sunshine,Michael Jackson - Man In The Mirror,Obie Trice - Hoodrats,Jeff Buckley - Be Your Husband,Bow Wow - Sunshine,Beck - Diskobox,Bow Wow - Sunshine,Jeff Buckley - Be Your Husband,Marques Houston - Naked
TRFBNCQ128F9302AD9,SORWAEG12AB0181063,ARCGJ6U1187FB4D01F,Akon,Birthmark,r&b/soul,Lauryn Hill - Interlude 5,Eminem - My Darling,Marques Houston - Cancel (Album Version),Fatboy Slim - Acid 8000,Marques Houston - Cancel (Album Version),Eminem - My Darling,Rooney - When Did Your Heart Go Missing?,Jamie Cullum - Where Is Your Heart At?,Eric Burdon - Heart Attack,Rooney - When Did Your Heart Go Missing?,Jamie Cullum - Where Is Your Heart At?,Eric Burdon - Heart Attack,Lauryn Hill - Interlude 5,Murs - The Dance,Beastie Boys - B-Boy Bouillabaisse: A.W.O.L. (2009 Digital Remaster),Lauryn Hill - Interlude 5,The Pharcyde - Otha Fish,Kenny Lattimore - Forgiveness,Kenny Wayne Shepherd - Get It Together (Album Version),The Supremes - When The Lovelight Starts Shining Through His Eyes,Kenny Lattimore - Forgiveness,Kenny Lattimore - Forgiveness,Kenny Wayne Shepherd - Get It Together (Album Version),Jonny Lang - Breakin Me
TRPZAPZ128F9341D3E,SOUFNEL12D021B2AEB,ARLMXEA1187B9A7D04,R. Kelly,Don't You Say No,r&b/soul,Lauryn Hill - Interlude 5,Twista - I'm A Winner (Amended Album Version),Erykah Badu - I Want You,Lauryn Hill - Interlude 5,Erykah Badu - I Want You,Twista - I'm A Winner (Amended Album Version),Kelly Price - Don't Say Goodbye,Nat King Cole - If You Can't Smile And Say Yes,Bad Brains - Don't Bother Me (Bad Brains),Kelly Price - Don't Say Goodbye,Nat King Cole - If You Can't Smile And Say Yes,Bad Brains - Don't Bother Me (Bad Brains),Lauryn Hill - Interlude 5,Beastie Boys - B-Boy Bouillabaisse: A.W.O.L. (2009 Digital Remaster),Ying Yang Twins - 1st Booty On Duty,Afroman - Let's All Get Drunk,Ying Yang Twins - 1st Booty On Duty,Bob Marley & The Wailers - Baby We've Got A Date (Rock It Baby),The Adicts - Disco,Mutya Buena - Not Your Baby,Bob Marley & The Wailers - Baby We've Got A Date (Rock It Baby),The Adicts - Disco,Mutya Buena - Not Your Baby,Marques Houston - Naked
TRGHYGG12903CAC100,SORLWRB12D02199388,ARLMXEA1187B9A7D04,R. Kelly,Kickin' It With Your Girlfriend,r&b/soul,Lauryn Hill - Interlude 5,Beastie Boys - B-Boy Bouillabaisse: A.W.O.L. (2009 Digital Remaster),Twista - I'm A Winner (Amended Album Version),Lauryn Hill - Interlude 5,Beastie Boys - B-Boy Bouillabaisse: A.W.O.L. (2009 Digital Remaster),Twista - I'm A Winner (Amended Album Version),Lloyd Cole - I Didn't Know That You Cared,King Tee - Guitar Playin',Blues Traveler - Hook,King Tee - Guitar Playin',Lloyd Cole - I Didn't Know That You Cared,Blues Traveler - Hook,Lauryn Hill - Interlude 5,Beastie Boys - B-Boy Bouillabaisse: A.W.O.L. (2009 Digital Remaster),Eminem - 8 Mile,Lauryn Hill - Interlude 5,R. Kelly - I Mean (I Don't Mean It),Dean Martin - Kiss,Robert Palmer - I Didn't Mean To Turn You On,Dean Martin - Kiss,R. Kelly - I Mean (I Don't Mean It),R. Kelly - I Mean (I Don't Mean It),Lauryn Hill - Interlude 5,Dean Martin - Kiss
TRNEYNN128F92C21F7,SOZEFCO12D02193313,ARLMXEA1187B9A7D04,R. Kelly,Rise Up,r&b/soul,Lauryn Hill - Interlude 5,Twista - I'm A Winner (Amended Album Version),Eminem - My Darling,Lauryn Hill - Interlude 5,Twista - I'm A Winner (Amended Album Version),Eminem - My Darling,Flobots - Rise,Big Moe - S.U.C.,The Pharcyde - Hey You,Flobots - Rise,Big Moe - S.U.C.,Hollywood Undead - Undead,Lauryn Hill - Interlude 5,The Simpsons - Do The Bartman,Flobots - Rise,Flobots - Rise,The Maine - You Left Me,The Simpsons - Do The Bartman,Flobots - Rise,Dierks Bentley - You Hold Me Together,John Waite - Sometimes,Flobots - Rise,Dierks Bentley - You Hold Me Together,John Waite - Sometimes
TRRSRXG128E07888AF,SOTFWWF12A67020F44,ARKSZW81187B9B695D,Mariah Carey,Joy Ride,r&b/soul,Lauryn Hill - Interlude 5,Beastie Boys - B-Boy Bouillabaisse: A.W.O.L. (2009 Digital Remaster),Erykah Badu - I Want You,Lauryn Hill - Interlude 5,Erykah Badu - I Want You,Beastie Boys - B-Boy Bouillabaisse: A.W.O.L. (2009 Digital Remaster),Sean Kingston - Magical,Leo Sayer - We've Got Ourselves In Love ,Ima Robot - Lovers In Captivity,Sean Kingston - Magical,Leo Sayer - We've Got Ourselves In Love ,Ima Robot - Lovers In Captivity,Beastie Boys - B-Boy Bouillabaisse: A.W.O.L. (2009 Digital Remaster),Lauryn Hill - Interlude 5,OutKast - Mainstream,Kristine W - Strings,Ledisi - Joy,Ashanti - Rock Wit U (Awww Baby),Ledisi - Joy,Kristine W - Strings,Bodyrockers - Round & Round,Ledisi - Joy,Kristine W - Strings,Keith Sweat - Make You Sweat (LP Version)
TRONPIZ128F1454219,SOKLOOH12A6D4F6EED,ARKSZW81187B9B695D,Mariah Carey,Sprung,r&b/soul,Lauryn Hill - Interlude 5,Twista - I'm A Winner (Amended Album Version),Erykah Badu - I Want You,Lauryn Hill - Interlude 5,Twista - I'm A Winner (Amended Album Version),Erykah Badu - I Want You,Hawthorne Heights - Rescue Me,Thalia - Alguien Real (Baby_ I'm In Love),Syleena Johnson - All Of Me,Hawthorne Heights - Rescue Me,Thalia - Alguien Real (Baby_ I'm In Love),Amos Lee - Supply & Demand,Big Brovaz - Find A Way,Fats Domino - I'm Ready,Twista - No Remorse (Album Version),Big Brovaz - Find A Way,Fats Domino - I'm Ready,Jill Scott - Brotha,Fats Domino - I'm Ready,Blink-182 - GO,Chenoa - Why You Doing Like That,Fats Domino - I'm Ready,Blink-182 - GO,Chenoa - Why You Doing Like That
TRJKYAO128F427420D,SOSEWHU12A8AE484E5,ARKSZW81187B9B695D,Luther Vandross,Never Too Much,r&b/soul,Lauryn Hill - Interlude 5,Beastie Boys - B-Boy Bouillabaisse: A.W.O.L. (2009 Digital Remaster),Twista - I'm A Winner (Amended Album Version),Lauryn Hill - Interlude 5,Beastie Boys - B-Boy Bouillabaisse: A.W.O.L. (2009 Digital Remaster),Twista - I'm A Winner (Amended Album Version),Nat King Cole - She's Funny That Way,Phyllis Hyman - Heavenly,Webb Pierce - I Ain't Never,Nat King Cole - She's Funny That Way,Phyllis Hyman - Heavenly,Webb Pierce - I Ain't Never,Beastie Boys - B-Boy Bouillabaisse: A.W.O.L. (2009 Digital Remaster),Lauryn Hill - Interlude 5,Eminem - 8 Mile,Eternal - Oh Baby I,Michelle Williams - Stop This Car,Hayseed Dixie - Touch Too Much,The Selecter - Too Much Pressure,Eternal - Oh Baby I,Nat King Cole - She's Funny That Way,The Selecter - Too Much Pressure,Eternal - Oh Baby I,Nat King Cole - She's Funny That Way
TRYGRKO128F9343244,SOMBFBA12A8C13D236,ARLMXEA1187B9A7D04,R. Kelly,Chocolate Factory,r&b/soul,Lauryn Hill - Interlude 5,Beastie Boys - B-Boy Bouillabaisse: A.W.O.L. (2009 Digital Remaster),Eminem - My Darling,Lauryn Hill - Interlude 5,Beastie Boys - B-Boy Bouillabaisse: A.W.O.L. (2009 Digital Remaster),Eminem - My Darling,Clifford T Ward - A Day To Myself,Clannad - Second Nature,Joan Baez - The Lily Of The West,Clifford T Ward - A Day To Myself,Clannad - Second Nature,Toby Keith - Sweet,Prince - I Love U In Me ( LP Version),N-Dubz - Feva Las Vegas,Lauryn Hill - Interlude 5,Prince - I Love U In Me ( LP Version),Prince - Jack U Off (LP Version),N-Dubz - Feva Las Vegas,Prince - Jack U Off (LP Version),Long Beach Dub Allstars - It Ain't Easy,Jewel - Leave The Lights On (Album Version),Prince - Jack U Off (LP Version),Long Beach Dub Allstars - It Ain't Easy,Pulp - Space
TROIJDA128F9341E70,SOCUXGX12A8C13B78C,ARLMXEA1187B9A7D04,R. Kelly,I Mean (I Don't Mean It),r&b/soul,Erykah Badu - I Want You,Lauryn Hill - Interlude 5,Twista - I'm A Winner (Amended Album Version),Erykah Badu - I Want You,Lauryn Hill - Interlude 5,Twista - I'm A Winner (Amended Album Version),Millencolin - Random I Am (Album Version),G-Unit - I Don't Want To Talk About It,Macy Gray - Shoo Be Doo,Millencolin - Random I Am (Album Version),G-Unit - I Don't Want To Talk About It,Macy Gray - Shoo Be Doo,Lauryn Hill - Interlude 5,Beastie Boys - B-Boy Bouillabaisse: A.W.O.L. (2009 Digital Remaster),The Isley Brothers - Touch Me,R. Kelly - Kickin' It With Your Girlfriend,Lauryn Hill - Interlude 5,The Isley Brothers - Touch Me,Robert Palmer - I Didn't Mean To Turn You On,Maxi Priest - Are You Ready For Me,Sharon Jones & The Dap-Kings - Tell Me,Robert Palmer - I Didn't Mean To Turn You On,R. Kelly - Kickin' It With Your Girlfriend,Jon B. - Do It All Again
TRXTJGV12903CAC0F8,SOJYYAN12A58A790B1,ARLMXEA1187B9A7D04,R. Kelly,In The Kitchen,r&b/soul,Lauryn Hill - Interlude 5,Twista - I'm A Winner (Amended Album Version),Beastie Boys - B-Boy Bouillabaisse: A.W.O.L. (2009 Digital Remaster),Lauryn Hill - Interlude 5,Twista - I'm A Winner (Amended Album Version),Beastie Boys - B-Boy Bouillabaisse: A.W.O.L. (2009 Digital Remaster),Honeycut - Crowded Avenue,Grandmaster Flash - Them Jeans,Scooter - Time And Space,Honeycut - Crowded Avenue,Grandmaster Flash - Them Jeans,Scooter - Time And Space,Twista - Overdose (Album Version),Beastie Boys - B-Boy Bouillabaisse: A.W.O.L. (2009 Digital Remaster),Lauryn Hill - Interlude 5,Twista - Overdose (Album Version),Black Eyed Peas - Sexy,DMX - Keep Your Shit The Hardest,Black Eyed Peas - Sexy,Ohio Players - It's All Over,John Fogerty - Rock And Roll Girls,Black Eyed Peas - Sexy,Ohio Players - It's All Over,John Fogerty - Rock And Roll Girls
TRTWRQD12903CA9E3B,SOCDGAR12AB018CE44,AR52EZT1187B9900BF,Alicia Keys,Distance And Time,r&b/soul,Lauryn Hill - Interlude 5,Twista - I'm A Winner (Amended Album Version),Erykah Badu - I Want You,Lauryn Hill - Interlude 5,Twista - I'm A Winner (Amended Album Version),Erykah Badu - I Want You,Beverley Craven - Promise Me,Burden Of A Day - My Forfeit,Hello Saferide - Get Sick Soon,Beverley Craven - Promise Me,Burden Of A Day - My Forfeit,Hello Saferide - Get Sick Soon,Eminem - 8 Mile,Lauryn Hill - Interlude 5,Beastie Boys - B-Boy Bouillabaisse: A.W.O.L. (2009 Digital Remaster),Eternal - Oh Baby I,Curve - Coming Up Roses,Enrique Iglesias - Miss You,Alphaville - 20th Century,Eternal - Oh Baby I,Curve - Coming Up Roses,Eternal - Oh Baby I,Burt Bacharach - The Look Of Love,Alphaville - 20th Century
TRWPMRK12903CCDA98,SOWGUXF12AB0185700,AR52EZT1187B9900BF,Alicia Keys,Lover Man,r&b/soul,Lauryn Hill - Interlude 5,Beastie Boys - B-Boy Bouillabaisse: A.W.O.L. (2009 Digital Remaster),Michael Jackson - Man In The Mirror,Lauryn Hill - Interlude 5,Beastie Boys - B-Boy Bouillabaisse: A.W.O.L. (2009 Digital Remaster),Michael Jackson - Man In The Mirror,Diana King - Can't Do Without You,Cree Summer - Miss Moon,Atmosphere - Hair,Diana King - Can't Do Without You,Atmosphere - Hair,The Jazz Butcher - She's On Drugs,Lauryn Hill - Interlude 5,Beastie Boys - B-Boy Bouillabaisse: A.W.O.L. (2009 Digital Remaster),Savatage - The Hourglass,Michael Jackson - Man In The Mirror,Esmée Denters - Getting Over You,Talib Kweli - Eat To Live (Album Version),Bo Diddley - You Can't Judge A Book By It's Cover,Kurt Elling - Moonlight Serenade,Ray Charles - I Got a Woman,Bo Diddley - You Can't Judge A Book By It's Cover,Kurt Elling - Moonlight Serenade,Ray Charles - I Got a Woman
TRMTTBA128F429A7EC,SOSYUFF12A8C13C104,AR52EZT1187B9900BF,Alicia Keys,Nobody Not Really (Interlude),r&b/soul,Beastie Boys - B-Boy Bouillabaisse: A.W.O.L. (2009 Digital Remaster),Eminem - 8 Mile,Nelly - Splurge,Beastie Boys - B-Boy Bouillabaisse: A.W.O.L. (2009 Digital Remaster),Eminem - 8 Mile,Nelly - Splurge,Charley Patton - Down The Dirt Road Blues,Raine Maida - Confessional,The Distillers - I Understand,Charley Patton - Down The Dirt Road Blues,Raine Maida - Confessional,Z-RO - Pain,Lauryn Hill - Interlude 5,Eminem - If I Had,Nelly - Splurge,Blind Willie McTell - Come On Around To My House Mama,John Legend - Everybody Knows,Lou Reed - So Alone,Eels - Jeannie's Diary,Irma Thomas - Anyone Who Knows What Love Is (Will Understand),Roxy Music - A Really Good Time (1999 Digital Remaster),Eels - Jeannie's Diary,Roxy Music - A Really Good Time (1999 Digital Remaster),Irma Thomas - Anyone Who Knows What Love Is (Will Understand)
TRWCVWH128F4284EE5,SOIYWLQ12AF729E318,AR52EZT1187B9900BF,Alicia Keys,Piano & I,r&b/soul,Lauryn Hill - Interlude 5,Erykah Badu - I Want You,Twista - I'm A Winner (Amended Album Version),Lauryn Hill - Interlude 5,Erykah Badu - I Want You,Twista - I'm A Winner (Amended Album Version),Frankie J - Without You,Permanent Me - Heartattack,Big Star - I Am The Cosmos,Frankie J - Without You,Permanent Me - Heartattack,Binary Star - Honest Expression,Lauryn Hill - Interlude 5,KMD - Plumskinzz (Loose Hoe_ God & Cupid),Onyx - Slam,Onyx - Slam,Onyx - Slam Harder,KMD - Plumskinzz (Loose Hoe_ God & Cupid),Korn - Lowrider,Grand Puba - Alamo,Le Tigre - Fake French,Korn - Lowrider,KMD - Plumskinzz (Loose Hoe_ God & Cupid),Frankie J - Without You
TRQQLZD128F425E9BC,SOYSABZ12A58A7CAE3,AR52EZT1187B9900BF,Alicia Keys,Tell You Something (Nana's Reprise),r&b/soul,R. Kelly - I Mean (I Don't Mean It),Lauryn Hill - Interlude 5,Twista - I'm A Winner (Amended Album Version),R. Kelly - I Mean (I Don't Mean It),Erykah Badu - I Want You,Lauryn Hill - Interlude 5,Joe Bonamassa - Ball Peen Hammer,Kristin Hersh - Tuesday Night,Toni Braxton - Love Affair,Joe Bonamassa - Ball Peen Hammer,Kristin Hersh - Tuesday Night,Toni Braxton - Love Affair,Lauryn Hill - Interlude 5,Anastacia - Club Megamix,Beastie Boys - B-Boy Bouillabaisse: A.W.O.L. (2009 Digital Remaster),Anastacia - Club Megamix,Kanye West - Can't Tell Me Nothing,Kandi - I Wanna Know,Chromeo - Destination: Overdrive,Vetiver - Everyday,Blink-182 - Adam's Song,Anastacia - Club Megamix,Chromeo - Destination: Overdrive,Vetiver - Everyday
TREAJBV12903CCDA96,SOVRMZU12AB017FE90,AR52EZT1187B9900BF,Alicia Keys,Try Sleeping With A Broken Heart,r&b/soul,Lauryn Hill - Interlude 5,Twista - I'm A Winner (Amended Album Version),Danity Kane - Hold Me Down (Album Version),Twista - I'm A Winner (Amended Album Version),Lauryn Hill - Interlude 5,Danity Kane - Hold Me Down (Album Version),Barry White - Never Gonna Give You Up,Erin McKeown - Fast As I Can,Liz Phair - Go On Ahead,Barry White - Never Gonna Give You Up,Erin McKeown - Fast As I Can,Liz Phair - Go On Ahead,Lauryn Hill - Interlude 5,Eminem - My Darling,Dar Williams - Mortal City,Erin McKeown - Fast As I Can,Kenny Lattimore - Forgiveness,Status Quo - Going Down Town Tonight,Erin McKeown - Fast As I Can,Bob Marley - Soul Shakedown,Doris Day - (Why Did I Tell You I Was Going To) Shanghai,Erin McKeown - Fast As I Can,Kenny Lattimore - Forgiveness,Ashton Shepherd - Lost In You
TRDFWVZ128F4284EF0,SODFKEG12AF72A4E66,AR52EZT1187B9900BF,Alicia Keys,Why Do I Feel So Sad,r&b/soul,Lauryn Hill - Interlude 5,Beastie Boys - B-Boy Bouillabaisse: A.W.O.L. (2009 Digital Remaster),R. Kelly - I Mean (I Don't Mean It),Lauryn Hill - Interlude 5,Beastie Boys - B-Boy Bouillabaisse: A.W.O.L. (2009 Digital Remaster),Erykah Badu - I Want You,Brian McKnight - Try Our Love Again,Classified - Freezin In The Cold,Todd Rundgren - Lost Horizon,Brian McKnight - Try Our Love Again,Classified - Freezin In The Cold,Todd Rundgren - Lost Horizon,Lauryn Hill - Interlude 5,Eminem - 8 Mile,Natalie Cole - I'm Catching Hell (Living Here Alone) (Digitally Remastered 02),Lauryn Hill - Interlude 5,Cibelle - Hate,Natalie Cole - I'm Catching Hell (Living Here Alone) (Digitally Remastered 02),Cibelle - Hate,Good Old War - Tell Me (Acoustic),The Ataris - You Need A Hug,Good Old War - Tell Me (Acoustic),Cibelle - Hate,The Ataris - You Need A Hug
TRFRUCJ128F4284EF2,SOKILIB12D021B411C,AR52EZT1187B9900BF,Alicia Keys,Lovin U,r&b/soul,Lauryn Hill - Interlude 5,Twista - I'm A Winner (Amended Album Version),Erykah Badu - I Want You,Lauryn Hill - Interlude 5,Twista - I'm A Winner (Amended Album Version),Erykah Badu - I Want You,Keziah Jones - Rhythm Is Love,Commodores - Easy,The Charlatans - Dead Love,Keziah Jones - Rhythm Is Love,Commodores - Easy,The Charlatans - Dead Love,Commodores - Easy,Lauryn Hill - Interlude 5,Aretha Franklin - A Deeper Love,Commodores - Easy,Aretha Franklin - A Deeper Love,Boyz II Men - Easy,Boyz II Men - Easy,RJD2 - Work It Out,Harry Connick_ Jr. - Easy To Love,Boyz II Men - Easy,RJD2 - Work It Out,Harry Connick_ Jr. - Easy To Love
TRXONIT128F9355F39,SOMSIJG12AF72AD5CE,ARQFENL121318C58A6,Jeremih,My Ride,r&b/soul,Beastie Boys - B-Boy Bouillabaisse: A.W.O.L. (2009 Digital Remaster),Lauryn Hill - Interlude 5,The Roots - Mellow My Man,Beastie Boys - B-Boy Bouillabaisse: A.W.O.L. (2009 Digital Remaster),The Roots - Mellow My Man,Britney Spears - Radar,2Pac - Strictly 4 My N.I.G.G.A.Z.,Anita Baker - In My Heart,Kottonmouth Kings - Bump,2Pac - Strictly 4 My N.I.G.G.A.Z.,Anita Baker - In My Heart,Kottonmouth Kings - Bump,Beastie Boys - B-Boy Bouillabaisse: A.W.O.L. (2009 Digital Remaster),Kurupt - Who Ride Wit Us,Twista - No Remorse (Album Version),Kurupt - Who Ride Wit Us,Beastie Boys - B-Boy Bouillabaisse: A.W.O.L. (2009 Digital Remaster),Jay-Z - So Ghetto,Kurupt - Who Ride Wit Us,Ruben Studdard - To Da Crib,Rose Royce - Is It Love You're After,Kurupt - Who Ride Wit Us,Ruben Studdard - To Da Crib,Michelle Williams - Stop This Car
TRURHNH128F9355F33,SONEKBK12AB017C335,ARQFENL121318C58A6,Jeremih,Starting All Over,r&b/soul,Lauryn Hill - Interlude 5,Eminem - 8 Mile,Beastie Boys - B-Boy Bouillabaisse: A.W.O.L. (2009 Digital Remaster),Lauryn Hill - Interlude 5,Eminem - 8 Mile,Beastie Boys - B-Boy Bouillabaisse: A.W.O.L. (2009 Digital Remaster),Eminem - 8 Mile,Ashley MacIsaac - I Don't Need This,Blues Traveler - Hook,Eminem - 8 Mile,Ashley MacIsaac - I Don't Need This,Blues Traveler - Hook,Lauryn Hill - Interlude 5,KMD - Plumskinzz (Loose Hoe_ God & Cupid),Onyx - Slam,KMD - Plumskinzz (Loose Hoe_ God & Cupid),Onyx - Slam Harder,Onyx - Slam,Shania Twain - I'm Not In The Mood (To Say No)!,Grand Puba - Alamo,Pat Travers - I La La La Love You,Shania Twain - I'm Not In The Mood (To Say No)!,KMD - Plumskinzz (Loose Hoe_ God & Cupid),Afroman - Life of Tha Party
TRBVOUE128F92F4B3E,SOLYDSR12D021902F1,ARIL5841187FB5C061,Duffy,Oh Boy,r&b/soul,Beastie Boys - B-Boy Bouillabaisse: A.W.O.L. (2009 Digital Remaster),Lauryn Hill - Interlude 5,Twista - I'm A Winner (Amended Album Version),Beastie Boys - B-Boy Bouillabaisse: A.W.O.L. (2009 Digital Remaster),Lauryn Hill - Interlude 5,Twista - I'm A Winner (Amended Album Version),Ledisi - Best Friend,Hank Thompson - Drivin' Nails In My Coffin,Canned Heat - Dust My Broom,Ledisi - Best Friend,Canned Heat - Dust My Broom,Elmore James - Dust My Broom,Lauryn Hill - Interlude 5,Beastie Boys - B-Boy Bouillabaisse: A.W.O.L. (2009 Digital Remaster),Aceyalone - Mr. Outsider,Lisa Loeb - Jake,Judy Collins - Cat's In The Cradle,Suzi Quatro - Mama's Boy,Iggy Pop - Home,Lisa Loeb - Jake,Extreme - Li'l Jack Horny,Lisa Loeb - Jake,Iggy Pop - Home,Extreme - Li'l Jack Horny
TRTAKII128F92E4449,SOKHIOI12A8C141E73,AR9B7FG1187B9A5C96,Jay Sean,Maybe,r&b/soul,Lauryn Hill - Interlude 5,Twista - I'm A Winner (Amended Album Version),Beastie Boys - B-Boy Bouillabaisse: A.W.O.L. (2009 Digital Remaster),Lauryn Hill - Interlude 5,Twista - I'm A Winner (Amended Album Version),Beastie Boys - B-Boy Bouillabaisse: A.W.O.L. (2009 Digital Remaster),Beastie Boys - So What'Cha Want (Butt Naked Version) (Explicit) (2009 Digital Remaster),Tony Sly - On the Outside,Billie Holiday - Guilty,Beastie Boys - So What'Cha Want (Butt Naked Version) (Explicit) (2009 Digital Remaster),Tony Sly - On the Outside,Anastacia - Club Megamix,Beastie Boys - B-Boy Bouillabaisse: A.W.O.L. (2009 Digital Remaster),Lauryn Hill - Interlude 5,K-OS - FlyPaper,K-OS - FlyPaper,Keith Sweat - Caught Up,Samantha Mumba - Feelin Is Right,Rebelution - Safe and Sound,Poverty's no Crime - Left to chance,Billie Holiday - Guilty,Rebelution - Safe and Sound,K-OS - FlyPaper,Michael Penn - Evenfall
TRSHMDQ128F422C1D6,SOZBCSN12A8AE46F93,AR9B7FG1187B9A5C96,Jay Sean,Stuck In the Middle,r&b/soul,Lauryn Hill - Interlude 5,Twista - I'm A Winner (Amended Album Version),Beastie Boys - B-Boy Bouillabaisse: A.W.O.L. (2009 Digital Remaster),Lauryn Hill - Interlude 5,Twista - I'm A Winner (Amended Album Version),Beastie Boys - B-Boy Bouillabaisse: A.W.O.L. (2009 Digital Remaster),Kevon Edmonds - Never Love You,Lauryn Hill - Interlude 5,Alice Smith - Dream,Kevon Edmonds - Never Love You,Lauryn Hill - Interlude 5,Blood_ Sweat & Tears - So Much Love/Underture,Lauryn Hill - Interlude 5,Beastie Boys - B-Boy Bouillabaisse: A.W.O.L. (2009 Digital Remaster),Eminem - 8 Mile,Lauryn Hill - Interlude 5,Beastie Boys - B-Boy Bouillabaisse: A.W.O.L. (2009 Digital Remaster),Omarion - I'm Gon' Change,Saint Etienne - Stop & Think It Over,David Ball - Loser Friendly,Sammie - I Like It (Remix),Saint Etienne - Stop & Think It Over,David Ball - Loser Friendly,Sammie - I Like It (Remix)
TRENMSO128F42AF485,SOUXXLG12A8C13EB34,AR8DTD41187FB51ED9,Fantasia,Bump What Your Friends Say,r&b/soul,Lauryn Hill - Interlude 5,Twista - I'm A Winner (Amended Album Version),Eminem - My Darling,Lauryn Hill - Interlude 5,Twista - I'm A Winner (Amended Album Version),Eminem - My Darling,KeKe Wyatt - If Only You Knew,Samantha Mumba - Never Meant To Be,Eminem - My Darling,KeKe Wyatt - If Only You Knew,Samantha Mumba - Never Meant To Be,Eminem - My Darling,Lauryn Hill - Interlude 5,Beastie Boys - B-Boy Bouillabaisse: A.W.O.L. (2009 Digital Remaster),Eminem - My Darling,Eminem - My Darling,Kurupt - Ho's A Housewife,Bette Midler - Friends/Oh My My (LIve),Samantha Mumba - Never Meant To Be,Backstreet Boys - Don't Want You Back,Gretchen Wilson - One Of The Boys,Samantha Mumba - Never Meant To Be,Bette Midler - Friends/Oh My My (LIve),Backstreet Boys - Don't Want You Back
TRTSASI12903CC26E8,SOUSVDG12AB018B099,AR20CFC1187B98A25D,Ray Charles,Smack Dab In The Middle,r&b/soul,Lauryn Hill - Interlude 5,Beastie Boys - B-Boy Bouillabaisse: A.W.O.L. (2009 Digital Remaster),Twista - I'm A Winner (Amended Album Version),Lauryn Hill - Interlude 5,Beastie Boys - B-Boy Bouillabaisse: A.W.O.L. (2009 Digital Remaster),The Pharcyde - Otha Fish,Johnny Cash - Man In White,RKL - Heavily Sedated,DJ Quik - Safe + Sound,Johnny Cash - Man In White,DJ Quik - Safe + Sound,RKL - Heavily Sedated,Beastie Boys - B-Boy Bouillabaisse: A.W.O.L. (2009 Digital Remaster),Lauryn Hill - Interlude 5,T-Bone - Throw Ya Handz Up,T-Bone - Throw Ya Handz Up,Fergie - Get Your Hands Up,Pat Travers - Is This Love,Pat Travers - Is This Love,Ike & Tina Turner - Rock Me Baby,T. Rex - 20th Century Boy,Pat Travers - Is This Love,Ike & Tina Turner - Rock Me Baby,T. Rex - 20th Century Boy
TRNZNSR128F429F04B,SOIFMOR12A8C13C0CD,AR20CFC1187B98A25D,Ray Charles,Don't You Know,r&b/soul,Lauryn Hill - Interlude 5,Twista - I'm A Winner (Amended Album Version),Vanilla Ice - It's A Party,Lauryn Hill - Interlude 5,Twista - I'm A Winner (Amended Album Version),Vanilla Ice - It's A Party,Marques Houston - Naked,Usher - Love Was Here,K-Ci & JoJo - Baby Come Back,Marques Houston - Naked,Usher - Love Was Here,K-Ci & JoJo - Baby Come Back,Beastie Boys - B-Boy Bouillabaisse: A.W.O.L. (2009 Digital Remaster),Snoop Dogg - Snoopafella (Edited),Lauryn Hill - Interlude 5,Sugarland - Baby Girl,Usher - Love Was Here,Atmosphere - Breathing,Gregory Isaac - Soon Forward,Ray Charles - Kiss me baby,Ike & Tina Turner - Rock Me Baby,Gregory Isaac - Soon Forward,Ray Charles - Kiss me baby,The Temptations - Ain't Too Proud To Beg
TRWFFHM128F92F99C4,SOJVLDB12AB017ACC4,ARZCS0M1187FB52EAB,Chrisette Michele,All I Ever Think About,r&b/soul,Lauryn Hill - Interlude 5,Twista - I'm A Winner (Amended Album Version),Erykah Badu - I Want You,Lauryn Hill - Interlude 5,Twista - I'm A Winner (Amended Album Version),Erykah Badu - I Want You,Clawfinger - Revenge,Less Than Jake - I Think I Love You,Anastacia - Club Megamix,Clawfinger - Revenge,Less Than Jake - I Think I Love You,Anastacia - Club Megamix,Lauryn Hill - Interlude 5,Binary Star - Honest Expression,Nelly - Splurge,Nelly - Splurge,Usher - Nice & Slow,Anastacia - Club Megamix,Usher - Nice & Slow,Stevie Wonder - If You Really Love Me,Descendents - Talking,Usher - Nice & Slow,N-Dubz - Sex,Shai - Waiting For The Day
TRDIOJU128F931BF15,SOPGSCU12D0219384E,ARRZUPG11F43A69EF7,Jackson 5,(You Were Made) Especially For Me,r&b/soul,Lauryn Hill - Interlude 5,Twista - I'm A Winner (Amended Album Version),Danity Kane - Hold Me Down (Album Version),Lauryn Hill - Interlude 5,Danity Kane - Hold Me Down (Album Version),Twista - I'm A Winner (Amended Album Version),Mutya Buena - Not Your Baby,Bad Brains - Don't Bother Me (Bad Brains),Keith Sweat - Give Me What I Want (LP Version),Mutya Buena - Not Your Baby,Bad Brains - Don't Bother Me (Bad Brains),Keith Sweat - Give Me What I Want (LP Version),The Puppini Sisters - Don't Sit Under The Apple Tree,Newton Faulkner - Dream Catch Me,Eminem - My Darling,The Puppini Sisters - Don't Sit Under The Apple Tree,Newton Faulkner - Dream Catch Me,Danity Kane - Hold Me Down (Album Version),Irma Thomas - Anyone Who Knows What Love Is (Will Understand),The Puppini Sisters - Don't Sit Under The Apple Tree,Newton Faulkner - Dream Catch Me,Irma Thomas - Anyone Who Knows What Love Is (Will Understand),The Puppini Sisters - Don't Sit Under The Apple Tree,Newton Faulkner - Dream Catch Me
TRGYQBU128F9342C87,SONQNNF12D021B4C46,ARRZUPG11F43A69EF7,Jackson 5,I Was Made To Love Her,r&b/soul,Lauryn Hill - Interlude 5,Beastie Boys - B-Boy Bouillabaisse: A.W.O.L. (2009 Digital Remaster),Eminem - 8 Mile,Lauryn Hill - Interlude 5,Beastie Boys - B-Boy Bouillabaisse: A.W.O.L. (2009 Digital Remaster),Eminem - 8 Mile,Con Funk Shun - Electric Lady,Doyle Bramhall - Cryin',The Knack - Heartbeat,Con Funk Shun - Electric Lady,Doyle Bramhall - Cryin',The Knack - Heartbeat,Lauryn Hill - Interlude 5,Beastie Boys - B-Boy Bouillabaisse: A.W.O.L. (2009 Digital Remaster),Hayseed Dixie - Black Dog,Hayseed Dixie - Black Dog,Lauryn Hill - Interlude 5,James Taylor - It's Growing,Busted - Build Me Up Buttercup,Hayseed Dixie - Black Dog,Simian Mobile Disco - I BELIEVE,Busted - Build Me Up Buttercup,Hayseed Dixie - Black Dog,Simian Mobile Disco - I BELIEVE
TRVBSAC128F42B6438,SOAPRQO12AF72A2410,ARRZUPG11F43A69EF7,Jackson 5,Bridge Over Troubled Water,r&b/soul,Twista - I'm A Winner (Amended Album Version),Lauryn Hill - Interlude 5,Beastie Boys - B-Boy Bouillabaisse: A.W.O.L. (2009 Digital Remaster),Twista - I'm A Winner (Amended Album Version),Lauryn Hill - Interlude 5,Beastie Boys - B-Boy Bouillabaisse: A.W.O.L. (2009 Digital Remaster),Boyz II Men - To The Limit,The Dells - It's All Up To You,Annihilator - Hunter killer,Boyz II Men - To The Limit,The Dells - It's All Up To You,Annihilator - Hunter killer,OutKast - Mainstream,Warren G - Keepin' It Strong,Beastie Boys - B-Boy Bouillabaisse: A.W.O.L. (2009 Digital Remaster),Johnny Winter - Lay Down Your Sorrows,Mississippi Fred McDowell - When I Lay My Burden Down,Tanya Tucker - Some Kind Of Trouble,Mississippi Fred McDowell - When I Lay My Burden Down,Johnny Winter - Lay Down Your Sorrows,Stellastarr* - Sweet Troubled Soul,Mississippi Fred McDowell - When I Lay My Burden Down,Johnny Winter - Lay Down Your Sorrows,Stellastarr* - Sweet Troubled Soul
TRHTGXF128F931BEE7,SOVJMLE12AB01848BF,ARRZUPG11F43A69EF7,Jackson 5,Goin' Back To Indiana,r&b/soul,Eminem - 8 Mile,Beastie Boys - B-Boy Bouillabaisse: A.W.O.L. (2009 Digital Remaster),Mario Vazquez - Everytime I...,Eminem - 8 Mile,Beastie Boys - B-Boy Bouillabaisse: A.W.O.L. (2009 Digital Remaster),Mario Vazquez - Everytime I...,Mc Chris - hoodie ninja,Jessica Andrews - Who I Am,Midnite - Bushman,Mc Chris - hoodie ninja,Jessica Andrews - Who I Am,Eminem - 8 Mile,The Simpsons - Do The Bartman,The Isley Brothers - Touch Me,The Isley Brothers - Contagious,The Simpsons - Do The Bartman,Avant - Heaven,Us3 - I Got It Goin' On,Avant - Heaven,Jimmy Reed - Going To New York,Us3 - I Got It Goin' On,Avant - Heaven,Us3 - I Got It Goin' On,Nina Simone - He Ain't Comin' Home No More
TRULIIL128F4228AC8,SOHQSLE12A6D4FD852,ARRZUPG11F43A69EF7,Jackson 5,Lookin' Through The Windows,r&b/soul,Lauryn Hill - Interlude 5,Life Without Buildings - New Town,Twista - I'm A Winner (Amended Album Version),Life Without Buildings - New Town,Lauryn Hill - Interlude 5,Twista - I'm A Winner (Amended Album Version),Crystal Castles - Insectica,Echobelly - Dark Therapy,Chiasm - Enemy,Crystal Castles - Insectica,Echobelly - Dark Therapy,Gravediggaz - Unexplained,Houston - Twizala,Willie Nelson - Remember Me,Javier - Slow Motion,Houston - Twizala,Javier - Slow Motion,Willie Nelson - Remember Me,Houston - Twizala,Waldeck - Morning Light,The Mick Fleetwood Blues Band - Looking for Somebody,Houston - Twizala,Waldeck - Morning Light,The Mick Fleetwood Blues Band - Looking for Somebody
TRTKNDU128EF3517DF,SOHAESY12A6D223C62,ARRZUPG11F43A69EF7,Jackson 5,You've Changed,r&b/soul,Lauryn Hill - Interlude 5,Twista - I'm A Winner (Amended Album Version),Michael Jackson - Man In The Mirror,Lauryn Hill - Interlude 5,Twista - I'm A Winner (Amended Album Version),Michael Jackson - Man In The Mirror,Adina Howard - Nasty Grind,The Specials - Skinhead Moonstomp,Creed - Wrong Way,Adina Howard - Nasty Grind,The Specials - Skinhead Moonstomp,Creed - Wrong Way,Michael Jackson - Man In The Mirror,Lauryn Hill - Interlude 5,Eminem - My Darling,Michael Jackson - Man In The Mirror,Moby - Yeah,Aretha Franklin - Jump To It,Luther Vandross - Here And Now,Moby - Yeah,Cat Stevens - Rubylove,Luther Vandross - Here And Now,Moby - Yeah,Bonnie Raitt - Something To Talk About
TRQBNNZ128F92D4F35,SONSXHN12A58A7B790,ARNQKXK1187B99EFDA,Jazmine Sullivan,Switch!,r&b/soul,Lauryn Hill - Interlude 5,Beastie Boys - B-Boy Bouillabaisse: A.W.O.L. (2009 Digital Remaster),Twista - I'm A Winner (Amended Album Version),Lauryn Hill - Interlude 5,Beastie Boys - B-Boy Bouillabaisse: A.W.O.L. (2009 Digital Remaster),Mario Vazquez - Everytime I...,Bouncing Souls_ The - Pervert,Mario Vazquez - Everytime I...,Common - Book Of Life,Bouncing Souls_ The - Pervert,Common - Book Of Life,Mario Vazquez - Everytime I...,Lauryn Hill - Interlude 5,The Simpsons - Do The Bartman,Beastie Boys - B-Boy Bouillabaisse: A.W.O.L. (2009 Digital Remaster),Lauryn Hill - Interlude 5,The Simpsons - Do The Bartman,DMX - Bring Your Whole Crew,Wisdom In Chains - I Don't Care,Nickel Creek - Best Of Luck,Paul Westerberg - Best Thing That Never Happened,Nickel Creek - Best Of Luck,Wisdom In Chains - I Don't Care,Judge Dread - The Winkle Man
TRTYGWW128E0794FA2,SOXJKGU12A67ADA1C9,ARIPLUN1187B99B9F9,The Police,One World (Not Three),reggae,Ja Rule - One of Us,Black Eyed Peas - One Tribe,Lauryn Hill - Interlude 5,Ja Rule - One of Us,Black Eyed Peas - One Tribe,Lauryn Hill - Interlude 5,The Derek Trucks Band - Revolution,Tracie Spencer - Imagine,Black Eyed Peas - One Tribe,The Derek Trucks Band - Revolution,Tracie Spencer - Imagine,Black Eyed Peas - One Tribe,Eminem - 8 Mile,Lauryn Hill - Interlude 5,Recoil - Curse,Eminem - 8 Mile,Jonathan Coulton - Mandlebrot Set,Eminem - If I Had,Shamen - Lightspan,Dwarves - Throw That World Away,Tracie Spencer - Imagine,Shamen - Lightspan,Tracie Spencer - Imagine,The Flatliners - This Respirator
TRKHTKI128F92EA339,SOSDIHQ12A8C13C23F,AR6J3X81187FB59A7B,Matisyahu,Close My Eyes,reggae,Lauryn Hill - Interlude 5,Beastie Boys - B-Boy Bouillabaisse: A.W.O.L. (2009 Digital Remaster),Twista - I'm A Winner (Amended Album Version),Lauryn Hill - Interlude 5,Beastie Boys - B-Boy Bouillabaisse: A.W.O.L. (2009 Digital Remaster),Twista - I'm A Winner (Amended Album Version),Blackalicious - Just What Can Happen,The Cat Empire - Days Like These,Swollen Members - Switchblade,Blackalicious - Just What Can Happen,The Cat Empire - Days Like These,Swollen Members - Switchblade,Beastie Boys - B-Boy Bouillabaisse: A.W.O.L. (2009 Digital Remaster),Lauryn Hill - Interlude 5,Eminem - 8 Mile,Beastie Boys - B-Boy Bouillabaisse: A.W.O.L. (2009 Digital Remaster),The Cat Empire - Days Like These,Organized Konfusion - Walk Into The Sun,Freedom Call - Flying high,R.I.O. - After The Love,The Cat Empire - Days Like These,Beastie Boys - B-Boy Bouillabaisse: A.W.O.L. (2009 Digital Remaster),The Cat Empire - Days Like These,Kool Moe Dee - Bad Mutha
TRACTLX128F42A51F6,SOWXKLQ12A8C13C221,AR6J3X81187FB59A7B,Matisyahu,Exaltation,reggae,Lauryn Hill - Interlude 5,Beastie Boys - B-Boy Bouillabaisse: A.W.O.L. (2009 Digital Remaster),The Pharcyde - Otha Fish,Lauryn Hill - Interlude 5,Beastie Boys - B-Boy Bouillabaisse: A.W.O.L. (2009 Digital Remaster),The Pharcyde - Otha Fish,Opera IX - Immortal Chant,Lizzy Borden - There Will Be Blood Tonight,Frank Sinatra - The Girl That I Marry,Opera IX - Immortal Chant,Lizzy Borden - There Will Be Blood Tonight,Frank Sinatra - The Girl That I Marry,Savatage - The Hourglass,Ja Rule - One of Us,Recoil - Curse,Tree63 - All Over The World,Savatage - The Hourglass,Paul Potts - O Holy Night,Andrew Peterson - Holy Is The Lord,Enigma - Prism Of Life,Paul Potts - O Holy Night,Enigma - Prism Of Life,Paul Potts - O Holy Night,Tree63 - All Over The World
TRHQAPS128F42A51F4,SOSWVVV12A8C13C21C,AR6J3X81187FB59A7B,Matisyahu,Fire and Heights,reggae,Lauryn Hill - Interlude 5,Beastie Boys - B-Boy Bouillabaisse: A.W.O.L. (2009 Digital Remaster),Twista - I'm A Winner (Amended Album Version),Lauryn Hill - Interlude 5,Beastie Boys - B-Boy Bouillabaisse: A.W.O.L. (2009 Digital Remaster),Twista - I'm A Winner (Amended Album Version),Sage Francis - Clickety Clack,Fat Joe - Preacher On A Sunday Morning,Snoop Dogg - Snoopafella (Edited),Sage Francis - Clickety Clack,Fat Joe - Preacher On A Sunday Morning,Snoop Dogg - Snoopafella (Edited),Lauryn Hill - Interlude 5,Beastie Boys - B-Boy Bouillabaisse: A.W.O.L. (2009 Digital Remaster),Savatage - The Hourglass,Matisyahu - Close My Eyes,Michael Jackson - Man In The Mirror,Ja Rule - One of Us,Dominici - So Help Me God,Shania Twain - All Fired Up_ No Place To Go,Taproot - Poem (Precision Version),Dominici - So Help Me God,Common - Book Of Life,Shania Twain - All Fired Up_ No Place To Go
TRWMHCZ128F42AE295,SOPJZCC12A8C13FF7B,AR6J3X81187FB59A7B,Matisyahu,Jerusalem,reggae,Lauryn Hill - Interlude 5,Twista - I'm A Winner (Amended Album Version),Beastie Boys - B-Boy Bouillabaisse: A.W.O.L. (2009 Digital Remaster),Lauryn Hill - Interlude 5,Twista - I'm A Winner (Amended Album Version),Beastie Boys - B-Boy Bouillabaisse: A.W.O.L. (2009 Digital Remaster),Freshman 15 - When Cheating Had Feeling,A Tribe Called Quest - Rap Promoter,Mutya Buena - Not Your Baby,Freshman 15 - When Cheating Had Feeling,A Tribe Called Quest - Rap Promoter,Mutya Buena - Not Your Baby,Beastie Boys - B-Boy Bouillabaisse: A.W.O.L. (2009 Digital Remaster),Lauryn Hill - Interlude 5,Black Eyed Peas - One Tribe,Black Eyed Peas - One Tribe,Lauryn Hill - Interlude 5,Javine - Touch My Fire,Matthew Ryan - Autopilot,Black Eyed Peas - One Tribe,Sara Gazarek - Yours (Live),Black Eyed Peas - One Tribe,Matthew Ryan - Autopilot,Sara Gazarek - Yours (Live)
TRMMTKA128F42A51E7,SOSCMSY12A8C13C1E9,AR6J3X81187FB59A7B,Matisyahu,Warrior,reggae,Lauryn Hill - Interlude 5,Beastie Boys - B-Boy Bouillabaisse: A.W.O.L. (2009 Digital Remaster),Twista - I'm A Winner (Amended Album Version),Lauryn Hill - Interlude 5,Twista - I'm A Winner (Amended Album Version),Beastie Boys - B-Boy Bouillabaisse: A.W.O.L. (2009 Digital Remaster),Damien Dempsey - Colony,Sage Francis - Clickety Clack,Buffy Sainte-Marie - Now That the Buffalo's Gone,Damien Dempsey - Colony,Sage Francis - Clickety Clack,Buffy Sainte-Marie - Now That the Buffalo's Gone,Beastie Boys - B-Boy Bouillabaisse: A.W.O.L. (2009 Digital Remaster),Savatage - The Hourglass,Lauryn Hill - Interlude 5,Matisyahu - Fire and Heights,Beastie Boys - B-Boy Bouillabaisse: A.W.O.L. (2009 Digital Remaster),Matisyahu - Jerusalem,Matisyahu - Fire and Heights,Dean Martin - Memories Are Made Of This,Matisyahu - Jerusalem,Matisyahu - Fire and Heights,Matisyahu - Jerusalem,Lauryn Hill - Adam Lives In Theory
TRPPHPV128F92F0750,SOMITIJ12AB017CAFA,ARW8F4B1187FB45EB4,Sublime,Don't Push,reggae,Lauryn Hill - Interlude 5,Beastie Boys - B-Boy Bouillabaisse: A.W.O.L. (2009 Digital Remaster),Twista - I'm A Winner (Amended Album Version),Lauryn Hill - Interlude 5,Beastie Boys - B-Boy Bouillabaisse: A.W.O.L. (2009 Digital Remaster),Twista - I'm A Winner (Amended Album Version),King Tee - Guitar Playin',St. Lunatics - Time,Kool Moe Dee - Bad Mutha,King Tee - Guitar Playin',St. Lunatics - Time,Kool Moe Dee - Bad Mutha,Beastie Boys - B-Boy Bouillabaisse: A.W.O.L. (2009 Digital Remaster),Lauryn Hill - Interlude 5,Twista - Overdose (Album Version),Beastie Boys - B-Boy Bouillabaisse: A.W.O.L. (2009 Digital Remaster),Biz Markie - Make the Music With Your Mouth_ Biz,Wu-Tang Clan - Da Mystery Of Chessboxin',Biz Markie - Make the Music With Your Mouth_ Biz,Beastie Boys - Oh Word?,Brooks & Dunn - Boot Scootin' Boogie,Beastie Boys - B-Boy Bouillabaisse: A.W.O.L. (2009 Digital Remaster),Biz Markie - Make the Music With Your Mouth_ Biz,Murs - The Dance
TRZDKCU128F1456899,SOVEQJB12D0219AE54,ARW8F4B1187FB45EB4,Sublime,Pawn Shop,reggae,Lauryn Hill - Interlude 5,Vanilla Ice - Ice Is Workin' It,Beastie Boys - B-Boy Bouillabaisse: A.W.O.L. (2009 Digital Remaster),Vanilla Ice - Ice Is Workin' It,Lauryn Hill - Interlude 5,UGK (Underground Kingz) - She Luv It,Atom And His Package - Upside Down From Here,Architecture In Helsinki - Underwater,ANJA GARBAREK - Something Written,Atom And His Package - Upside Down From Here,Architecture In Helsinki - Underwater,ANJA GARBAREK - Something Written,G-Unit - Beg For Mercy,Ginuwine - Do You Remember,EPMD - Knick Knack Patty Wack,G-Unit - Beg For Mercy,Ginuwine - Do You Remember,Alisha's Attic - The House That We Built,Ginuwine - Do You Remember,Jimmy Barnes - Stone Cold,General Surgery - Viva ! blunt force trauma,Ginuwine - Do You Remember,Jimmy Barnes - Stone Cold,Alisha's Attic - The House That We Built
TRQCFKA128F148A0D5,SOUEAIV12A6D4F9FC2,ARRYZN01187FB45757,Michael Franti & Spearhead,See you in the Light,reggae,Lauryn Hill - Interlude 5,Beastie Boys - B-Boy Bouillabaisse: A.W.O.L. (2009 Digital Remaster),Twista - I'm A Winner (Amended Album Version),Lauryn Hill - Interlude 5,Beastie Boys - B-Boy Bouillabaisse: A.W.O.L. (2009 Digital Remaster),Twista - I'm A Winner (Amended Album Version),Thomas Dolby - I Live In A Suitcase,RKL - Heavily Sedated,The Streets - The Irony Of It All (Album Version),Thomas Dolby - I Live In A Suitcase,RKL - Heavily Sedated,The Streets - The Irony Of It All (Album Version),Lauryn Hill - Interlude 5,Beastie Boys - B-Boy Bouillabaisse: A.W.O.L. (2009 Digital Remaster),Technicolour - At The Spot,Technicolour - At The Spot,Classified - All About U,Tyrese - Morning After,Technicolour - At The Spot,Lisa Stansfield - You Know How to Love Me,Björk - Hyper-Ballad,Technicolour - At The Spot,Lisa Stansfield - You Know How to Love Me,Björk - Hyper-Ballad
TRPPATZ128F428BA6E,SOFOGTV12A6D4F9FBE,ARRYZN01187FB45757,Michael Franti & Spearhead,Sweet Little Lies,reggae,Lauryn Hill - Interlude 5,Danity Kane - Hold Me Down (Album Version),Five - That's What You Told Me,Danity Kane - Hold Me Down (Album Version),Five - That's What You Told Me,Lauryn Hill - Interlude 5,Faithless - Salva Mea,Sharon Jones & The Dap-Kings - Tell Me,Albert King - I Get Evil,Faithless - Salva Mea,Sharon Jones & The Dap-Kings - Tell Me,Albert King - I Get Evil,Lauryn Hill - Interlude 5,Beastie Boys - B-Boy Bouillabaisse: A.W.O.L. (2009 Digital Remaster),Michael Jackson - Man In The Mirror,Suicidal Tendencies - Where's The Truth,Michael Jackson - Man In The Mirror,UB40 - Red Red Wine (Edit),Suicidal Tendencies - Where's The Truth,Funker Vogt - Blind Rage,Berlin - Masquerade,Suicidal Tendencies - Where's The Truth,Berlin - Masquerade,Funker Vogt - Blind Rage
TRMVVWQ128F422BB64,SOLMWNS12A81C209CB,AR9NG3Y1187B9895EE,McFly,The Way You Make Me Feel,reggae,Lauryn Hill - Interlude 5,Twista - I'm A Winner (Amended Album Version),Erykah Badu - I Want You,Twista - I'm A Winner (Amended Album Version),Lauryn Hill - Interlude 5,Erykah Badu - I Want You,Sunscreem - Pressure,Anastacia - Club Megamix,Lemar - Time To Grow,Sunscreem - Pressure,Anastacia - Club Megamix,Lemar - Time To Grow,Lauryn Hill - Interlude 5,Beastie Boys - B-Boy Bouillabaisse: A.W.O.L. (2009 Digital Remaster),Young Jeezy - By The Way,Young Jeezy - By The Way,KMD - Plumskinzz (Loose Hoe_ God & Cupid),Lauryn Hill - Interlude 5,The Partridge Family - There'll Come A Time,Charlie Wilson - What You Do To Me,Alicia Keys - Piano & I,Charlie Wilson - What You Do To Me,Young Jeezy - By The Way,The Partridge Family - There'll Come A Time
TRRATGY12903D138DB,SOQQEZD12AC468BFC3,ARBNXYA1187FB51C50,Daddy Yankee,Grito Mundial,reggae,Abba - Move On,Horace Andy - Horse With No Name,Violadores del Verso - Dale tiempo al rumor,Abba - Move On,Horace Andy - Horse With No Name,Violadores del Verso - Dale tiempo al rumor,Inti Illimani - El Arado,Atahualpa Yupanqui - Milonga Del Solitario,Sebastien Tellier - League Chicanos,Inti Illimani - El Arado,Atahualpa Yupanqui - Milonga Del Solitario,Sebastien Tellier - League Chicanos,Violadores del Verso - Dale tiempo al rumor,Violadores del Verso - La ciudad nunca duerme,Cartel De Santa - La Ranfla Del Cartel,Violadores del Verso - Dale tiempo al rumor,Violadores del Verso - La ciudad nunca duerme,Cartel De Santa - La Ranfla Del Cartel,Thievery Corporation - Exilio,El sueño de Morfeo - Ven,Cartel De Santa - La Ranfla Del Cartel,Thievery Corporation - Exilio,El sueño de Morfeo - Ven,Cartel De Santa - La Ranfla Del Cartel
TRPSKLI128F425E42C,SOAUWMK12A8C136F49,ARD66TF1187B9A1670,tobyMac,Get This Party Started: Ghost Remix,reggae,Vanilla Ice - It's A Party,Lauryn Hill - Interlude 5,Beastie Boys - B-Boy Bouillabaisse: A.W.O.L. (2009 Digital Remaster),Vanilla Ice - It's A Party,Beastie Boys - B-Boy Bouillabaisse: A.W.O.L. (2009 Digital Remaster),Lauryn Hill - Interlude 5,Four Year Strong - Catastrophe,Vanilla Ice - It's A Party,Nick Cave & The Bad Seeds - Midnight Man,Four Year Strong - Catastrophe,Nick Cave & The Bad Seeds - Midnight Man,Vanilla Ice - It's A Party,Lauryn Hill - Interlude 5,George Clinton - Flashlight,Beastie Boys - B-Boy Bouillabaisse: A.W.O.L. (2009 Digital Remaster),Black Box - Everybody Everybody,George Clinton - Flashlight,Nina Hagen - Where's The Party,Black Box - Everybody Everybody,The Planet Smashers - Life Of The Party,Hooverphonic - Everytime We Live Together We Die A Bit More,Black Box - Everybody Everybody,The Planet Smashers - Life Of The Party,Nina Hagen - Where's The Party
TRWQMVZ128E078F1F7,SOBPURX12D021B0F0F,ARAZCWP129462A97F1,Bob Marley & The Wailers,Africa Unite,reggae,Lauryn Hill - Interlude 5,Daft Punk - Touch It / Technologic,Vanilla Ice - Ice Is Workin' It,Lauryn Hill - Interlude 5,Daft Punk - Touch It / Technologic,Vanilla Ice - Ice Is Workin' It,Gamma Ray - Heavy Metal Universe (live),Zeigeist - Black Milk,Buck-O-Nine - New Generation,Gamma Ray - Heavy Metal Universe (live),Zeigeist - Black Milk,Immortal Technique - The 4th Branch,Lauryn Hill - Interlude 5,Jah Cure - Sticky,Michael Jackson - Man In The Mirror,Jah Cure - Sticky,Michael Jackson - Man In The Mirror,Damien Dempsey - Colony,Jah Cure - Sticky,Pedro The Lion - Progress,Faithless - To All New Arrivals,Jah Cure - Sticky,Pedro The Lion - Progress,Faithless - To All New Arrivals
TRHDTPQ128F147733A,SOLWOXW12D021B2450,ARAZCWP129462A97F1,Bob Marley & The Wailers,Could You Be Loved,reggae,Lauryn Hill - Interlude 5,Twista - I'm A Winner (Amended Album Version),Michael Jackson - Man In The Mirror,Lauryn Hill - Interlude 5,Twista - I'm A Winner (Amended Album Version),Michael Jackson - Man In The Mirror,Boyz II Men - Could It Be I'm Falling In Love,The Enemy - It's Not OK [Live From London],Lisa Stansfield - I Will Be Waiting,Boyz II Men - Could It Be I'm Falling In Love,The Enemy - It's Not OK [Live From London],Lisa Stansfield - I Will Be Waiting,Lauryn Hill - Interlude 5,Eminem - 8 Mile,Beastie Boys - B-Boy Bouillabaisse: A.W.O.L. (2009 Digital Remaster),Lauryn Hill - Interlude 5,Michael Jackson - Man In The Mirror,Alicia Keys - Tell You Something (Nana's Reprise),João Gilberto - You Do Something To Me,Dope - I Am Nothing,Missing Persons - Destination Unknown,Missing Persons - Destination Unknown,João Gilberto - You Do Something To Me,Mc Chris - Rollercoaster
TRUVZTN128F424B846,SOLIWAK12D021B0CFA,ARAZCWP129462A97F1,Bob Marley,No Water,reggae,Lauryn Hill - Interlude 5,Twista - I'm A Winner (Amended Album Version),Beastie Boys - B-Boy Bouillabaisse: A.W.O.L. (2009 Digital Remaster),Lauryn Hill - Interlude 5,Twista - I'm A Winner (Amended Album Version),Beastie Boys - B-Boy Bouillabaisse: A.W.O.L. (2009 Digital Remaster),Bob Marley - Rebels Hop,Phil Collins - A Groovy Kind Of Love (Live),Amel Larrieux - Sweet Misery,Bob Marley - Rebels Hop,Phil Collins - A Groovy Kind Of Love (Live),Amel Larrieux - Sweet Misery,Bob Marley - Rebels Hop,R. Kelly - I Mean (I Don't Mean It),LL Cool J - Lollipop,Bob Marley - Rebels Hop,R. Kelly - I Mean (I Don't Mean It),Duran Duran - All Along The Water,Bob Marley - Rebels Hop,Cat Stevens - Rubylove,Duran Duran - All Along The Water,Bob Marley - Rebels Hop,Duran Duran - All Along The Water,Gabriella Cilmi - Don't Wanna Go To Bed Now
TRGPDHJ128F14527D5,SOVKUMU12D0219A271,ARAZCWP129462A97F1,Bob Marley & The Wailers,One Love / People Get Ready,reggae,Black Eyed Peas - One Tribe,Lauryn Hill - Interlude 5,Ja Rule - One of Us,Black Eyed Peas - One Tribe,Lauryn Hill - Interlude 5,Ja Rule - One of Us,Black Eyed Peas - One Tribe,Tanya Tucker - One Love At A Time,Roxette - From One Heart To Another,Black Eyed Peas - One Tribe,Tanya Tucker - One Love At A Time,Dr. Alban - One Love,Lauryn Hill - Interlude 5,Yellowcard - Believe,OutKast - Hey Ya!,Yellowcard - Believe,OutKast - Hey Ya!,Anouk - Alright,Yellowcard - Believe,Anouk - Alright,Andrew Peterson - Holy Is The Lord,Yellowcard - Believe,Anouk - Alright,Useless I.D. - It's Alright
TRHKHHL128F4251E2A,SOFLXLZ12D021B24CD,ARAZCWP129462A97F1,Bob Marley,Try Me,reggae,Danity Kane - Hold Me Down (Album Version),Five - That's What You Told Me,Lauryn Hill - Interlude 5,Danity Kane - Hold Me Down (Album Version),Five - That's What You Told Me,Lauryn Hill - Interlude 5,Trisha Yearwood - Try Me Again,Bizzy Bone - I Need You,Diana Krall - Peel Me A Grape,Trisha Yearwood - Try Me Again,Bizzy Bone - I Need You,Diana Krall - Peel Me A Grape,Lauryn Hill - Interlude 5,Beastie Boys - B-Boy Bouillabaisse: A.W.O.L. (2009 Digital Remaster),Frankie J - Without You,Lauryn Hill - Interlude 5,Frankie J - Without You,Slightly Stoopid - Everything You Need,Twenty 4 Seven - Take Me Away,Trisha Yearwood - Try Me Again,Venus Hum - Go To Sleep,Twenty 4 Seven - Take Me Away,Trisha Yearwood - Try Me Again,Frankie J - Without You
TRAMTEH128F930D496,SOKVEKX12CF530D5AF,ARAZCWP129462A97F1,Bob Marley & The Wailers,Baby We've Got A Date (Rock It Baby),reggae,Daft Punk - Touch It / Technologic,Vanilla Ice - Ice Is Workin' It,The Prodigy - We Gonna Rock,Daft Punk - Touch It / Technologic,The Prodigy - We Gonna Rock,Vanilla Ice - Ice Is Workin' It,Ringo Starr - Where Did Our Love Go,Floetry - Getting Late,Sarah Connor - French Kissing,Ringo Starr - Where Did Our Love Go,Floetry - Getting Late,Sarah Connor - French Kissing,Ashanti - Rock Wit U (Awww Baby),Ryan Leslie - Just Right,Afroman - Let's All Get Drunk,Ashanti - Rock Wit U (Awww Baby),Ryan Leslie - Just Right,The Prodigy - We Gonna Rock,The Prodigy - We Gonna Rock,Ashanti - Rock Wit U (Awww Baby),T.Rex - The Street And Babe Shadow,Ashanti - Rock Wit U (Awww Baby),The Prodigy - We Gonna Rock,T.Rex - The Street And Babe Shadow
TRCGRJV128F1477322,SOJPUXZ12CF5F8899E,ARAZCWP129462A97F1,Bob Marley & The Wailers,Johnny Was,reggae,Lauryn Hill - Interlude 5,Beastie Boys - B-Boy Bouillabaisse: A.W.O.L. (2009 Digital Remaster),Michael Jackson - Man In The Mirror,Lauryn Hill - Interlude 5,Beastie Boys - B-Boy Bouillabaisse: A.W.O.L. (2009 Digital Remaster),Michael Jackson - Man In The Mirror,Etta James - W.O.M.A.N.,Little Anthony & The Imperials - Shimmy_ Shimmy_ Ko-Ko-Bop (Single Version),John Legend - Stereo,Etta James - W.O.M.A.N.,Little Anthony & The Imperials - Shimmy_ Shimmy_ Ko-Ko-Bop (Single Version),John Legend - Stereo,Gyptian - Take My Money,Lauryn Hill - Interlude 5,Beastie Boys - B-Boy Bouillabaisse: A.W.O.L. (2009 Digital Remaster),Gyptian - Take My Money,Janie Fricke - She's Single Again,Shaggy - Luv Me Up,Janie Fricke - She's Single Again,Etta James - W.O.M.A.N.,Ronnie Milsap - A Woman In Love,Janie Fricke - She's Single Again,Etta James - W.O.M.A.N.,Gyptian - Take My Money
TRRVJJF128F9309F02,SOECMGI12CF530E4F3,ARAZCWP129462A97F1,Bob Marley,Riding High,reggae,Lauryn Hill - Interlude 5,Twista - I'm A Winner (Amended Album Version),Beastie Boys - B-Boy Bouillabaisse: A.W.O.L. (2009 Digital Remaster),Twista - I'm A Winner (Amended Album Version),Lauryn Hill - Interlude 5,Britney Spears - Radar,Belleruche - Northern Girls,Brian McKnight - Holdin' On [Missin' U] (Album Version),Johnny Winter - Prodigal Son,Belleruche - Northern Girls,Johnny Winter - Prodigal Son,Brian McKnight - Holdin' On [Missin' U] (Album Version),Beastie Boys - B-Boy Bouillabaisse: A.W.O.L. (2009 Digital Remaster),Lauryn Hill - Interlude 5,Kurupt - It Ain't About You,The Roots - Quills,Kid Sister - Get Fresh,Jeremih - My Ride,Kid Sister - Get Fresh,Skip James - Cherry Ball Blues,Dropkick Murphys - Sunshine Highway (Album Version),Kid Sister - Get Fresh,The Roots - Quills,Jeremih - My Ride
TRDXHIR128F930E030,SOZKMVA12CF5F87636,ARAZCWP129462A97F1,Bob Marley,Soul Shakedown,reggae,Lauryn Hill - Interlude 5,Danity Kane - Hold Me Down (Album Version),Eminem - My Darling,Lauryn Hill - Interlude 5,Danity Kane - Hold Me Down (Album Version),Eminem - My Darling,Banaroo - Ringa Ding Ding,Mutya Buena - Not Your Baby,Muse - Pink Ego Box,Banaroo - Ringa Ding Ding,Mutya Buena - Not Your Baby,Muse - Pink Ego Box,Vanilla Ice - It's A Party,The Cool Kids - Bassment Party,Afroman - Let's All Get Drunk,Vanilla Ice - It's A Party,Doris Day - (Why Did I Tell You I Was Going To) Shanghai,Andrew W.K. - Long Live The Party,Banaroo - Ringa Ding Ding,Doris Day - (Why Did I Tell You I Was Going To) Shanghai,Andrew W.K. - Long Live The Party,Banaroo - Ringa Ding Ding,Doris Day - (Why Did I Tell You I Was Going To) Shanghai,Andrew W.K. - Long Live The Party
TRDTEUX12903CB4AD7,SOQJCXI12CF5F883FC,ARAZCWP129462A97F1,Bob Marley & The Wailers,Trenchtown Rock,reggae,Lauryn Hill - Interlude 5,Twista - I'm A Winner (Amended Album Version),Erykah Badu - I Want You,Lauryn Hill - Interlude 5,Twista - I'm A Winner (Amended Album Version),Erykah Badu - I Want You,Natalie Cole - I'm Catching Hell (Living Here Alone) (Digitally Remastered 02),Mississippi Fred McDowell - Bull Dog Blues,Murs - You & I,Natalie Cole - I'm Catching Hell (Living Here Alone) (Digitally Remastered 02),Mississippi Fred McDowell - Bull Dog Blues,Murs - You & I,Lauryn Hill - Interlude 5,Twista - Overdose (Album Version),Onyx - Slam Harder,Steel Pulse - Sound Check,Onyx - Slam,Onyx - Slam Harder,Steel Pulse - Sound Check,The Prodigy - We Gonna Rock,Sammy Hagar - Turn Up The Music,Steel Pulse - Sound Check,Sammy Hagar - Turn Up The Music,The Prodigy - We Gonna Rock
TRVTZTY128E0781E22,SOQUOKX12A6310D863,ARNF13I1187FB562A5,Massive Attack,Eternal Feedback (Sly),reggae,Lauryn Hill - Interlude 5,Eminem - 8 Mile,Beastie Boys - B-Boy Bouillabaisse: A.W.O.L. (2009 Digital Remaster),Lauryn Hill - Interlude 5,Eminem - 8 Mile,Beastie Boys - B-Boy Bouillabaisse: A.W.O.L. (2009 Digital Remaster),Scooter - She's The Sun,Plan B - Stay Too Long,Ben Folds Five - Don't Change Your Plans,Scooter - She's The Sun,Plan B - Stay Too Long,Ben Folds Five - Don't Change Your Plans,Lauryn Hill - Interlude 5,Beastie Boys - B-Boy Bouillabaisse: A.W.O.L. (2009 Digital Remaster),Prince - I Love U In Me ( LP Version),Lauryn Hill - Interlude 5,Keyshia Cole - Heaven Sent,Lyrics Born - L-I-F-E,Dead Kennedys - Your Emotions,Billy Dean - Down To Your Last One More,Project 86 - From December,Dead Kennedys - Your Emotions,Billy Dean - Down To Your Last One More,Project 86 - From December
TRORKSH128F9320C21,SOOLUCH12A6310E8B5,ARAZCWP129462A97F1,Bob Marley & The Wailers,Black Progress,reggae,Lauryn Hill - Interlude 5,Beastie Boys - B-Boy Bouillabaisse: A.W.O.L. (2009 Digital Remaster),Twista - I'm A Winner (Amended Album Version),Lauryn Hill - Interlude 5,Beastie Boys - B-Boy Bouillabaisse: A.W.O.L. (2009 Digital Remaster),Erykah Badu - I Want You,Public Image Ltd - Bags,Digable Planets - Slowes' Comb/The May 4th Movement starring Doodlebug,Lightnin' Hopkins - Big Black Cadillac Blues,Public Image Ltd - Bags,Digable Planets - Slowes' Comb/The May 4th Movement starring Doodlebug,Lightnin' Hopkins - Big Black Cadillac Blues,Public Enemy - Fight The Power,Big Brovaz - Find A Way,Twista - No Remorse (Album Version),Public Enemy - Fight The Power,Big Brovaz - Find A Way,Fats Domino - I'm Ready,Steel Pulse - Handsworth Revolution,Public Enemy - Fight The Power,Fats Domino - I'm Ready,Steel Pulse - Handsworth Revolution,Public Enemy - Fight The Power,Fats Domino - I'm Ready
TRGEMSN128E07944A8,SOKCEXR12A6701C3EB,ARAZCWP129462A97F1,Bob Marley & The Wailers,Reggae On Broadway,reggae,Vanilla Ice - It's A Party,Beastie Boys - B-Boy Bouillabaisse: A.W.O.L. (2009 Digital Remaster),Lauryn Hill - Interlude 5,Vanilla Ice - It's A Party,Beastie Boys - B-Boy Bouillabaisse: A.W.O.L. (2009 Digital Remaster),Britney Spears - Radar,Scandinavian Music Group - Näin minä vihellän matkallani,Groove Armada - Groove Is On,The Replacements - Love You Till Friday,Groove Armada - Groove Is On,Scandinavian Music Group - Näin minä vihellän matkallani,Judee Sill - There's A Rugged Road,The Isley Brothers - Touch Me,Marques Houston - Naked,Lauryn Hill - Interlude 5,The Isley Brothers - Touch Me,Marques Houston - Naked,The Simpsons - Do The Bartman,Keith Sweat - Give Me What I Want (LP Version),Grand Puba - Alamo,Corona - Baby I Need Your Love,Keith Sweat - Give Me What I Want (LP Version),Corona - Baby I Need Your Love,Marques Houston - Naked
TRQMVYN128F4250E38,SOPYZTH12A8C135090,ARAZCWP129462A97F1,Bob Marley,Rebels Hop,reggae,Lauryn Hill - Interlude 5,Twista - I'm A Winner (Amended Album Version),Beastie Boys - B-Boy Bouillabaisse: A.W.O.L. (2009 Digital Remaster),Lauryn Hill - Interlude 5,Twista - I'm A Winner (Amended Album Version),Beastie Boys - B-Boy Bouillabaisse: A.W.O.L. (2009 Digital Remaster),Bob Marley - No Water,Phil Collins - A Groovy Kind Of Love (Live),Amel Larrieux - Sweet Misery,Bob Marley - No Water,Phil Collins - A Groovy Kind Of Love (Live),Amel Larrieux - Sweet Misery,Bob Marley - No Water,R. Kelly - I Mean (I Don't Mean It),Lauryn Hill - Interlude 5,Bob Marley - No Water,R. Kelly - I Mean (I Don't Mean It),Duran Duran - All Along The Water,Bob Marley - No Water,Cat Stevens - Rubylove,Duran Duran - All Along The Water,Bob Marley - No Water,Buck-O-Nine - Silence,Vonda Shepard - Sweet Inspiration
TRDJCNG128F9339544,SOKMGXA12A8C1447B6,ARAZCWP129462A97F1,Bob Marley,Stop The Train,reggae,Rufio - Over It (Acoustic),Eminem - 8 Mile,Beastie Boys - B-Boy Bouillabaisse: A.W.O.L. (2009 Digital Remaster),Rufio - Over It (Acoustic),Eminem - 8 Mile,Beastie Boys - B-Boy Bouillabaisse: A.W.O.L. (2009 Digital Remaster),Björk - Hunter,Lucky Dube - Slave,Little Walter - Key To The Highway,Björk - Hunter,Little Walter - Key To The Highway,Lucky Dube - Slave,Beastie Boys - B-Boy Bouillabaisse: A.W.O.L. (2009 Digital Remaster),Lauryn Hill - Interlude 5,Mobb Deep - Trife Life,Pete Droge - Northern Bound Train,Cat Stevens - Peace Train,Pepper - Tradewinds (LP Version),Bob Marley & The Wailers - This Train,Pete Droge - Northern Bound Train,J.J. Cale - Ridin Home,Bob Marley & The Wailers - This Train,Pete Droge - Northern Bound Train,J.J. Cale - Ridin Home
TRVSWGN12903CB4A44,SOIVBAC12AB0186BFF,ARAZCWP129462A97F1,Bob Marley & The Wailers,This Train,reggae,The Roots - Mellow My Man,C-Block - My Life,Lauryn Hill - Interlude 5,The Roots - Mellow My Man,C-Block - My Life,2Pac - Strictly 4 My N.I.G.G.A.Z.,bathory - Psychopath,Agonoize - C.O.A.,J.J. Cale - Ridin Home,bathory - Psychopath,J.J. Cale - Ridin Home,Agonoize - C.O.A.,Gerry Rafferty - City To City,Beastie Boys - B-Boy Bouillabaisse: A.W.O.L. (2009 Digital Remaster),Cat Stevens - Peace Train,Gerry Rafferty - City To City,Cat Stevens - Peace Train,Bob Marley - Stop The Train,J.J. Cale - Ridin Home,Gerry Rafferty - City To City,Bukka White - Black Train Blues,J.J. Cale - Ridin Home,Gerry Rafferty - City To City,Bukka White - Black Train Blues
TRNJPBY128F92F621A,SOZQGAL12AB01856DB,ARLSC551187B99C55C,N-Dubz,Defeat You,reggae,Twista - I'm A Winner (Amended Album Version),Beastie Boys - B-Boy Bouillabaisse: A.W.O.L. (2009 Digital Remaster),Erykah Badu - I Want You,Twista - I'm A Winner (Amended Album Version),Erykah Badu - I Want You,Mario Vazquez - Everytime I...,Mario Vazquez - Everytime I...,Habakuk - Mury,Wild Strawberries - Heroine,Mario Vazquez - Everytime I...,Habakuk - Mury,Wild Strawberries - Heroine,N-Dubz - Feva Las Vegas,Young Jeezy - Still On It,Fabrizio De Andrè - Sinan Capudan Pascià,N-Dubz - Feva Las Vegas,Young Jeezy - Still On It,Fabrizio De Andrè - Sinan Capudan Pascià,N-Dubz - Feva Las Vegas,Habakuk - Mury,Tanya Stephens - Saturday Morning,N-Dubz - Feva Las Vegas,Young Jeezy - Still On It,Tanya Stephens - Saturday Morning
TRINMBD128F92F6211,SOBUZCT12AB0181786,ARLSC551187B99C55C,N-Dubz,Don't Get Nine,reggae,Lauryn Hill - Interlude 5,Twista - I'm A Winner (Amended Album Version),Beastie Boys - B-Boy Bouillabaisse: A.W.O.L. (2009 Digital Remaster),Lauryn Hill - Interlude 5,Twista - I'm A Winner (Amended Album Version),Erykah Badu - I Want You,Jane Child - Don't Let It Get To You (Album Version),Edith Piaf - Dont Cry,Kanye West - Graduation Day,Jane Child - Don't Let It Get To You (Album Version),Edith Piaf - Dont Cry,Kanye West - Graduation Day,Lauryn Hill - Interlude 5,Beastie Boys - B-Boy Bouillabaisse: A.W.O.L. (2009 Digital Remaster),Eminem - 8 Mile,Lauryn Hill - Interlude 5,Gang Starr - The Illest Brother,Esmée Denters - Getting Over You,Esmée Denters - Getting Over You,Sammie - I Like It (Remix),JayMay - You Are The Only One I Love,Esmée Denters - Getting Over You,Gang Starr - The Illest Brother,Anastacia - Club Megamix
TRRKBRB128EF35E2DA,SOPZQDB12A6D4F5D62,ARLSC551187B99C55C,N-Dubz,Feva Las Vegas,reggae,Lauryn Hill - Interlude 5,Beastie Boys - B-Boy Bouillabaisse: A.W.O.L. (2009 Digital Remaster),Eminem - 8 Mile,Lauryn Hill - Interlude 5,Beastie Boys - B-Boy Bouillabaisse: A.W.O.L. (2009 Digital Remaster),Eminem - 8 Mile,Swollen Members - Concerto,Redman - Soopaman Luva 3,OutKast - Claimin' True,Swollen Members - Concerto,Redman - Soopaman Luva 3,OutKast - Claimin' True,Lauryn Hill - Interlude 5,N-Dubz - Defeat You,Young Jeezy - Still On It,N-Dubz - Defeat You,Young Jeezy - Still On It,Fabrizio De Andrè - Sinan Capudan Pascià,Oxide And Neutrino - N Digga Dee,N-Dubz - Defeat You,Jewel - Leave The Lights On (Album Version),N-Dubz - Defeat You,Oxide And Neutrino - N Digga Dee,Young Jeezy - Still On It
TRYPJXU128F92F621C,SOQPAPP12AB01856E3,ARLSC551187B99C55C,N-Dubz,Secrets,reggae,Lauryn Hill - Interlude 5,Beastie Boys - B-Boy Bouillabaisse: A.W.O.L. (2009 Digital Remaster),Twista - I'm A Winner (Amended Album Version),Lauryn Hill - Interlude 5,Beastie Boys - B-Boy Bouillabaisse: A.W.O.L. (2009 Digital Remaster),Twista - I'm A Winner (Amended Album Version),Anastacia - Club Megamix,Classified - Freezin In The Cold,Common - Book Of Life,Anastacia - Club Megamix,Classified - Freezin In The Cold,Sage Francis - Keep Moving,Lauryn Hill - Interlude 5,Beastie Boys - B-Boy Bouillabaisse: A.W.O.L. (2009 Digital Remaster),Eminem - 8 Mile,Lauryn Hill - Interlude 5,Big Brovaz - Find A Way,N-Dubz - Work Work,Heidi Montag - Blackout,No Use For A Name - Why Doesn't Anybody Like Me?,Faithless - The Man In You,Lauryn Hill - Interlude 5,Faithless - The Man In You,No Use For A Name - Why Doesn't Anybody Like Me?
TRGNBCC128F92F6218,SOYFJUA12AB01856D2,ARLSC551187B99C55C,N-Dubz,Work Work,reggae,Lauryn Hill - Interlude 5,Twista - I'm A Winner (Amended Album Version),Beastie Boys - B-Boy Bouillabaisse: A.W.O.L. (2009 Digital Remaster),Lauryn Hill - Interlude 5,Twista - I'm A Winner (Amended Album Version),Erykah Badu - I Want You,Jonny Lang - Breakin Me,Babyface - Seven Seas,Blues Traveler - Hook,Jonny Lang - Breakin Me,Blues Traveler - Hook,Michael Jackson - Call On Me,Lauryn Hill - Interlude 5,Vanilla Ice - Ice Is Workin' It,Beastie Boys - B-Boy Bouillabaisse: A.W.O.L. (2009 Digital Remaster),Vanilla Ice - Ice Is Workin' It,Lauryn Hill - Interlude 5,The Pharcyde - Passin' Me By,Ricky Van Shelton - Don't We All Have the Right,Vanilla Ice - Ice Is Workin' It,The Seahorses - I Want You To Know,Vanilla Ice - Ice Is Workin' It,The Pharcyde - Passin' Me By,Lauryn Hill - Interlude 5
TRDNAVT128F428A246,SOSCPLZ12A8C1394B1,ARD2NDU1187B99B615,Dropkick Murphys,Good Rats (Live),reggae,Lauryn Hill - Interlude 5,Michael Jackson - Man In The Mirror,Beastie Boys - B-Boy Bouillabaisse: A.W.O.L. (2009 Digital Remaster),Lauryn Hill - Interlude 5,Michael Jackson - Man In The Mirror,Beastie Boys - B-Boy Bouillabaisse: A.W.O.L. (2009 Digital Remaster),Billy Currington - That's How Country Boys Roll,The Dubliners - The Molly Maguires,Fiddler's Green - Sporting Day,Billy Currington - That's How Country Boys Roll,The Dubliners - The Molly Maguires,Fad Gadget - Plain Clothes,Beastie Boys - B-Boy Bouillabaisse: A.W.O.L. (2009 Digital Remaster),Lauryn Hill - Interlude 5,Snoop Dogg - Snoopafella (Edited),Snoop Dogg - Snoopafella (Edited),Bellamy Brothers - Old Hippie,Moe Bandy - The Strawberry Roan,Rosanne Cash - Tennessee Flat Top Box,Tony Joe White - Roosevelt And Ira Lee,Bellamy Brothers - Old Hippie,Bellamy Brothers - Old Hippie,Tony Joe White - Roosevelt And Ira Lee,Snoop Dogg - Snoopafella (Edited)
TRRHCOS128F4248193,SOCUAWC12A8C1310A4,ARPK4HR1187B9A289D,Tito El Bambino,Sol_ Playa Y Arena,reggae,Violadores del Verso - Dale tiempo al rumor,Abba - Move On,Horace Andy - Horse With No Name,Violadores del Verso - Dale tiempo al rumor,Abba - Move On,Horace Andy - Horse With No Name,Joan Manuel Serrat - La Aristocracia del Barrio,Inti Illimani - El Arado,Panteón Rococó - La Carencia,Joan Manuel Serrat - La Aristocracia del Barrio,Inti Illimani - El Arado,Panteón Rococó - La Carencia,Violadores del Verso - Dale tiempo al rumor,Violadores del Verso - Cantando,Violadores del Verso - La ciudad nunca duerme,Violadores del Verso - Dale tiempo al rumor,Violadores del Verso - Cantando,Violadores del Verso - La ciudad nunca duerme,Panteón Rococó - La Carencia,Ricardo Arjona - Ayudame Freud,Inti Illimani - El Arado,Panteón Rococó - La Carencia,Ricardo Arjona - Ayudame Freud,Inti Illimani - El Arado
TRFGOUF128F9348838,SONUORR12AB018724D,AR1WWVL1187B9B0306,UB40,I Don't Want To See You Cry,reggae,Lauryn Hill - Interlude 5,Eminem - My Darling,Beastie Boys - B-Boy Bouillabaisse: A.W.O.L. (2009 Digital Remaster),Lauryn Hill - Interlude 5,Eminem - My Darling,Twista - I'm A Winner (Amended Album Version),Edith Piaf - Dont Cry,Magic Affair - Give Me All Your Love,Mutya Buena - Not Your Baby,Edith Piaf - Dont Cry,Magic Affair - Give Me All Your Love,Mutya Buena - Not Your Baby,Tech N9ne - One Good Time,Beastie Boys - B-Boy Bouillabaisse: A.W.O.L. (2009 Digital Remaster),Lauryn Hill - Interlude 5,Tech N9ne - One Good Time,Miami Sound Machine - Words Get In The Way,Lionel Richie - Just For You,Lionel Richie - Just For You,Miami Sound Machine - Words Get In The Way,Nina Simone - After You've Gone (live),Lionel Richie - Just For You,Miami Sound Machine - Words Get In The Way,Tech N9ne - One Good Time
TRQLICG12903CBFAFD,SOGXHTF12A58A7C7E8,AR1WWVL1187B9B0306,UB40,Come Back Darling,reggae,Lauryn Hill - Interlude 5,Twista - I'm A Winner (Amended Album Version),Eminem - My Darling,Lauryn Hill - Interlude 5,Twista - I'm A Winner (Amended Album Version),Danity Kane - Hold Me Down (Album Version),Gerry Rafferty - Waiting For The Day,Bizzy Bone - I Need You,Tift Merritt - Your Love Made A U Turn,Gerry Rafferty - Waiting For The Day,Bizzy Bone - I Need You,Tift Merritt - Your Love Made A U Turn,Eminem - My Darling,Keri Noble - Piece Of My Heart,Dionne Warwick - This Empty Place,Eminem - My Darling,Dionne Warwick - This Empty Place,Keri Noble - Piece Of My Heart,Percy Sledge - My Special Prayer,Etta James - My Dearest Darling,Johnny Nash - Stir It Up,Percy Sledge - My Special Prayer,Etta James - My Dearest Darling,Johnny Nash - Stir It Up
TREKDZI128F146A972,SOLFMIZ12A6D4F8330,AR1WWVL1187B9B0306,UB40,Here I Am (Come And Take Me),reggae,Lauryn Hill - Interlude 5,Danity Kane - Hold Me Down (Album Version),Five - That's What You Told Me,Lauryn Hill - Interlude 5,Danity Kane - Hold Me Down (Album Version),Five - That's What You Told Me,Death In Vegas - Girls,Michael Penn - Comfort,Robbie Williams - Come Take Me Over,Death In Vegas - Girls,Michael Penn - Comfort,Robbie Williams - Come Take Me Over,Lauryn Hill - Interlude 5,Beastie Boys - B-Boy Bouillabaisse: A.W.O.L. (2009 Digital Remaster),Danity Kane - Hold Me Down (Album Version),Danity Kane - Hold Me Down (Album Version),Will.I.Am - Fantastic,Róisín Murphy - Checkin' On Me,R. Kelly - Hump Bounce,Dr Feelgood - You Shouldn't Call The Doctor (If You Can't Afford The Bills),Ringo Starr - Where Did Our Love Go,R. Kelly - Hump Bounce,Dr Feelgood - You Shouldn't Call The Doctor (If You Can't Afford The Bills),Will.I.Am - Fantastic
TRJDXEG128E07820DB,SOZPNNF12A6310D8B1,AR1WWVL1187B9B0306,UB40,Light My Fire,reggae,Lauryn Hill - Interlude 5,Vanilla Ice - It's A Party,Britney Spears - Radar,Lauryn Hill - Interlude 5,Britney Spears - Radar,Vanilla Ice - It's A Party,The Replacements - Love You Till Friday,Britney Spears - Radar,Ray Charles - Don't You Know,The Replacements - Love You Till Friday,Britney Spears - Radar,Ray Charles - Don't You Know,Beastie Boys - B-Boy Bouillabaisse: A.W.O.L. (2009 Digital Remaster),Thousand Foot Krutch - Set It Off,Anastacia - Club Megamix,Thousand Foot Krutch - Set It Off,Alphaville - Ariana,Peter Tosh - Buk-In-Hamm Palace (2002 Digital Remaster),Bic Runga - Say After Me,Peter Tosh - Buk-In-Hamm Palace (2002 Digital Remaster),Alphaville - Ariana,Bic Runga - Say After Me,Peter Tosh - Buk-In-Hamm Palace (2002 Digital Remaster),Alphaville - Ariana
TRKHYKB128E0789D42,SOHQEMS12A6701C57C,ARJ7KF01187B98D717,Coldplay,Til Kingdom Come,rock,Lauryn Hill - Interlude 5,Twista - I'm A Winner (Amended Album Version),Beastie Boys - B-Boy Bouillabaisse: A.W.O.L. (2009 Digital Remaster),Lauryn Hill - Interlude 5,Twista - I'm A Winner (Amended Album Version),Beastie Boys - B-Boy Bouillabaisse: A.W.O.L. (2009 Digital Remaster),Dusty Springfield - Meditation,Vashti Bunyan - Hidden,Babyface - Seven Seas,Dusty Springfield - Meditation,Vashti Bunyan - Hidden,Babyface - Seven Seas,Lauryn Hill - Interlude 5,Beastie Boys - B-Boy Bouillabaisse: A.W.O.L. (2009 Digital Remaster),Eric B. & Rakim - I Know You Got Soul,Alicia Keys - Tell You Something (Nana's Reprise),Suicidal Tendencies - Which Way To Free?,RBD - Wanna Play,Suicidal Tendencies - Which Way To Free?,Al Jarreau - Look What You've Done For Me,Jack Greene - Until My Dreams Come True,Suicidal Tendencies - Which Way To Free?,Al Jarreau - Look What You've Done For Me,Jack Greene - Until My Dreams Come True
TRDVELE128F932810A,SOIHOTW12A8C142198,AR91C8S1187B990901,Bruce Springsteen,Brothers Under The Bridges ('83),rock,Lauryn Hill - Interlude 5,Beastie Boys - B-Boy Bouillabaisse: A.W.O.L. (2009 Digital Remaster),The Pharcyde - Otha Fish,Lauryn Hill - Interlude 5,Beastie Boys - B-Boy Bouillabaisse: A.W.O.L. (2009 Digital Remaster),The Pharcyde - Otha Fish,Johnny Cash - Daddy Sang Bass,Opera IX - Immortal Chant,Johnny Horton - The Battle Of New Orleans,Johnny Cash - Daddy Sang Bass,Opera IX - Immortal Chant,Chris De Burgh - Last Night,Beastie Boys - B-Boy Bouillabaisse: A.W.O.L. (2009 Digital Remaster),Snoop Dogg - Snoopafella (Edited),Lauryn Hill - Interlude 5,Snoop Dogg - Snoopafella (Edited),Us3 - Just Another Brother,Dar Williams - Mortal City,Dave Alvin - Ashgrove,Savoy Brown - Savoy Brown Boogie,Snoop Dogg - Snoopafella (Edited),Snoop Dogg - Snoopafella (Edited),Dave Alvin - Ashgrove,John Denver - El Paso
TRCONIY128F932A7DA,SOEFSBZ12A8C1359C4,AR91C8S1187B990901,Bruce Springsteen,The Big Payback,rock,Lauryn Hill - Interlude 5,Beastie Boys - B-Boy Bouillabaisse: A.W.O.L. (2009 Digital Remaster),Twista - I'm A Winner (Amended Album Version),Lauryn Hill - Interlude 5,Beastie Boys - B-Boy Bouillabaisse: A.W.O.L. (2009 Digital Remaster),Eminem - 8 Mile,Beastie Boys - B-Boy Bouillabaisse: A.W.O.L. (2009 Digital Remaster),Big L - Lifestylez Ov Da Poor & Dangerous,Us3 - It's Like That,Beastie Boys - B-Boy Bouillabaisse: A.W.O.L. (2009 Digital Remaster),Big L - Lifestylez Ov Da Poor & Dangerous,Us3 - It's Like That,Beastie Boys - B-Boy Bouillabaisse: A.W.O.L. (2009 Digital Remaster),Lauryn Hill - Interlude 5,Twista - Overdose (Album Version),Shaggy - Luv Me Up,Beastie Boys - B-Boy Bouillabaisse: A.W.O.L. (2009 Digital Remaster),Vanilla Ice - Ice Is Workin' It,The Brian Setzer Orchestra - Nosey Joe,The Replacements - God Damn Job,Bob Marley - Stop The Train,The Brian Setzer Orchestra - Nosey Joe,The Replacements - God Damn Job,Andrew Jackson Jihad - Survival Song
TRWULBB128F42670A3,SOFVHKR12A8C1325B4,AR91C8S1187B990901,Bruce Springsteen,The Ties That Bind,rock,Lauryn Hill - Interlude 5,Twista - I'm A Winner (Amended Album Version),Eminem - My Darling,Lauryn Hill - Interlude 5,Twista - I'm A Winner (Amended Album Version),Eminem - My Darling,Harry Belafonte - Angelina,Kevin Devine - It's Only Your Life,"Brand New Heavies_ The - You Are The Universe (Roger's Universal 7"" Edit)",Harry Belafonte - Angelina,Kevin Devine - It's Only Your Life,Lynyrd Skynyrd - That Smell,Beastie Boys - B-Boy Bouillabaisse: A.W.O.L. (2009 Digital Remaster),Lauryn Hill - Interlude 5,DMX - Keep Your Shit The Hardest,Floetry - Getting Late,Brownstone - 5 Miles To Empty,Paula Abdul - Crazy Cool,Willie Dixon - That's My Baby,David Bisbal - Cry For Me,Joe Bonamassa - Walk In My Shadow,Willie Dixon - That's My Baby,David Bisbal - Cry For Me,Floetry - Getting Late
TROQFYY128F429DBA0,SOBNUTR12A8C140BE8,ARVG4OK1187B9B6BD3,The Killers,Sam's Town,rock,Lauryn Hill - Interlude 5,Beastie Boys - B-Boy Bouillabaisse: A.W.O.L. (2009 Digital Remaster),Eminem - 8 Mile,Lauryn Hill - Interlude 5,Beastie Boys - B-Boy Bouillabaisse: A.W.O.L. (2009 Digital Remaster),Nelly - Splurge,Beastie Boys - B-Boy Bouillabaisse: A.W.O.L. (2009 Digital Remaster),Common - Book Of Life,King Tee - Act A Fool,Beastie Boys - B-Boy Bouillabaisse: A.W.O.L. (2009 Digital Remaster),King Tee - Act A Fool,Common - Book Of Life,Beastie Boys - B-Boy Bouillabaisse: A.W.O.L. (2009 Digital Remaster),Lauryn Hill - Interlude 5,Eminem - My Darling,Beastie Boys - B-Boy Bouillabaisse: A.W.O.L. (2009 Digital Remaster),Willie Nelson - Remember Me,Michael Jackson - Man In The Mirror,Joss Stone - You Had Me (Live),Beastie Boys - B-Boy Bouillabaisse: A.W.O.L. (2009 Digital Remaster),Rosanne Cash - This World,Beastie Boys - B-Boy Bouillabaisse: A.W.O.L. (2009 Digital Remaster),Joss Stone - You Had Me (Live),Bobbie Gentry - Fancy
TRHFADH128F92E2BE3,SOKCLGX12A67ADD6BF,ARR3ONV1187B9A2F59,Muse,Pink Ego Box,rock,Lauryn Hill - Interlude 5,Twista - I'm A Winner (Amended Album Version),Beastie Boys - B-Boy Bouillabaisse: A.W.O.L. (2009 Digital Remaster),Lauryn Hill - Interlude 5,Twista - I'm A Winner (Amended Album Version),Eminem - My Darling,Jonny Lang - Breakin Me,Scars Of Life - Descending,Fats Domino - Blue Monday,Jonny Lang - Breakin Me,Scars Of Life - Descending,Fats Domino - Blue Monday,Beastie Boys - B-Boy Bouillabaisse: A.W.O.L. (2009 Digital Remaster),Aaron Carter - That's How I Beat Shaq,Lauryn Hill - Interlude 5,Aaron Carter - That's How I Beat Shaq,The Chi-Lites - Have You Seen Her,Jon B. - Inside,Vangelis - Albedo 0.39,Josh Groban - Un Giorno Per Noi (Album Version),Darude - Feel The Beat,Vangelis - Albedo 0.39,Jon B. - Inside,Incognito - Get Into My Groove
TROAQBZ128F9326213,SONYKOW12AB01849C9,AR73S4G1187B9A03C2,OneRepublic,Secrets,rock,Beastie Boys - B-Boy Bouillabaisse: A.W.O.L. (2009 Digital Remaster),Lauryn Hill - Interlude 5,Eminem - 8 Mile,Beastie Boys - B-Boy Bouillabaisse: A.W.O.L. (2009 Digital Remaster),Lauryn Hill - Interlude 5,Eminem - 8 Mile,DUNCAN SHEIK - House Full Of Riches (LP Version),Wayne Hancock - Johnson City,A Tribe Called Quest - Hot Sex,A Tribe Called Quest - Hot Sex,Wayne Hancock - Johnson City,DUNCAN SHEIK - House Full Of Riches (LP Version),Beastie Boys - B-Boy Bouillabaisse: A.W.O.L. (2009 Digital Remaster),Lauryn Hill - Interlude 5,Eminem - 8 Mile,N-Dubz - Shoulda Put Something On,Anastacia - Club Megamix,Set Your Goals - like you to me,Harry Connick_ Jr. - I'm Gonna Be The First One,Soft Cell - Secret Life,Katie Melua - In My Secret Life,Harry Connick_ Jr. - I'm Gonna Be The First One,Soft Cell - Secret Life,Anastacia - Club Megamix
TRVZCTL128E078F0BE,SOMBDFC12A67FFB370,ARDVZTE1187FB5A0A1,Bon Jovi,Come Back,rock,Lauryn Hill - Interlude 5,The Simpsons - Do The Bartman,Eminem - My Darling,Lauryn Hill - Interlude 5,The Simpsons - Do The Bartman,K-Ci & JoJo - Baby Come Back,Dionne Warwick - This Empty Place,Public Enemy - Hit The Road Jack,Gerry Rafferty - Waiting For The Day,Dionne Warwick - This Empty Place,Public Enemy - Hit The Road Jack,Gotye - Coming Back,Beastie Boys - B-Boy Bouillabaisse: A.W.O.L. (2009 Digital Remaster),Lauryn Hill - Interlude 5,Eminem - My Darling,Jodeci - I'm Still Waiting,Keith Sweat - Whatever You Want (LP Version),Anastacia - Club Megamix,Slim Harpo - One More Day,Janet Jackson - It All Comes Down To Love (Interlude),Ginuwine - Only When ur Lonely,Ginuwine - Only When ur Lonely,Slim Harpo - One More Day,Keith Sweat - Whatever You Want (LP Version)
TRAERPT128F931103E,SODLKUO12A8C13CA35,ARFCUN31187B9AD578,The Rolling Stones,Time Is On My Side,rock,Lauryn Hill - Interlude 5,Beastie Boys - B-Boy Bouillabaisse: A.W.O.L. (2009 Digital Remaster),Twista - I'm A Winner (Amended Album Version),Lauryn Hill - Interlude 5,Twista - I'm A Winner (Amended Album Version),Beastie Boys - B-Boy Bouillabaisse: A.W.O.L. (2009 Digital Remaster),Rebelution - Bump,Emiliana Torrini - Sunny Road,Pete Murray - My Time,Rebelution - Bump,Emiliana Torrini - Sunny Road,Pete Murray - My Time,Lauryn Hill - Interlude 5,Matisyahu - Close My Eyes,Beastie Boys - B-Boy Bouillabaisse: A.W.O.L. (2009 Digital Remaster),Boyz II Men - A Song For Mama,K-Ci & JoJo - Baby Come Back,Robin Trower - Day Of The Eagle,Kelly Clarkson - Anytime,K-Ci & JoJo - Baby Come Back,Boyz II Men - A Song For Mama,Kelly Clarkson - Anytime,K-Ci & JoJo - Baby Come Back,Boyz II Men - A Song For Mama
TRQXTQT128E0781DA7,SOOPTNE12A58A7A9C2,ARFCUN31187B9AD578,The Rolling Stones,Fight (1994 Digital Remaster),rock,Twista - I'm A Winner (Amended Album Version),Beastie Boys - B-Boy Bouillabaisse: A.W.O.L. (2009 Digital Remaster),Lauryn Hill - Interlude 5,Twista - I'm A Winner (Amended Album Version),Beastie Boys - B-Boy Bouillabaisse: A.W.O.L. (2009 Digital Remaster),N-Dubz - Don't Get Nine,Slick Rick - Let's Get Crazy,Black Eyed Peas - Boom Boom Guetta,Us3 - Knowledge Of Self,Slick Rick - Let's Get Crazy,Black Eyed Peas - Boom Boom Guetta,Us3 - Knowledge Of Self,Public Enemy - Fight The Power,Beastie Boys - B-Boy Bouillabaisse: A.W.O.L. (2009 Digital Remaster),Eminem - 8 Mile,Public Enemy - Fight The Power,Ke$ha - TiK ToK,Robin Thicke - Shadow of Doubt,Public Enemy - Fight The Power,Adequate Seven - Protest Beat,Robin McKelle - Something's Gotta Give,Public Enemy - Fight The Power,Adequate Seven - Protest Beat,Robin McKelle - Something's Gotta Give
TRAUYZG12903CDA4E9,SOFZXTF12AB018D64B,ARDVZTE1187FB5A0A1,Bon Jovi,This Ain't A Love Song,rock,Lauryn Hill - Interlude 5,Beastie Boys - B-Boy Bouillabaisse: A.W.O.L. (2009 Digital Remaster),Twista - I'm A Winner (Amended Album Version),Lauryn Hill - Interlude 5,Beastie Boys - B-Boy Bouillabaisse: A.W.O.L. (2009 Digital Remaster),Twista - I'm A Winner (Amended Album Version),Less Than Jake - I Think I Love You,Shai - Waiting For The Day,A Tribe Called Quest - Hot Sex,Less Than Jake - I Think I Love You,Shai - Waiting For The Day,A Tribe Called Quest - Hot Sex,Lauryn Hill - Interlude 5,Tech N9ne - One Good Time,Beastie Boys - B-Boy Bouillabaisse: A.W.O.L. (2009 Digital Remaster),Common - I Want You,N-Dubz - Work Work,Tech N9ne - One Good Time,As I Lay Dying - The Innocence Spilled,Common - I Want You,K-Ci & JoJo - Fee Fie Foe Fum,Common - I Want You,K-Ci & JoJo - Fee Fie Foe Fum,Matthew Ryan - They Were Wrong
TRGESLP12903CE31C8,SORXQLX12AB018DCD0,ARDVZTE1187FB5A0A1,Bon Jovi,Superman Tonight,rock,Lauryn Hill - Interlude 5,Twista - I'm A Winner (Amended Album Version),Eminem - My Darling,Lauryn Hill - Interlude 5,Twista - I'm A Winner (Amended Album Version),Erykah Badu - I Want You,Harry Belafonte - Angelina,Clawfinger - Revenge,Tom T. Hall - I Care,Harry Belafonte - Angelina,Clawfinger - Revenge,Tom T. Hall - I Care,Beastie Boys - B-Boy Bouillabaisse: A.W.O.L. (2009 Digital Remaster),Lauryn Hill - Interlude 5,Eminem - 8 Mile,Afroman - Let's All Get Drunk,Aaron Neville - Don't Fall Apart On Me Tonight,Aesop Rock - Night Light,Edge Of Dawn - Beauty Lies Within,Bebo Norman - Other Side of Day,Lunascape - Praise Me,Edge Of Dawn - Beauty Lies Within,Bebo Norman - Other Side of Day,Aaron Neville - Don't Fall Apart On Me Tonight
TRPAYRK128E0792986,SOINXHP12AF729AF64,ARM7EDF1187B9B3FA1,Guns N' Roses,Bad Obsession,rock,Lauryn Hill - Interlude 5,Vanilla Ice - Ice Is Workin' It,Daft Punk - Touch It / Technologic,Lauryn Hill - Interlude 5,Vanilla Ice - Ice Is Workin' It,Daft Punk - Touch It / Technologic,Robbie Williams - It's De-Lovely,Eric B. & Rakim - I Know You Got Soul,Tanya Tucker - Complicated,Robbie Williams - It's De-Lovely,Eric B. & Rakim - I Know You Got Soul,Tanya Tucker - Complicated,Lauryn Hill - Interlude 5,Twista - Overdose (Album Version),Beastie Boys - B-Boy Bouillabaisse: A.W.O.L. (2009 Digital Remaster),Joss Stone - Killing Time,KMD - Plumskinzz (Loose Hoe_ God & Cupid),Twista - Overdose (Album Version),Empty Trash - Last Man In The Bar,Joss Stone - Killing Time,Sophie Zelmani - Foolish,Empty Trash - Last Man In The Bar,Joss Stone - Killing Time,Fiddler's Green - Kma Goodbye
TRKMXIA128F4299423,SOEOSFP12A8C137912,ARULZ741187B9AD2EF,Elvis Presley,Anything That's Part Of You,rock,Lauryn Hill - Interlude 5,Twista - I'm A Winner (Amended Album Version),Erykah Badu - I Want You,Lauryn Hill - Interlude 5,Twista - I'm A Winner (Amended Album Version),Erykah Badu - I Want You,Syleena Johnson - All Of Me,Angela Bofill - I Try,Rachael Yamagata - Even So,Syleena Johnson - All Of Me,Angela Bofill - I Try,Rachael Yamagata - Even So,Lauryn Hill - Interlude 5,N-Dubz - Work Work,Atmosphere - Hair,Jessica Simpson - For Your Love,Onelinedrawing - Smile,Van Hunt - Highlights,Ladyhawke - Love Don't Live Here,City And Colour - Love Don't Live Here Anymore,Onelinedrawing - Smile,Ladyhawke - Love Don't Live Here,City And Colour - Love Don't Live Here Anymore,Onelinedrawing - Smile
TRTQRHY128F4241AFD,SORQYLM12A8C132BCF,ARCVKG01187B9B3273,Flyleaf,So I Thought,rock,Lauryn Hill - Interlude 5,Beastie Boys - B-Boy Bouillabaisse: A.W.O.L. (2009 Digital Remaster),Nelly - Splurge,Lauryn Hill - Interlude 5,Beastie Boys - B-Boy Bouillabaisse: A.W.O.L. (2009 Digital Remaster),Nelly - Splurge,The Streets - The Irony Of It All (Album Version),Manafest - Runaway,Jeffrey Lewis - Gold,The Streets - The Irony Of It All (Album Version),Jeffrey Lewis - Gold,Manafest - Runaway,Lauryn Hill - Interlude 5,Beastie Boys - B-Boy Bouillabaisse: A.W.O.L. (2009 Digital Remaster),KRS-One - The Truth,KRS-One - The Truth,Maroon 5 - Nothing Lasts Forever,Lauryn Hill - Interlude 5,Bayside - Don't Call Me Peanut,Gary Moore - With Love (Remember),Tristan Prettyman - Song For The Rich,Bayside - Don't Call Me Peanut,Tristan Prettyman - Song For The Rich,Gary Moore - With Love (Remember)
TRXIEYZ128E078891B,SOQQWFI12A67020F95,ARN5NHX1187FB4F755,The Smashing Pumpkins,You're All I've Got Tonight,rock,Lauryn Hill - Interlude 5,Twista - I'm A Winner (Amended Album Version),Erykah Badu - I Want You,Twista - I'm A Winner (Amended Album Version),Lauryn Hill - Interlude 5,Erykah Badu - I Want You,Faithless - Flowerstand Man,Edith Piaf - Dont Cry,Gabrielle - Don't Need The Sun To Shine (To Make Me Smile),Faithless - Flowerstand Man,Edith Piaf - Dont Cry,Gabrielle - Don't Need The Sun To Shine (To Make Me Smile),Lloyd Cole - I Didn't Know That You Cared,Afroman - Let's All Get Drunk,Avant - Out of Character,Lloyd Cole - I Didn't Know That You Cared,Modern Lovers - Someone i care about,Ledisi - Alright,Lloyd Cole - I Didn't Know That You Cared,Modern Lovers - Someone i care about,Tony Bennett - Who Cares (So Long As You Care For Me),Lloyd Cole - I Didn't Know That You Cared,Modern Lovers - Someone i care about,Useless I.D. - It's Alright
TRTGMIX128EF35E2B9,SOBEQEO12A6D4F6589,ARVN9FZ1187FB393F1,Snow Patrol,Signal Fire,rock,Lauryn Hill - Interlude 5,Danity Kane - Hold Me Down (Album Version),Twista - I'm A Winner (Amended Album Version),Lauryn Hill - Interlude 5,Danity Kane - Hold Me Down (Album Version),Twista - I'm A Winner (Amended Album Version),Voxtrot - Kid Gloves,Willie Nelson - There You Are,Cephalic Carnage - Eradicate Authority,Voxtrot - Kid Gloves,Willie Nelson - There You Are,Cephalic Carnage - Eradicate Authority,Kanye West - Diamonds From Sierra Leone,Lauryn Hill - Interlude 5,Mobb Deep - Trife Life,Next - I Still Love You,Kanye West - Diamonds From Sierra Leone,STRATOVARIUS - Elements,Willie Nelson - There You Are,Cracker - Forever,Watchout! Theres Ghosts - Remember Me_ Oh God_ For Good,Willie Nelson - There You Are,Cracker - Forever,Watchout! Theres Ghosts - Remember Me_ Oh God_ For Good
TRHPKWO128F92E01D5,SOSRIAT12AB017A92E,ARVN9FZ1187FB393F1,Snow Patrol,The Lightning Strike,rock,Lauryn Hill - Interlude 5,Beastie Boys - B-Boy Bouillabaisse: A.W.O.L. (2009 Digital Remaster),Twista - I'm A Winner (Amended Album Version),Lauryn Hill - Interlude 5,Beastie Boys - B-Boy Bouillabaisse: A.W.O.L. (2009 Digital Remaster),Twista - I'm A Winner (Amended Album Version),Jeffrey Lewis - Gold,Momus - Closer To You,OutKast - ATLiens,Momus - Closer To You,Jeffrey Lewis - Gold,OutKast - ATLiens,Lauryn Hill - Interlude 5,Eminem - 8 Mile,Savatage - The Hourglass,Savatage - The Hourglass,Ja Rule - One of Us,Eminem - 8 Mile,The Flatliners - This Respirator,Supreme Majesty - Towards The Northern Star,The Flatliners - Mastering The World's Smallest Violin,The Flatliners - This Respirator,The Flatliners - Mastering The World's Smallest Violin,Savatage - The Hourglass
TRDMUWU128E078EDDB,SOSXSMM12B0B808B45,ARH3S5S1187FB4F76B,Nirvana,Dumb,rock,Eminem - 8 Mile,Mario Vazquez - Everytime I...,Rufio - Over It (Acoustic),Eminem - 8 Mile,Mario Vazquez - Everytime I...,Rufio - Over It (Acoustic),Lucky Dube - Slave,Björk - Hunter,MNEMIC - Liquid,Lucky Dube - Slave,Björk - Hunter,MNEMIC - Liquid,Aqua - Happy Boys & Girls,Classified - All About U,Edwin Starr - H.A.P.P.Y. Radio,Aqua - Happy Boys & Girls,Edwin Starr - H.A.P.P.Y. Radio,Neil Sedaka - That's When The Music Takes Me,Neil Sedaka - That's When The Music Takes Me,Toni Braxton - Snowflakes Of Love,Aqua - Happy Boys & Girls,Neil Sedaka - That's When The Music Takes Me,Toni Braxton - Snowflakes Of Love,Aqua - Happy Boys & Girls
TRXEAZB128E078EDCE,SOCUARC12A6701E94D,ARH3S5S1187FB4F76B,Nirvana,Something In The Way,rock,Beastie Boys - B-Boy Bouillabaisse: A.W.O.L. (2009 Digital Remaster),The Pharcyde - Otha Fish,Lauryn Hill - Interlude 5,The Pharcyde - Otha Fish,Beastie Boys - B-Boy Bouillabaisse: A.W.O.L. (2009 Digital Remaster),Lauryn Hill - Interlude 5,The Mighty Mighty Bosstones - 1-2-8,Thomas Dolby - I Live In A Suitcase,Sophie Milman - Something In The Air Between Us,The Mighty Mighty Bosstones - 1-2-8,Sophie Milman - Something In The Air Between Us,Thomas Dolby - I Live In A Suitcase,Whitney Houston - Thinking About You,Kurupt - It Ain't About You,Mos Def - The Easy Spell,Whitney Houston - Thinking About You,Mos Def - The Easy Spell,Javier - Slow Motion,Rory Gallagher - Out On The Western Plain,Reel Big Fish - I'm Cool,T.Rex - London Boys,Rory Gallagher - Out On The Western Plain,Reel Big Fish - I'm Cool,T.Rex - London Boys
TRLKNKC128F42BC213,SOBDDMF12A8C142F73,ART3U3E1187B99B1B8,Switchfoot,Oh! Gravity.,rock,Abba - Move On,Horace Andy - Horse With No Name,Daft Punk - Touch It / Technologic,Abba - Move On,Horace Andy - Horse With No Name,Daft Punk - Touch It / Technologic,Salif Keita - Tu Vas Me Manquer,Blur - This Is A Low,Horace Andy - Horse With No Name,Salif Keita - Tu Vas Me Manquer,Sanctus Real - Dear Heart,Blur - This Is A Low,Beastie Boys - B-Boy Bouillabaisse: A.W.O.L. (2009 Digital Remaster),Lauryn Hill - Interlude 5,Bran Van 3000 - Carry On,Bran Van 3000 - Carry On,Ray Davies - Next Door Neighbour,Petey Pablo - La Di Da Da Da,Bachman-Turner Overdrive - Can We All Come Together,Deana Carter - Brand New Key,Ray Davies - Next Door Neighbour,Bachman-Turner Overdrive - Can We All Come Together,Ray Davies - Next Door Neighbour,Deana Carter - Brand New Key
TRVQBRZ128F423EEDC,SOLTQZY12A8C13262F,AR8V1WA1187B9AD9E9,The White Stripes,Hotel Yorba,rock,Lauryn Hill - Interlude 5,Beastie Boys - B-Boy Bouillabaisse: A.W.O.L. (2009 Digital Remaster),Twista - I'm A Winner (Amended Album Version),Lauryn Hill - Interlude 5,Beastie Boys - B-Boy Bouillabaisse: A.W.O.L. (2009 Digital Remaster),Twista - I'm A Winner (Amended Album Version),RODNEY CROWELL - Preachin' To The Choir,Eminem - Rabbit Run,Us3 - It's Like That,RODNEY CROWELL - Preachin' To The Choir,Eminem - Rabbit Run,OutKast - Claimin' True,Lauryn Hill - Interlude 5,Beastie Boys - B-Boy Bouillabaisse: A.W.O.L. (2009 Digital Remaster),The Simpsons - Do The Bartman,Lauryn Hill - Interlude 5,Clipse - Dirty Money,The Simpsons - Do The Bartman,Calvin Harris - Merrymaking At My Place,The Mavericks - I've Got This Feeling,Joss Stone - Dirty Man,Biz Markie - Albee Square Mall,Lauryn Hill - Interlude 5,Calvin Harris - Merrymaking At My Place
TRBNXZS12903D0A686,SOECMVP12AB018584E,AR8V1WA1187B9AD9E9,The White Stripes,Prickly Thorn_ But Sweetly Worn (Live),rock,Electrelane - Cut And Run,Tryo - Yakamonéyé,Fonky Family - Sans Rémission,Electrelane - Cut And Run,Tryo - Yakamonéyé,The Darkness - Givin' Up (Clean Version),Emilie Simon - Dame De Lotus,Clannad - Newgrange,Desorden Público - Cachos De Vaca,Emilie Simon - Dame De Lotus,Clannad - Newgrange,Desorden Público - Cachos De Vaca,Prince - I Love U In Me ( LP Version),Momus - Closer To You,Lauryn Hill - Interlude 5,Terranova - Burbujas De Amor,Richie Spice - Empress,Patsy Cline - I Can See An Angel,Cirque du Soleil - Aureus,Veronica Maggio - Gammal sång,Brooks & Dunn - You're My Angel,Cirque du Soleil - Aureus,Brooks & Dunn - You're My Angel,Veronica Maggio - Gammal sång
TRGGBKA128F428E461,SOUOWLT12B0B8090EE,AR8V1WA1187B9AD9E9,The White Stripes,St. Andrew (This Battle Is In The Air),rock,Beastie Boys - B-Boy Bouillabaisse: A.W.O.L. (2009 Digital Remaster),R. Kelly - I Mean (I Don't Mean It),Eminem - 8 Mile,R. Kelly - I Mean (I Don't Mean It),Beastie Boys - B-Boy Bouillabaisse: A.W.O.L. (2009 Digital Remaster),Eminem - 8 Mile,Johnny Cash - I Don't Know Where I'm Bound,Nancy Sinatra - Flowers On The Wall,K'Naan - Soobax,Johnny Cash - I Don't Know Where I'm Bound,Nancy Sinatra - Flowers On The Wall,K'Naan - Soobax,Prince - I Love U In Me ( LP Version),All-4-One - When I Needed an Angel,Andrew Lloyd Webber - Wandering Child,All-4-One - When I Needed an Angel,Andrew Lloyd Webber - Wandering Child,Steel Pulse - Sound Check,All-4-One - When I Needed an Angel,Andrew Lloyd Webber - Wandering Child,Brooks & Dunn - You're My Angel,All-4-One - When I Needed an Angel,Andrew Lloyd Webber - Wandering Child,Brooks & Dunn - You're My Angel
TRICQHX128F93269FC,SOCBJHG12AB018221C,ARHWR8B1187FB557D3,The Decemberists,I Was Meant For the Stage,rock,Lauryn Hill - Interlude 5,Beastie Boys - B-Boy Bouillabaisse: A.W.O.L. (2009 Digital Remaster),Eminem - My Darling,Lauryn Hill - Interlude 5,Beastie Boys - B-Boy Bouillabaisse: A.W.O.L. (2009 Digital Remaster),Eminem - My Darling,On Thorns I Lay - Unsung Songs,Snoop Dogg - Snoopafella (Edited),Stephanie McIntosh - Overcome,On Thorns I Lay - Unsung Songs,Snoop Dogg - Snoopafella (Edited),Stephanie McIntosh - Overcome,Eminem - My Darling,Mobb Deep - Trife Life,The Maine - You Left Me,The Maine - You Left Me,Kelly Clarkson - Cry,Mary J. Blige - Can't Get You Off My Mind,The Beautiful Mistake - Stavesail,Alphaville - 20th Century,Sia - Lentil (Live),Alphaville - 20th Century,The Beautiful Mistake - Stavesail,Sia - Lentil (Live)
TRAFWEV128F428D391,SOLUABP12AF72A2CD2,ARQRQRA12131B4B5A8,Cake,Alpha Beta Parking Lot,rock,Public Enemy - Go Cat Go,Bowling For Soup - Here We Go,Jill Scott - Watching ME,Public Enemy - Go Cat Go,Bowling For Soup - Here We Go,Jill Scott - Watching ME,Allure - When The Shades Go Down,Memphis Minnie - Down In The Alley,Status Quo - Going Down Town Tonight,Allure - When The Shades Go Down,Memphis Minnie - Down In The Alley,Status Quo - Going Down Town Tonight,Atmosphere - Breathing,Kurupt - It Ain't About You,Dilated Peoples - Expansion Team Theme,Atmosphere - Breathing,Lupe Fiasco - I Gotcha (Amended Album Version),Melanie - Baby Day,Disco - Enemmän,Juha Tapio - Sitä jotakin,The Black Keys - When The Lights Go Out,Disco - Enemmän,The Black Keys - When The Lights Go Out,Juha Tapio - Sitä jotakin
TRJRIBM128E0788E18,SODMWLI12AF72A4B62,ARN5NHX1187FB4F755,The Smashing Pumpkins,An Ode To No One,rock,Lauryn Hill - Interlude 5,Twista - I'm A Winner (Amended Album Version),Beastie Boys - B-Boy Bouillabaisse: A.W.O.L. (2009 Digital Remaster),Lauryn Hill - Interlude 5,Twista - I'm A Winner (Amended Album Version),Beastie Boys - B-Boy Bouillabaisse: A.W.O.L. (2009 Digital Remaster),Blues Traveler - Hook,Anastacia - Club Megamix,Eminem - My Darling,Blues Traveler - Hook,Anastacia - Club Megamix,Eminem - My Darling,Eminem - My Darling,Beastie Boys - B-Boy Bouillabaisse: A.W.O.L. (2009 Digital Remaster),Lauryn Hill - Interlude 5,Eminem - My Darling,Black Eyed Peas - A8,Lee Ryan - Real Love,Iggy Pop - Sixteen,Bon Jovi - Come Back,Kelly Clarkson - Anytime,Iggy Pop - Sixteen,Bon Jovi - Come Back,Kelly Clarkson - Anytime
TRIVTJA128F92C1E80,SOITHUR12D021B2253,AR4EQ231187B99368F,The Fray,Over My Head (Cable Car),rock,Beastie Boys - B-Boy Bouillabaisse: A.W.O.L. (2009 Digital Remaster),Lauryn Hill - Interlude 5,Eminem - 8 Mile,Beastie Boys - B-Boy Bouillabaisse: A.W.O.L. (2009 Digital Remaster),Lauryn Hill - Interlude 5,Rufio - Over It (Acoustic),A Tribe Called Quest - Baby Phife's Return,Aztec Camera - Over My Head,Aceyalone - Impact,A Tribe Called Quest - Baby Phife's Return,Aceyalone - Impact,Beastie Boys - B-Boy Bouillabaisse: A.W.O.L. (2009 Digital Remaster),Beastie Boys - B-Boy Bouillabaisse: A.W.O.L. (2009 Digital Remaster),Lauryn Hill - Interlude 5,N-Dubz - Sex,N-Dubz - Sex,Amy Studt - Seconds Away,The Arrogant Sons Of Bitches - Kill The President,Thursday - Beyond The Visible Spectrum,Amy Studt - Seconds Away,Strapping Young Lad - Detox,N-Dubz - Sex,Thursday - Beyond The Visible Spectrum,The Charlie Daniels Band - Sweetwater Texas
TRFLRXQ128F4280CCC,SOSUBHV12AF72A4220,ARNBMT71187B993523,Interpol,No I In Threesome,rock,Lauryn Hill - Interlude 5,Beastie Boys - B-Boy Bouillabaisse: A.W.O.L. (2009 Digital Remaster),The Pharcyde - Otha Fish,Lauryn Hill - Interlude 5,Beastie Boys - B-Boy Bouillabaisse: A.W.O.L. (2009 Digital Remaster),The Pharcyde - Otha Fish,Digable Planets - Time & Space (A New Refutation Of),Jamiroquai - Virtual Insanity,KRS ONE - I'm On The Mic,Digable Planets - Time & Space (A New Refutation Of),Jamiroquai - Virtual Insanity,KRS ONE - I'm On The Mic,Lauryn Hill - Interlude 5,Ryan Leslie - Just Right,Beastie Boys - B-Boy Bouillabaisse: A.W.O.L. (2009 Digital Remaster),Bob Marley & The Wailers - Baby We've Got A Date (Rock It Baby),Ryan Leslie - Just Right,Billie Piper - Day And Night,T.Rex - The Street And Babe Shadow,Bob Marley & The Wailers - Baby We've Got A Date (Rock It Baby),Billie Piper - Day And Night,Billie Piper - Day And Night,Bob Marley & The Wailers - Baby We've Got A Date (Rock It Baby),T.Rex - The Street And Babe Shadow
TRYBPGK128F4255BE3,SOMZRXL12A81C224B9,ARNBMT71187B993523,Interpol,Pace Is The Trick,rock,Lauryn Hill - Interlude 5,Twista - I'm A Winner (Amended Album Version),Erykah Badu - I Want You,Lauryn Hill - Interlude 5,Twista - I'm A Winner (Amended Album Version),Erykah Badu - I Want You,Hello Saferide - Get Sick Soon,The Puppini Sisters - I Will Survive,Next - I Still Love You,Hello Saferide - Get Sick Soon,The Puppini Sisters - I Will Survive,Next - I Still Love You,UGK (Underground Kingz) - She Luv It,Collie Buddz - Mamacita,Beastie Boys - B-Boy Bouillabaisse: A.W.O.L. (2009 Digital Remaster),Collie Buddz - Mamacita,UGK (Underground Kingz) - She Luv It,Boyz II Men - I'll Make Love To You,Junkie XL - Today,Collie Buddz - Mamacita,Massive Attack - Saturday Come Slow,Junkie XL - Today,Collie Buddz - Mamacita,Jon B. - Love Don't Do
TRGXNCJ128F425FB1C,SOMUPLQ12A8C137A19,ARD4C1I1187FB4B0C3,Pink Floyd,Embryo,rock,Beastie Boys - B-Boy Bouillabaisse: A.W.O.L. (2009 Digital Remaster),Eminem - 8 Mile,The Roots - Mellow My Man,Beastie Boys - B-Boy Bouillabaisse: A.W.O.L. (2009 Digital Remaster),Eminem - 8 Mile,The Roots - Mellow My Man,Jazzamor - a piece of my heart,Mos Def - Life Is Real,Z-RO - Pain,Jazzamor - a piece of my heart,Mos Def - Life Is Real,Z-RO - Pain,Marques Houston - Cancel (Album Version),Organized Konfusion - Releasing Hypnotical Gases,Eminem - 8 Mile,Marques Houston - Cancel (Album Version),Organized Konfusion - Releasing Hypnotical Gases,Midnite - Bak Bone,Puppetmastaz - Re-Evolute,General Surgery - Viva ! blunt force trauma,Marques Houston - Cancel (Album Version),Puppetmastaz - Re-Evolute,General Surgery - Viva ! blunt force trauma,Marques Houston - Cancel (Album Version)
TRFNRGN128E0791E0E,SOWIUZN12AF72A8206,AROAILX1187FB3F858,Buckcherry,Borderline,rock,Lauryn Hill - Interlude 5,Twista - I'm A Winner (Amended Album Version),Beastie Boys - B-Boy Bouillabaisse: A.W.O.L. (2009 Digital Remaster),Lauryn Hill - Interlude 5,Twista - I'm A Winner (Amended Album Version),Beastie Boys - B-Boy Bouillabaisse: A.W.O.L. (2009 Digital Remaster),Blondie - Bang A Gong/Funtime (Live),Omarion - Slow Dancin',Del Amitri - Driving With The Brakes On,Omarion - Slow Dancin',Blondie - Bang A Gong/Funtime (Live),Del Amitri - Driving With The Brakes On,Mos Def - The Easy Spell,Kurupt - It Ain't About You,Beastie Boys - B-Boy Bouillabaisse: A.W.O.L. (2009 Digital Remaster),Mos Def - The Easy Spell,Whitney Houston - Thinking About You,TLC - Shock Dat Monkey,Rory Gallagher - Out On The Western Plain,T.Rex - London Boys,Dwight Yoakam - My Bucket's Got a Hole In It (2006 Remastered Live Version),Rory Gallagher - Out On The Western Plain,T.Rex - London Boys,Dwight Yoakam - My Bucket's Got a Hole In It (2006 Remastered Live Version)
TROLTZX128E0791C1A,SOJMWLO12CF5CFD711,ARK9TRQ1187B99C095,Nine Inch Nails,March Of The Pigs,rock,Lauryn Hill - Interlude 5,Daft Punk - Touch It / Technologic,Vanilla Ice - Ice Is Workin' It,Daft Punk - Touch It / Technologic,Vanilla Ice - Ice Is Workin' It,Lauryn Hill - Interlude 5,Kosheen - I Want It All,Incognito - Givin' It Up,Utada - The Workout,Kosheen - I Want It All,Utada - The Workout,Incognito - Givin' It Up,Twiztid - She Ain't Afraid,Lauryn Hill - Interlude 5,Set Your Goals - like you to me,Twiztid - She Ain't Afraid,Set Your Goals - like you to me,Korn - Let's Do This Now,Bad Boys Blue - Do What You Do,Korn - Let's Do This Now,Jonny Lang - Back For A Taste Of Your Love,Bad Boys Blue - Do What You Do,Korn - Let's Do This Now,Set Your Goals - like you to me
TRJZZCN128E07938C5,SOCKPDE12A8C142F18,ARK9TRQ1187B99C095,Nine Inch Nails,Burn,rock,Lauryn Hill - Interlude 5,Twista - I'm A Winner (Amended Album Version),Erykah Badu - I Want You,Lauryn Hill - Interlude 5,Twista - I'm A Winner (Amended Album Version),Erykah Badu - I Want You,Leonard Cohen - Iodine,Dawn of Relic - The Awakening,KATAKLYSM - Beyond Salvation,Leonard Cohen - Iodine,Dawn of Relic - The Awakening,Brian McKnight - The Biggest Part Of Me,Lauryn Hill - Interlude 5,Eminem - 8 Mile,Recoil - Curse,Ill Niño - Re-Birth,Ladyhawke - Crazy World,Seventh Day Slumber - Burning Bridges,Shadows Fall - A Fire In Babylon,Ladyhawke - Crazy World,Morcheeba - Part Of The Process,Shadows Fall - A Fire In Babylon,Ladyhawke - Crazy World,Morcheeba - Part Of The Process
TRCZLLQ128E0792778,SOQQTFV12A6701C5F6,ARK9TRQ1187B99C095,Nine Inch Nails,Something I Can Never Have,rock,Lauryn Hill - Interlude 5,Twista - I'm A Winner (Amended Album Version),Erykah Badu - I Want You,Lauryn Hill - Interlude 5,Twista - I'm A Winner (Amended Album Version),Erykah Badu - I Want You,Bouncing Souls_ The - Pervert,Eminem - Rabbit Run,Alexandra Burke - Overcome,Bouncing Souls_ The - Pervert,Eminem - Rabbit Run,Scars Of Life - Descending,Lauryn Hill - Interlude 5,Eminem - 8 Mile,Beastie Boys - B-Boy Bouillabaisse: A.W.O.L. (2009 Digital Remaster),Lauryn Hill - Interlude 5,Amber Pacific - The Right to Write Me Off,Alexandra Burke - Overcome,Field Music - You're Not Supposed To,The Offspring - Get It Right (Album Version),Alexandra Burke - Overcome,The Offspring - Get It Right (Album Version),Alexandra Burke - Overcome,Field Music - You're Not Supposed To
TRUIAKW128F428C787,SOKFHMY12A8C13EB40,AR16GSC1187B9A6291,Eagles,It's Your World Now,rock,Lauryn Hill - Interlude 5,Beastie Boys - B-Boy Bouillabaisse: A.W.O.L. (2009 Digital Remaster),Vanilla Ice - Ice Is Workin' It,Lauryn Hill - Interlude 5,Vanilla Ice - Ice Is Workin' It,Beastie Boys - B-Boy Bouillabaisse: A.W.O.L. (2009 Digital Remaster),M People - It's Your World,Dungeon Family - Trans DF Express,Jeru The Damaja - Physical Stamina,M People - It's Your World,Dungeon Family - Trans DF Express,Jeru The Damaja - Physical Stamina,Beastie Boys - B-Boy Bouillabaisse: A.W.O.L. (2009 Digital Remaster),Lauryn Hill - Interlude 5,Anastacia - Club Megamix,Sia - Lentil (Live),Anastacia - Club Megamix,The Pharcyde - Passin' Me By,Sia - Lentil (Live),Marty Robbins - Ribbon Of Darkness,Nightwish - Beauty And The Beast,Sia - Lentil (Live),Nightwish - Beauty And The Beast,Marty Robbins - Ribbon Of Darkness
TRCRHFK128F427FD8F,SOLBZDL12CF5F88BE5,AR5FP401187FB523C9,Bob Dylan,Something There Is About You,rock,Lauryn Hill - Interlude 5,Beastie Boys - B-Boy Bouillabaisse: A.W.O.L. (2009 Digital Remaster),Twista - I'm A Winner (Amended Album Version),Lauryn Hill - Interlude 5,Beastie Boys - B-Boy Bouillabaisse: A.W.O.L. (2009 Digital Remaster),Twista - I'm A Winner (Amended Album Version),Momus - Closer To You,Bobby Bare - Numbers,AZ - Rebirth,Momus - Closer To You,Bobby Bare - Numbers,AZ - Rebirth,Beastie Boys - B-Boy Bouillabaisse: A.W.O.L. (2009 Digital Remaster),Lauryn Hill - Interlude 5,Savatage - The Hourglass,Kero One - My Story,Beastie Boys - B-Boy Bouillabaisse: A.W.O.L. (2009 Digital Remaster),KRS-One - The Truth,B.B. King - All Over Again,The Statler Brothers - How Great Thou Art,Blind Pilot - Paint or Pollen,Kero One - My Story,Blues Traveler - Hook,Mac Lethal - Rotten Apple Pie
TRMOUUU128F14ADE16,SOJFEHH12A6BD546BE,ART1UFU1187FB4C9B6,Hawk Nelson,From Underneath,rock,Lauryn Hill - Interlude 5,Twista - I'm A Winner (Amended Album Version),Beastie Boys - B-Boy Bouillabaisse: A.W.O.L. (2009 Digital Remaster),Lauryn Hill - Interlude 5,Twista - I'm A Winner (Amended Album Version),Erykah Badu - I Want You,Clawfinger - Revenge,Angela Bofill - I Try,Rachael Yamagata - Even So,Clawfinger - Revenge,Angela Bofill - I Try,Rachael Yamagata - Even So,Lauryn Hill - Interlude 5,Beastie Boys - B-Boy Bouillabaisse: A.W.O.L. (2009 Digital Remaster),Eminem - 8 Mile,Lauryn Hill - Interlude 5,Amerie - Can't Let Go,Classified - Freezin In The Cold,Buck-O-Nine - New Generation,The Slackers - Dave's Friend,Gil Scott-Heron - Me And The Devil,Gil Scott-Heron - Me And The Devil,Buck-O-Nine - New Generation,The Slackers - Dave's Friend
TRCURQD128F427C75B,SORFOFF12A8C13B65E,ART1UFU1187FB4C9B6,Hawk Nelson,Turn It On,rock,Daft Punk - Touch It / Technologic,Vanilla Ice - Ice Is Workin' It,Lauryn Hill - Interlude 5,Daft Punk - Touch It / Technologic,Vanilla Ice - Ice Is Workin' It,Vanilla Ice - It's A Party,7 Seconds - Still On It,Gregory Isaac - Soon Forward,Daft Punk - Touch It / Technologic,7 Seconds - Still On It,Gregory Isaac - Soon Forward,Daft Punk - Touch It / Technologic,Lauryn Hill - Interlude 5,Alicia Keys - Tell You Something (Nana's Reprise),Beastie Boys - B-Boy Bouillabaisse: A.W.O.L. (2009 Digital Remaster),Alicia Keys - Tell You Something (Nana's Reprise),RBD - Wanna Play,Lauryn Hill - Oh Jerusalem,Travis - Turn,Alicia Keys - Tell You Something (Nana's Reprise),Gregory Isaac - Soon Forward,Travis - Turn,Alicia Keys - Tell You Something (Nana's Reprise),Crystal Waters - 100% Pure Love
TRRKJGZ128F148128F,SOAQCXS12D02191FC1,ART1UFU1187FB4C9B6,Hawk Nelson,Something On My Mind,rock,Lauryn Hill - Interlude 5,Beastie Boys - B-Boy Bouillabaisse: A.W.O.L. (2009 Digital Remaster),Eminem - 8 Mile,Lauryn Hill - Interlude 5,Beastie Boys - B-Boy Bouillabaisse: A.W.O.L. (2009 Digital Remaster),Eminem - 8 Mile,Violent Femmes - Add It Up,2Pac - Strictly 4 My N.I.G.G.A.Z.,Bad Cash Quartet - Valentine,Violent Femmes - Add It Up,2Pac - Strictly 4 My N.I.G.G.A.Z.,Aesop Rock - Battery,Beastie Boys - B-Boy Bouillabaisse: A.W.O.L. (2009 Digital Remaster),Lauryn Hill - Interlude 5,Eminem - 8 Mile,Beastie Boys - B-Boy Bouillabaisse: A.W.O.L. (2009 Digital Remaster),Michael Jackson - Man In The Mirror,Kanye West - Diamonds From Sierra Leone,Ferry Corsten - On My Mind,Bad Cash Quartet - Valentine,Sammie - I Like It (Remix),Ferry Corsten - On My Mind,Bad Cash Quartet - Valentine,Sammie - I Like It (Remix)
